会社名,組織体系区分,組織体系パターン,,組織体系改定日付,階層,,上位部門,,上位部門階層番号,部門コード,部門適用日付,部門終了日付　,部門名,部門名（略）,部門名（カナ）,部門名（英字）,代表計上部門,,計上区分,部門採番コード,部門所在地,,ＴＥＬ,ＦＡＸ,ＴＥＬ（国際表記）,ＦＡＸ（国際表記）,編集状態,移管先部門,,郵便番号,住所１,住所２,ＺＩＰコード,住所１（英字）,住所２（英字）,部門表示順序,計上部門
株式会社やさしい手,会計系販売系サブシステム,00002,会計系販売系組織体系,2025/11/1,1 ,全社,,,,0000000000,1900/1/2,9999/12/31,全社,全社,ｾﾞﾝｼｬ,,,,その他,,,,03-5433-5519,03-5433-5527,,,既存,,,,,,,,,001000000000000000000000000000,部門
株式会社やさしい手,会計系販売系サブシステム,00002,会計系販売系組織体系,2025/11/1,2 ,本社／支社,0000000000,全社,1 ,01,1900/1/2,9999/12/31,本社,本社,ﾎﾝｼｬ,,,,その他,,,,,,,,既存,,,,,,,,,001001000000000000000000000000,部門
株式会社やさしい手,会計系販売系サブシステム,00002,会計系販売系組織体系,2025/11/1,3 ,本　部,01,本社,2 ,0110,1900/1/2,9999/12/31,本社,本社,ﾎﾝｼｬ,,,,その他,,,,,,,,既存,,,,,,,,,001001001000000000000000000000,部門
株式会社やさしい手,会計系販売系サブシステム,00002,会計系販売系組織体系,2025/11/1,4 ,部,0110,本社,3 ,011010,1900/1/2,9999/12/31,本社,本社,ﾎﾝｼｬ,,,,その他,,,,03-5433-5513,03-5433-5512/5527,,,既存,,,,,,,,,001001001001000000000000000000,部門
株式会社やさしい手,会計系販売系サブシステム,00002,会計系販売系組織体系,2025/11/1,5 ,課,011010,本社,4 ,01101010,1900/1/2,9999/12/31,役員室,役員室,ﾔｸｲﾝｼﾂ,,,,間接部門,,,,,,,,既存,,,,,,,,,001001001001001000000000000000,計上部門
株式会社やさしい手,会計系販売系サブシステム,00002,会計系販売系組織体系,2025/11/1,5 ,課,011010,本社,4 ,01101025,1900/1/2,9999/12/31,【使用不可】旧　広報室,【不】旧　広報室,ｷｭｳ ｺｳﾎｳｼﾂ,,,,間接部門,,,,03-5433-5513,03-5433-5512/5527,,,既存,,,,,,,,,001001001001003000000000000000,計上部門
株式会社やさしい手,会計系販売系サブシステム,00002,会計系販売系組織体系,2025/11/1,5 ,課,011010,本社,4 ,01101030,1900/1/2,9999/12/31,内部監査室,内部監査室,ﾅｲﾌﾞｶﾝｻｼﾂ,,,,間接部門,,,,,,,,既存,,,,,,,,,001001001001004000000000000000,計上部門
株式会社やさしい手,会計系販売系サブシステム,00002,会計系販売系組織体系,2025/11/1,3 ,本　部,01,本社,2 ,0750,2014/8/1,9999/12/31,全社地域連携部,全社地域連携部,ｾﾞﾝｼｬﾁｲｷﾚﾝｹｲﾌﾞ,,,,その他,,,,,,,,既存,,,,,,,,,001001003000000000000000000000,部門
株式会社やさしい手,会計系販売系サブシステム,00002,会計系販売系組織体系,2025/11/1,4 ,部,0750,全社地域連携部,3 ,075030,2014/8/1,9999/12/31,【使用不可】全社営業推進室,【不】全社営業推進室,ｾﾞﾝｼｬｴｲｷﾞｮｳｽｲｼﾝｼﾂ,,,,間接部門,,,,,,,,既存,,,,,,,,,001001003002000000000000000000,部門
株式会社やさしい手,会計系販売系サブシステム,00002,会計系販売系組織体系,2025/11/1,5 ,課,075030,【不】全社営業推進室,4 ,07503010,2014/8/1,9999/12/31,【使用不可】全社営業推進室,【不】全社営業推進室,ｾﾞﾝｼｬｴｲｷﾞｮｳｽｲｼﾝｼﾂ,,,,間接部門,,,,,,,,既存,,,,,,,,,001001003002001000000000000000,計上部門
株式会社やさしい手,会計系販売系サブシステム,00002,会計系販売系組織体系,2025/11/1,4 ,部,0750,全社地域連携部,3 ,075070,2014/8/1,9999/12/31,全社営業推進課1,全社営業推進課1,ｾﾞﾝｼｬｴｲｷﾞｮｳｽｲｼﾝｶｲﾁ,,,,間接部門,,,,,,,,既存,,,,,,,,,001001003004000000000000000000,部門
株式会社やさしい手,会計系販売系サブシステム,00002,会計系販売系組織体系,2025/11/1,5 ,課,075070,全社営業推進課1,4 ,07507010,2014/8/1,9999/12/31,全社営業推進課1準備室,全社営業推進課1準,ｾﾞﾝｼｬｴｲｷﾞｮｳｽｲｼﾝｶｲﾁｼﾞｭﾝﾋﾞｼﾂ,,,,間接部門,,,,,,,,既存,,,,,,,,,001001003004001000000000000000,計上部門
株式会社やさしい手,会計系販売系サブシステム,00002,会計系販売系組織体系,2025/11/1,4 ,部,0750,全社地域連携部,3 ,075090,2014/8/1,9999/12/31,全社営業推進課2,全社営業推進課2,ｾﾞﾝｼｬｴｲｷﾞｮｳｽｲｼﾝｶﾆ,,,,間接部門,,,,,,,,既存,,,,,,,,,001001003005000000000000000000,部門
株式会社やさしい手,会計系販売系サブシステム,00002,会計系販売系組織体系,2025/11/1,5 ,課,075090,全社営業推進課2,4 ,07509010,2014/8/1,9999/12/31,全社営業推進課2準備室,全社営業推進課2準,ｾﾞﾝｼｬｴｲｷﾞｮｳｽｲｼﾝｶﾆｼﾞｭﾝﾋﾞｼﾂ,,,,間接部門,,,,,,,,既存,,,,,,,,,001001003005001000000000000000,計上部門
株式会社やさしい手,会計系販売系サブシステム,00002,会計系販売系組織体系,2025/11/1,3 ,本　部,01,本社,2 ,0120,2016/9/1,9999/12/31,本社コスト部門合計,本社コスト部門合計,ﾎﾝｼｬｺｽﾄﾌﾞﾓﾝｺﾞｳｹｲ,,,,その他,,,,,,,,既存,,,,,,,,,001001004000000000000000000000,部門
株式会社やさしい手,会計系販売系サブシステム,00002,会計系販売系組織体系,2025/11/1,4 ,部,0120,本社コスト部門合計,3 ,012010,2016/9/1,9999/12/31,本社コスト部門合計,本社コスト部門合計,ﾎﾝｼｬｺｽﾄﾌﾞﾓﾝｺﾞｳｹｲ,,,,その他,,,,,,,,既存,,,,,,,,,001001004001000000000000000000,部門
株式会社やさしい手,会計系販売系サブシステム,00002,会計系販売系組織体系,2025/11/1,5 ,課,012010,本社コスト部門合計,4 ,02101040,2016/9/1,9999/12/31,管理コスト,管理コスト,ｶﾝﾘｺｽﾄ,,,,間接部門,,,,,,,,既存,,,,,,,,,001001004001001000000000000000,計上部門
株式会社やさしい手,会計系販売系サブシステム,00002,会計系販売系組織体系,2025/11/1,5 ,課,012010,本社コスト部門合計,4 ,02101030,2016/9/1,9999/12/31,財務コスト,財務コスト,ｻﾞｲﾑｺｽﾄ,,,,間接部門,,,,03-5433-5519,03-5433-5527,,,既存,,,,,,,,,001001004001002000000000000000,計上部門
株式会社やさしい手,会計系販売系サブシステム,00002,会計系販売系組織体系,2025/11/1,5 ,課,012010,本社コスト部門合計,4 ,07511010,2016/9/1,9999/12/31,全社営業推進課3準備室,全社営業推進課3準,ｾﾞﾝｼｬｴｲｷﾞｮｳｽｲｼﾝｶｻﾝｼﾞｭﾝﾋﾞｼﾂ,,,,間接部門,,,,,,,,既存,,,,,,,,,001001004001003000000000000000,計上部門
株式会社やさしい手,会計系販売系サブシステム,00002,会計系販売系組織体系,2025/11/1,2 ,本社／支社,0000000000,全社,1 ,04,1900/1/2,9999/12/31,管理本部,管理本部,ｶﾝﾘﾎﾝﾌﾞ,,,,その他,,,,03-5433-5519,03-5433-5527,,,既存,,,,,,,,,001002000000000000000000000000,部門
株式会社やさしい手,会計系販売系サブシステム,00002,会計系販売系組織体系,2025/11/1,3 ,本　部,04,管理本部,2 ,0210,1900/1/2,9999/12/31,経理部,経理部,ｹｲﾘﾌﾞ,,,,その他,,,,03-5433-5519,03-5433-5527,,,既存,,,,,,,,,001002001000000000000000000000,部門
株式会社やさしい手,会計系販売系サブシステム,00002,会計系販売系組織体系,2025/11/1,4 ,部,0210,経理部,3 ,021010,1900/1/2,9999/12/31,経理部,経理部,ｹｲﾘﾌﾞ,,,,その他,,,,03-5433-5519,03-5433-5527,,,既存,,,,,,,,,001002001001000000000000000000,部門
株式会社やさしい手,会計系販売系サブシステム,00002,会計系販売系組織体系,2025/11/1,5 ,課,021010,経理部,4 ,02101010,1900/1/2,9999/12/31,経理グループ,経理グループ,ｹｲﾘｸﾞﾙｰﾌﾟ,,,,間接部門,,,,03-5433-5519,03-5433-5527,,,既存,,,,,,,,,001002001001001000000000000000,計上部門
株式会社やさしい手,会計系販売系サブシステム,00002,会計系販売系組織体系,2025/11/1,5 ,課,021010,経理部,4 ,02101020,1900/1/2,9999/12/31,財務グループ,財務グループ,ｻﾞｲﾑｸﾞﾙｰﾌﾟ,,,,間接部門,,,,03-5433-5519,03-5433-5527,,,既存,,,,,,,,,001002001001002000000000000000,計上部門
株式会社やさしい手,会計系販売系サブシステム,00002,会計系販売系組織体系,2025/11/1,5 ,課,021010,経理部,4 ,02101025,1900/1/2,9999/12/31,【使用不可】営業経理課,【不】営業経理課,ｴｲｷﾞｮｳｹｲﾘｶ,,,,その他,,,,03-5433-5519,03-5433-5527,,,既存,,,,,,,,,001002001001003000000000000000,計上部門
株式会社やさしい手,会計系販売系サブシステム,00002,会計系販売系組織体系,2025/11/1,3 ,本　部,04,管理本部,2 ,0310,1900/1/2,9999/12/31,総合サポート部,総合サポート部,ｿｳｺﾞｳｻﾎﾟｰﾄﾌﾞ,,,,その他,,,,03-5433-5519,03-5433-5527,,,既存,,,,,,,,,001002002000000000000000000000,部門
株式会社やさしい手,会計系販売系サブシステム,00002,会計系販売系組織体系,2025/11/1,4 ,部,0310,総合サポート部,3 ,031010,1900/1/2,9999/12/31,総合サポート課,総合サポート課,ｿｳｺﾞｳｻﾎﾟｰﾄｶ,,,,その他,,,,03-5433-5519,03-5433-5527,,,既存,,,,,,,,,001002002001000000000000000000,部門
株式会社やさしい手,会計系販売系サブシステム,00002,会計系販売系組織体系,2025/11/1,5 ,課,031010,総合サポート課,4 ,03101010,1900/1/2,9999/12/31,ｻﾎﾟｰﾄｸﾞﾙｰﾌﾟ,ｻﾎﾟｰﾄｸﾞﾙｰﾌﾟ,ｻﾎﾟｰﾄｸﾞﾙｰﾌﾟ,,,,間接部門,,,,03-5433-5519,03-5433-5527,,,既存,,,,,,,,,001002002001001000000000000000,計上部門
株式会社やさしい手,会計系販売系サブシステム,00002,会計系販売系組織体系,2025/11/1,5 ,課,031010,総合サポート課,4 ,03101050,1900/1/2,9999/12/31,ﾁｬﾚﾝｼﾞｸﾞﾙｰﾌﾟ,ﾁｬﾚﾝｼﾞｸﾞﾙｰﾌﾟ,ﾁｬﾚﾝｼﾞｸﾞﾙｰﾌﾟ,,,,間接部門,,,,03-5433-5519,03-5433-5527,,,既存,,,,,,,,,001002002001003000000000000000,計上部門
株式会社やさしい手,会計系販売系サブシステム,00002,会計系販売系組織体系,2025/11/1,5 ,課,031010,総合サポート課,4 ,03101060,2021/7/1,9999/12/31,法務総務グループ,法務総務グループ,ﾎｳﾑｿｳﾑｸﾞﾙｰﾌﾟ,,,,間接部門,,,,,,,,既存,,,,,,,,,001002002001005000000000000000,計上部門
株式会社やさしい手,会計系販売系サブシステム,00002,会計系販売系組織体系,2025/11/1,5 ,課,031010,総合サポート課,4 ,03101100,2021/7/1,9999/12/31,営業経理グループ,営業経理グループ,ｴｲｷﾞｮｳｹｲﾘｸﾞﾙｰﾌﾟ,,,,間接部門,,,,,,,,既存,,,,,,,,,001002002001008000000000000000,計上部門
株式会社やさしい手,会計系販売系サブシステム,00002,会計系販売系組織体系,2025/11/1,4 ,部,0310,総合サポート部,3 ,031090,2016/7/1,9999/12/31,【使用不可】全店統括課,【不】全店統括課,ｾﾞﾝﾃﾝﾄｳｶﾂｶ,,,,その他,,,,,,,,既存,,,,,,,,,001002002002000000000000000000,部門
株式会社やさしい手,会計系販売系サブシステム,00002,会計系販売系組織体系,2025/11/1,5 ,課,031090,【不】全店統括課,4 ,03109010,2016/7/1,9999/12/31,【使用不可】支社長集合課,【不】支社長集合課,ｼｼｬﾁｮｳｼｭｳｺﾞｳｶ,,,,間接部門,,,,,,,,既存,,,,,,,,,001002002002001000000000000000,計上部門
株式会社やさしい手,会計系販売系サブシステム,00002,会計系販売系組織体系,2025/11/1,5 ,課,031090,【不】全店統括課,4 ,03109020,2016/7/1,9999/12/31,【使用不可】部長集合課,【不】部長集合課,ﾌﾞﾁｮｳｼｭｳｺﾞｳｶ,,,,間接部門,,,,,,,,既存,,,,,,,,,001002002002002000000000000000,計上部門
株式会社やさしい手,会計系販売系サブシステム,00002,会計系販売系組織体系,2025/11/1,5 ,課,031090,【不】全店統括課,4 ,03109030,2016/7/1,9999/12/31,【使用不可】2店舗店長集合課,【不】2店舗店長集合,ﾆﾃﾝﾎﾟﾃﾝﾁｮｳｼｭｳｺﾞｳｶ,,,,間接部門,,,,,,,,既存,,,,,,,,,001002002002003000000000000000,計上部門
株式会社やさしい手,会計系販売系サブシステム,00002,会計系販売系組織体系,2025/11/1,5 ,課,031090,【不】全店統括課,4 ,03109040,2016/7/1,9999/12/31,【使用不可】総合サポート準備室①,【不】総合ｻﾎﾟｰﾄ準①,ｿｳｺﾞｳｻﾎﾟｰﾄｼﾞｭﾝﾋﾞｼﾂ,,,,間接部門,,,,,,,,既存,,,,,,,,,001002002002004000000000000000,計上部門
株式会社やさしい手,会計系販売系サブシステム,00002,会計系販売系組織体系,2025/11/1,3 ,本　部,04,管理本部,2 ,0460,2015/2/1,9999/12/31,【使用不可】出店管理部,【不】出店管理部,ｼｭｯﾃﾝｶﾝﾘﾌﾞ,,,,間接部門,,,,,,,,既存,,,,,,,,,001002004000000000000000000000,部門
株式会社やさしい手,会計系販売系サブシステム,00002,会計系販売系組織体系,2025/11/1,4 ,部,0460,【不】出店管理部,3 ,203220,2015/2/1,9999/12/31,【使用不可】案件開発課,【不】案件開発課,ｱﾝｹﾝｶｲﾊﾂｶ,,,,その他,,,,03-5433-5519,03-5433-5527,,,既存,,,,,,,,,001002004001000000000000000000,部門
株式会社やさしい手,会計系販売系サブシステム,00002,会計系販売系組織体系,2025/11/1,5 ,課,203220,【不】案件開発課,4 ,07201050,2015/2/1,9999/12/31,【使用不可】案件開発課,【不】案件開発課,ｱﾝｹﾝｶｲﾊﾂｶ,,,,間接部門,,,,03-5433-5519,03-5433-5527,,,既存,,,,,,,,,001002004001001000000000000000,計上部門
株式会社やさしい手,会計系販売系サブシステム,00002,会計系販売系組織体系,2025/11/1,2 ,本社／支社,0000000000,全社,1 ,10,2016/1/1,9999/12/31,【使用不可】人材紹介派遣事業部,【不】人材紹介派遣事,ｼﾞﾝｻﾞｲｼｮｳｶｲﾊｹﾝｼﾞｷﾞｮｳﾌﾞ,,,,その他,,,,03-5433-5081,03-5433-5083,,,既存,,,,,,,,,001005000000000000000000000000,計上部門
株式会社やさしい手,会計系販売系サブシステム,00002,会計系販売系組織体系,2025/11/1,2 ,本社／支社,0000000000,全社,1 ,YY,2024/3/1,9999/12/31,【使用不可】Gv廃止組織,【不】Gv廃止組織,ｼﾞｰﾌｧｲﾌﾞﾊｲｼｿｼｷ,,,,その他,,,,,,,,既存,,,,,,,,,001011000000000000000000000000,計上部門
株式会社やさしい手,会計系販売系サブシステム,00002,会計系販売系組織体系,2025/11/1,2 ,本社／支社,0000000000,全社,1 ,05,2014/10/1,9999/12/31,【使用不可】東京南支部,【不】東京南支部,ﾄｳｷｮｳﾐﾅﾐｼﾌﾞ,,,,その他,,,,,,,,既存,,,,,,,,,001012000000000000000000000000,部門
株式会社やさしい手,会計系販売系サブシステム,00002,会計系販売系組織体系,2025/11/1,3 ,本　部,05,【不】東京南支部,2 ,2001,2014/10/1,9999/12/31,【使用不可】東京営業推進部,【不】東京営業推進部,ﾄｳｷｮｳｴｲｷﾞｮｳｽｲｼﾝﾌﾞ,,,,その他,,,,,,,,既存,,,,,,,,,001012002000000000000000000000,部門
株式会社やさしい手,会計系販売系サブシステム,00002,会計系販売系組織体系,2025/11/1,4 ,部,2001,【不】東京営業推進部,3 ,200110,2014/10/1,9999/12/31,【使用不可】東京営業推進課,【不】東京営業推進課,ﾄｳｷｮｳｴｲｷﾞｮｳｽｲｼﾝｶ,,,,その他,,,,,,,,既存,,,,,,,,,001012002001000000000000000000,部門
株式会社やさしい手,会計系販売系サブシステム,00002,会計系販売系組織体系,2025/11/1,5 ,課,200110,【不】東京営業推進課,4 ,20011010,2014/10/1,9999/12/31,【使用不可】東京営業推進課,【不】東京営業推進課,ﾄｳｷｮｳｴｲｷﾞｮｳｽｲｼﾝｶ,,,,間接部門,,,,,,,,既存,,,,,,,,,001012002001001000000000000000,計上部門
株式会社やさしい手,会計系販売系サブシステム,00002,会計系販売系組織体系,2025/11/1,5 ,課,200110,【不】東京営業推進課,4 ,20011015,2014/10/1,9999/12/31,【使用不可】東京営業管理課,【不】東京営業管理課,ﾄｳｷｮｳｴｲｷﾞｮｳｶﾝﾘｶ,,,,間接部門,,,,,,,,既存,,,,,,,,,001012002001002000000000000000,計上部門
株式会社やさしい手,会計系販売系サブシステム,00002,会計系販売系組織体系,2025/11/1,5 ,課,200110,【不】東京営業推進課,4 ,20011025,2014/10/1,9999/12/31,【使用不可】東京介護支援推進課,【不】東京介護支援推,ﾄｳｷｮｳｶｲｺﾞｼｴﾝｽｲｼﾝｶ,,,,間接部門,,,,03-5433-5517,03-5433-5561,,,既存,,,,,,,,,001012002001003000000000000000,計上部門
株式会社やさしい手,会計系販売系サブシステム,00002,会計系販売系組織体系,2025/11/1,4 ,部,2001,【不】東京営業推進部,3 ,203527,2014/10/1,9999/12/31,【使用不可】新店開発課,【不】新店開発課,ｼﾝﾃﾝｶｲﾊﾂｶ,,,,その他,,,,,,,,既存,,,,,,,,,001012002002000000000000000000,部門
株式会社やさしい手,会計系販売系サブシステム,00002,会計系販売系組織体系,2025/11/1,5 ,課,203527,【不】新店開発課,4 ,20352730,2014/10/1,9999/12/31,【使用不可】新店開発,【不】新店開発,ｼﾝﾃﾝｶｲﾊﾂｶ,,,,間接部門,,,,,,,,既存,,,,,,,,,001012002002001000000000000000,計上部門
株式会社やさしい手,会計系販売系サブシステム,00002,会計系販売系組織体系,2025/11/1,4 ,部,2001,【不】東京営業推進部,3 ,209020,2014/10/1,9999/12/31,【使用不可】東京通所推進課,【不】東京通所推進課,ﾄｳｷｮｳﾂｳｼｮｽｲｼﾝｶ,,,,その他,,,,,,,,既存,,,,,,,,,001012002003000000000000000000,部門
株式会社やさしい手,会計系販売系サブシステム,00002,会計系販売系組織体系,2025/11/1,5 ,課,209020,【不】東京通所推進課,4 ,20011060,2014/10/1,9999/12/31,【使用不可】東京通所推進課,【不】東京通所推進課,ﾄｳｷｮｳﾂｳｼｮｽｲｼﾝｶ,,,,間接部門,,,,,,,,既存,,,,,,,,,001012002003001000000000000000,計上部門
株式会社やさしい手,会計系販売系サブシステム,00002,会計系販売系組織体系,2025/11/1,5 ,課,209020,【不】東京通所推進課,4 ,20051060,2014/10/1,9999/12/31,【使用不可】通所開発課,【不】通所開発課,ﾂｳｼｮｶｲﾊﾂｶ,,,,間接部門,,,,,,,,既存,,,,,,,,,001012002003002000000000000000,計上部門
株式会社やさしい手,会計系販売系サブシステム,00002,会計系販売系組織体系,2025/11/1,5 ,課,209020,【不】東京通所推進課,4 ,20197060,2014/10/1,9999/12/31,【使用不可】ﾃﾞｲ準備1,【不】ﾃﾞｲ準備1,ﾃﾞｲｼﾞｭﾝﾋﾞｲﾁ,,,,間接部門,,,,,,,,既存,,,,,,,,,001012002003003000000000000000,計上部門
株式会社やさしい手,会計系販売系サブシステム,00002,会計系販売系組織体系,2025/11/1,5 ,課,209020,【不】東京通所推進課,4 ,20227060,2014/10/1,9999/12/31,【使用不可】ﾃﾞｲ新小岩準備室,【不】ﾃﾞｲ新小岩準,ﾃﾞｲｼﾝｺｲﾜｼﾞｭﾝﾋﾞｼﾂ,,,,直接部門,,,,,,,,既存,,,,,,,,,001012002003004000000000000000,計上部門
株式会社やさしい手,会計系販売系サブシステム,00002,会計系販売系組織体系,2025/11/1,5 ,課,209020,【不】東京通所推進課,4 ,20287060,2014/10/1,9999/12/31,【使用不可】ﾃﾞｲ準備2,【不】ﾃﾞｲ準備2,ﾃﾞｲｼﾞｭﾝﾋﾞﾆ,,,,間接部門,,,,,,,,既存,,,,,,,,,001012002003005000000000000000,計上部門
株式会社やさしい手,会計系販売系サブシステム,00002,会計系販売系組織体系,2025/11/1,4 ,部,2001,【不】東京営業推進部,3 ,209021,2014/10/1,9999/12/31,【使用不可】東京住環境推進課,【不】東京住環境推進,ﾄｳｷｮｳｼﾞｭｳｶﾝｷｮｳｽｲｼﾝｶ,,,,その他,,,,,,,,既存,,,,,,,,,001012002004000000000000000000,部門
株式会社やさしい手,会計系販売系サブシステム,00002,会計系販売系組織体系,2025/11/1,5 ,課,209021,【不】東京住環境推進,4 ,20902160,2014/10/1,9999/12/31,【使用不可】東京住環境推進課,【不】東京住環境推進,ﾄｳｷｮｳｼﾞｭｳｶﾝｷｮｳｽｲｼﾝｶ,,,,その他,,,,,,,,既存,,,,,,,,,001012002004001000000000000000,計上部門
株式会社やさしい手,会計系販売系サブシステム,00002,会計系販売系組織体系,2025/11/1,4 ,部,2001,【不】東京営業推進部,3 ,209025,2014/10/1,9999/12/31,【使用不可】東京入浴推進課,【不】東京入浴推進課,ﾄｳｷｮｳﾆｭｳﾖｸｽｲｼﾝｶ,,,,その他,,,,,,,,既存,,,,,,,,,001012002005000000000000000000,部門
株式会社やさしい手,会計系販売系サブシステム,00002,会計系販売系組織体系,2025/11/1,5 ,課,209025,【不】東京入浴推進課,4 ,20902560,2014/10/1,9999/12/31,【使用不可】東京入浴推進課,【不】東京入浴推進課,ﾄｳｷｮｳﾆｭｳﾖｸｽｲｼﾝｶ,,,,その他,,,,,,,,既存,,,,,,,,,001012002005001000000000000000,計上部門
株式会社やさしい手,会計系販売系サブシステム,00002,会計系販売系組織体系,2025/11/1,4 ,部,2001,【不】東京営業推進部,3 ,209027,2014/10/1,9999/12/31,【使用不可】東京看護推進課,【不】東京看護推進課,ﾄｳｷｮｳｶﾝｺﾞｽｲｼﾝｶ,,,,間接部門,,,,,,,,既存,,,,,,,,,001012002006000000000000000000,部門
株式会社やさしい手,会計系販売系サブシステム,00002,会計系販売系組織体系,2025/11/1,5 ,課,209027,【不】東京看護推進課,4 ,20902760,2014/10/1,9999/12/31,【使用不可】東京看護推進課,【不】東京看護推進課,ﾄｳｷｮｳｶﾝｺﾞｽｲｼﾝｶ,,,,間接部門,,,,,,,,既存,,,,,,,,,001012002006001000000000000000,計上部門
株式会社やさしい手,会計系販売系サブシステム,00002,会計系販売系組織体系,2025/11/1,3 ,本　部,05,【不】東京南支部,2 ,2051,2014/10/1,9999/12/31,【使用不可】東京南支部訪問介護事業部,【不】東京南訪問介護,ﾄｳｷｮｳﾐﾅﾐｼﾌﾞﾎｳﾓﾝｶｲｺﾞｼﾞｷﾞｮｳﾌﾞ,,,,その他,,,,,,,,既存,,,,,,,,,001012003000000000000000000000,部門
株式会社やさしい手,会計系販売系サブシステム,00002,会計系販売系組織体系,2025/11/1,4 ,部,2051,【不】東京南訪問介護,3 ,201005,2014/10/1,9999/12/31,【使用不可】城南世田谷統括課,【不】城南世田谷統括,ｼﾞｮｳﾅﾝｾﾀｶﾞﾔﾄｳｶﾂｶ,,,,その他,,,,,,,,既存,,,,,,,,,001012003001000000000000000000,部門
株式会社やさしい手,会計系販売系サブシステム,00002,会計系販売系組織体系,2025/11/1,5 ,課,201005,【不】城南世田谷統括,4 ,20100503,2014/10/1,9999/12/31,【使用不可】城南世田谷統括（訪,【不】城南世田谷統括,ｼﾞｮｳﾅﾝｾﾀｶﾞﾔﾄｳｶﾂ(ﾎｳﾓﾝｶｲｺﾞ),,,,間接部門,,,,,,,,既存,,,,,,,,,001012003001001000000000000000,計上部門
株式会社やさしい手,会計系販売系サブシステム,00002,会計系販売系組織体系,2025/11/1,4 ,部,2051,【不】東京南訪問介護,3 ,201010,2014/10/1,9999/12/31,【使用不可】池尻大橋事業所,【不】池尻大橋事業所,ｲｹｼﾞﾘｵｵﾊｼｼﾞｷﾞｮｳｼｮ,,,,その他,,,,03-5465-1823,03-5465-1822,,,既存,,,,,,,,,001012003002000000000000000000,部門
株式会社やさしい手,会計系販売系サブシステム,00002,会計系販売系組織体系,2025/11/1,5 ,課,201010,【不】池尻大橋事業所,4 ,20101030,2014/10/1,9999/12/31,【使用不可】池尻大橋訪問介護課,【不】池尻大橋訪問介,ｲｹｼﾞﾘｵｵﾊｼﾎｳﾓﾝｶｲｺﾞｶ,,,,直接部門,,,,,,,,既存,,,,,,,,,001012003002001000000000000000,計上部門
株式会社やさしい手,会計系販売系サブシステム,00002,会計系販売系組織体系,2025/11/1,4 ,部,2051,【不】東京南訪問介護,3 ,201025,2014/10/1,9999/12/31,【使用不可】幡ヶ谷事業所,【不】幡ヶ谷事業所,ﾊﾀｶﾞﾔｼﾞｷﾞｮｳｼｮ,,,,その他,,,,03-5308-5011,03-5308-5020,,,既存,,,,,,,,,001012003004000000000000000000,部門
株式会社やさしい手,会計系販売系サブシステム,00002,会計系販売系組織体系,2025/11/1,5 ,課,201025,【不】幡ヶ谷事業所,4 ,20102530,2014/10/1,9999/12/31,【使用不可】幡ヶ谷訪問介護課,【不】幡ヶ谷訪問介護,ﾊﾀｶﾞﾔﾎｳﾓﾝｶｲｺﾞｶ,,,,直接部門,,,,03-5308-5011,03-5308-5020,,,既存,,,,,,,,,001012003004001000000000000000,計上部門
株式会社やさしい手,会計系販売系サブシステム,00002,会計系販売系組織体系,2025/11/1,3 ,本　部,05,【不】東京南支部,2 ,2087,2014/10/1,9999/12/31,【使用不可】東京南支部居宅支援事業部,【不】東京南居宅支援,ﾄｳｷｮｳﾐﾅﾐｷｮﾀｸｼｴﾝｼﾞｷﾞｮｳﾌﾞ,,,,その他,,,,,,,,既存,,,,,,,,,001012008000000000000000000000,部門
株式会社やさしい手,会計系販売系サブシステム,00002,会計系販売系組織体系,2025/11/1,4 ,部,2087,【不】東京南居宅支援,3 ,208710,2014/10/1,9999/12/31,【使用不可】東京南居宅統括課,【不】東京南居宅統括,ﾄｳｷｮｳｷｮﾀｸﾄｳｶﾂｶ,,,,その他,,,,03-5433-5517,03-5433-5561,,,既存,,,,,,,,,001012008001000000000000000000,部門
株式会社やさしい手,会計系販売系サブシステム,00002,会計系販売系組織体系,2025/11/1,5 ,課,208710,【不】東京南居宅統括,4 ,20100510,2014/10/1,9999/12/31,【使用不可】東京南居宅統括課,【不】東京南居宅統括,ﾄｳｷｮｳｷｮﾀｸﾄｳｶﾂｶ,,,,間接部門,,,,03-5433-5517,03-5433-5561,,,既存,,,,,,,,,001012008001001000000000000000,計上部門
株式会社やさしい手,会計系販売系サブシステム,00002,会計系販売系組織体系,2025/11/1,5 ,課,208710,【不】東京南居宅統括,4 ,20100520,2014/10/1,9999/12/31,【使用不可】本部居宅介護支援部門,【不】本部支援,ﾎﾝﾌﾞｶｲｺﾞｼｴﾝｶ,,,,間接部門,,,,03-5433-5517,03-5433-5561,,,既存,,,,,,,,,001012008001002000000000000000,計上部門
株式会社やさしい手,会計系販売系サブシステム,00002,会計系販売系組織体系,2025/11/1,4 ,部,2087,【不】東京南居宅支援,3 ,208715,2014/10/1,9999/12/31,【使用不可】城南グループ,【不】城南グループ,ｼﾞｮｳﾅﾝｸﾞﾙｰﾌﾟ,,,,その他,,,,,,,,既存,,,,,,,,,001012008002000000000000000000,部門
株式会社やさしい手,会計系販売系サブシステム,00002,会計系販売系組織体系,2025/11/1,5 ,課,208715,【不】城南グループ,4 ,20100502,2014/10/1,9999/12/31,【使用不可】城南統括（介護支援）,【不】城南(支),ｼﾞｮｳﾅﾝﾄｳｶﾂ(ｶｲｺﾞｼｴﾝ),,,,間接部門,,,,,,,,既存,,,,,,,,,001012008002001000000000000000,計上部門
株式会社やさしい手,会計系販売系サブシステム,00002,会計系販売系組織体系,2025/11/1,4 ,部,2087,【不】東京南居宅支援,3 ,208720,2014/10/1,9999/12/31,【使用不可】世田谷グループ,【不】世田谷グループ,ｾﾀｶﾞﾔｸﾞﾙｰﾌﾟ,,,,その他,,,,,,,,既存,,,,,,,,,001012008003000000000000000000,部門
株式会社やさしい手,会計系販売系サブシステム,00002,会計系販売系組織体系,2025/11/1,5 ,課,208720,【不】世田谷グループ,4 ,20150502,2014/10/1,9999/12/31,【使用不可】世田谷統括（介護支援）,【不】世田谷(支),ｾﾀｶﾞﾔﾄｳｶﾂ(ｶｲｺﾞｼｴﾝ),,,,間接部門,,,,,,,,既存,,,,,,,,,001012008003001000000000000000,計上部門
株式会社やさしい手,会計系販売系サブシステム,00002,会計系販売系組織体系,2025/11/1,5 ,課,208720,【不】世田谷グループ,4 ,20155020,2014/10/1,9999/12/31,【使用不可】玉川居宅介護支援部門,【不】玉川居宅介護支,ﾀﾏｶﾞﾜｶｲｺﾞｼｴﾝｶｱ,,,,直接部門,,,,,,,,既存,,,,,,,,,001012008003005000000000000000,計上部門
株式会社やさしい手,会計系販売系サブシステム,00002,会計系販売系組織体系,2025/11/1,4 ,部,2087,【不】東京南居宅支援,3 ,208750,2017/8/1,9999/12/31,【使用不可】笹塚介護支援課準備室,【不】笹塚支援準備室,ｻｻﾂﾞｶｶｲｺﾞｼｴﾝｶｼﾞｭﾝﾋﾞｼﾂ,,,,その他,,,,,,,,既存,,,,,,,,,001012008018000000000000000000,部門
株式会社やさしい手,会計系販売系サブシステム,00002,会計系販売系組織体系,2025/11/1,5 ,課,208750,【不】笹塚支援準備室,4 ,20875010,2017/8/1,9999/12/31,【使用不可】笹塚介護支援課準備室,【不】笹塚支援準備室,ｻｻﾂﾞｶｶｲｺﾞｼｴﾝｶｼﾞｭﾝﾋﾞｼﾂ,,,,直接部門,,,,,,,,既存,,,,,,,,,001012008018001000000000000000,計上部門
株式会社やさしい手,会計系販売系サブシステム,00002,会計系販売系組織体系,2025/11/1,3 ,本　部,05,【不】東京南支部,2 ,2090,2014/10/1,9999/12/31,【使用不可】東京南支部通所介護事業部,【不】東京南通所介護,ﾄｳｷｮｳﾐﾅﾐﾂｳｼｮｶｲｺﾞｼﾞｷﾞｮｳﾌﾞ,,,,その他,,,,,,,,既存,,,,,,,,,001012009000000000000000000000,部門
株式会社やさしい手,会計系販売系サブシステム,00002,会計系販売系組織体系,2025/11/1,4 ,部,2090,【不】東京南通所介護,3 ,209030,2014/10/1,9999/12/31,【使用不可】東京南通所統括課,【不】東京南通所統括,ﾄｳｷｮｳﾂｳｼｮﾄｳｶﾂｶ,,,,その他,,,,,,,,既存,,,,,,,,,001012009001000000000000000000,部門
株式会社やさしい手,会計系販売系サブシステム,00002,会計系販売系組織体系,2025/11/1,5 ,課,209030,【不】東京南通所統括,4 ,20903060,2014/10/1,9999/12/31,【使用不可】東京南通所統括課,【不】東京南通所統括,ﾄｳｷｮｳﾂｳｼｮﾄｳｶﾂｶ,,,,その他,,,,,,,,既存,,,,,,,,,001012009001010000000000000000,計上部門
株式会社やさしい手,会計系販売系サブシステム,00002,会計系販売系組織体系,2025/11/1,4 ,部,2090,【不】東京南通所介護,3 ,208370,2016/9/1,9999/12/31,【使用不可】準備室①,【不】準備室①,ｼﾞｭﾝﾋﾞｼﾂｲﾁ,,,,その他,,,,,,,,既存,,,,,,,,,001012009010000000000000000000,部門
株式会社やさしい手,会計系販売系サブシステム,00002,会計系販売系組織体系,2025/11/1,5 ,課,208370,【不】準備室①,4 ,20837060,2016/9/1,9999/12/31,【使用不可】準備室①,【不】準備室①,ｼﾞｭﾝﾋﾞｼﾂｲﾁ,,,,その他,,,,,,,,既存,,,,,,,,,001012009010001000000000000000,計上部門
株式会社やさしい手,会計系販売系サブシステム,00002,会計系販売系組織体系,2025/11/1,3 ,本　部,05,【不】東京南支部,2 ,2097,2014/10/1,9999/12/31,【使用不可】東京南支部看護事業部,【不】東京南看護事業,ﾄｳｷｮｳﾐﾅﾐｶﾝｺﾞｼﾞｷﾞｮｳﾌﾞ,,,,直接部門,,,,,,,,既存,,,,,,,,,001012011000000000000000000000,部門
株式会社やさしい手,会計系販売系サブシステム,00002,会計系販売系組織体系,2025/11/1,4 ,部,2097,【不】東京南看護事業,3 ,209710,2014/10/1,9999/12/31,【使用不可】東京南看護統括課,【不】東京南看護統括,ﾄｳｷｮｳﾐﾅﾐｶﾝｺﾞﾄｳｶﾂｶ,,,,間接部門,,,,,,,,既存,,,,,,,,,001012011001000000000000000000,部門
株式会社やさしい手,会計系販売系サブシステム,00002,会計系販売系組織体系,2025/11/1,5 ,課,209710,【不】東京南看護統括,4 ,20971010,2014/10/1,9999/12/31,【使用不可】東京南看護統括課,【不】東京南看護統括,ﾄｳｷｮｳﾐﾅﾐｶﾝｺﾞﾄｳｶﾂｶ,,,,間接部門,,,,,,,,既存,,,,,,,,,001012011001001000000000000000,計上部門
株式会社やさしい手,会計系販売系サブシステム,00002,会計系販売系組織体系,2025/11/1,4 ,部,2097,【不】東京南看護事業,3 ,073505,2016/1/1,9999/12/31,【使用不可】ｼｮｰﾄｽﾃｲ統括課,【不】SS統括課,ｼｮｰﾄｽﾃｲﾄｳｶﾂｶ,,,,間接部門,,,,,,,,既存,,,,,,,,,001012011008000000000000000000,部門
株式会社やさしい手,会計系販売系サブシステム,00002,会計系販売系組織体系,2025/11/1,5 ,課,073505,【不】SS統括課,4 ,07350510,2016/1/1,9999/12/31,【使用不可】ｼｮｰﾄｽﾃｲ統括課,【不】SS統括課,ｼｮｰﾄｽﾃｲﾄｳｶﾂｶ,,,,間接部門,,,,,,,,既存,,,,,,,,,001012011008001000000000000000,計上部門
株式会社やさしい手,会計系販売系サブシステム,00002,会計系販売系組織体系,2025/11/1,4 ,部,2097,【不】東京南看護事業,3 ,209130,2016/6/1,9999/12/31,【使用不可】目黒入浴課,【不】目黒入浴課,ﾒｸﾞﾛﾆｭｳﾖｸｶ,,,,その他,,,,,,,,既存,,,,,,,,,001012011010000000000000000000,部門
株式会社やさしい手,会計系販売系サブシステム,00002,会計系販売系組織体系,2025/11/1,5 ,課,209130,【不】目黒入浴課,4 ,20108050,2016/6/1,9999/12/31,【使用不可】目黒入浴事業所,【不】目黒入浴事業所,ﾒｸﾞﾛﾆｭｳﾖｸｼﾞｷﾞｮｳｼｮ,,,,直接部門,,,,,,,,既存,,,,,,,,,001012011010001000000000000000,計上部門
株式会社やさしい手,会計系販売系サブシステム,00002,会計系販売系組織体系,2025/11/1,3 ,本　部,05,【不】東京南支部,2 ,2004,2016/6/1,9999/12/31,【使用不可】東京南支部統括部,【不】東京南支部統括,ﾄｳｷｮｳﾐﾅﾐｼﾌﾞﾄｳｶﾂﾌﾞ,,,,その他,,,,,,,,既存,,,,,,,,,001012013000000000000000000000,部門
株式会社やさしい手,会計系販売系サブシステム,00002,会計系販売系組織体系,2025/11/1,4 ,部,2004,【不】東京南支部統括,3 ,200410,2016/6/1,9999/12/31,【使用不可】東京南支部統括課,【不】東京南支部統括,ﾄｳｷｮｳﾐﾅﾐｼﾌﾞﾄｳｶﾂｶ,,,,その他,,,,,,,,既存,,,,,,,,,001012013001000000000000000000,部門
株式会社やさしい手,会計系販売系サブシステム,00002,会計系販売系組織体系,2025/11/1,5 ,課,200410,【不】東京南支部統括,4 ,20041010,2016/6/1,9999/12/31,【使用不可】東京南支部統括課,【不】東京南支部統括,ﾄｳｷｮｳﾐﾅﾐｼﾌﾞﾄｳｶﾂｶ,,,,その他,,,,,,,,既存,,,,,,,,,001012013001001000000000000000,計上部門
株式会社やさしい手,会計系販売系サブシステム,00002,会計系販売系組織体系,2025/11/1,3 ,本　部,05,【不】東京南支部,2 ,2052,2016/7/1,9999/12/31,【使用不可】東京南支部訪問定巡事業部,【不】東京南訪問定巡,ﾄｳｷｮｳﾐﾅﾐｼﾌﾞﾎｳﾓﾝﾃｲｼﾞｭﾝｼﾞｷﾞｮｳﾌﾞ,,,,その他,,,,,,,,既存,,,,,,,,,001012014000000000000000000000,部門
株式会社やさしい手,会計系販売系サブシステム,00002,会計系販売系組織体系,2025/11/1,4 ,部,2052,【不】東京南訪問定巡,3 ,205210,2023/7/1,9999/12/31,【使用不可】笹塚訪問定巡拠点,【不】笹塚訪問定巡拠,ｻｻﾂﾞｶﾃｲｼﾞｭﾝｼﾞｷﾞｮｳｼｮ,,,,その他,,,,,,,,既存,,,,,,,,,001012014005000000000000000000,部門
株式会社やさしい手,会計系販売系サブシステム,00002,会計系販売系組織体系,2025/11/1,5 ,課,205210,【不】笹塚訪問定巡拠,4 ,20102055,2023/7/1,9999/12/31,【使用不可】笹塚定期巡回部門,【不】笹塚定期巡回,ｻｻﾂﾞｶﾃｲｷｼﾞｭﾝｶｲﾌﾞﾓﾝ,,,,直接部門,,,,,,,,既存,,,,,,,,,001012014005001000000000000000,計上部門
株式会社やさしい手,会計系販売系サブシステム,00002,会計系販売系組織体系,2025/11/1,5 ,課,205210,【不】笹塚訪問定巡拠,4 ,20152040,2023/7/1,9999/12/31,【使用不可】世田谷訪問介護部門,【不】世田谷訪問介護,ｾﾀｶﾞﾔｼﾞｭﾝｶｲｸﾞﾙｰﾌﾟ,,,,直接部門,,,,,,,,既存,,,,,,,,,001012014005002000000000000000,計上部門
株式会社やさしい手,会計系販売系サブシステム,00002,会計系販売系組織体系,2025/11/1,5 ,課,205210,【不】笹塚訪問定巡拠,4 ,20152041,2023/7/1,9999/12/31,【使用不可】旧目黒訪問介護部門,【不】旧目黒訪問介護,ｷｭｳﾒｸﾞﾛｼﾞｭﾝｶｲｸﾞﾙｰﾌﾟ,,,,直接部門,,,,,,,,既存,,,,,,,,,001012014005003000000000000000,計上部門
株式会社やさしい手,会計系販売系サブシステム,00002,会計系販売系組織体系,2025/11/1,2 ,本社／支社,0000000000,全社,1 ,06,2018/5/1,9999/12/31,関東信越支社,関東信越支社,ｶﾝﾄｳｼﾝｴﾂｼｼｬ,,,,その他,,,,,,,,既存,,,,,,,,,001013000000000000000000000000,計上部門
株式会社やさしい手,会計系販売系サブシステム,00002,会計系販売系組織体系,2025/11/1,2 ,本社／支社,0000000000,全社,1 ,08,2018/5/1,9999/12/31,関西名古屋支社,関西名古屋支社,ｶﾝｻｲﾅｺﾞﾔｼｼｬ,,,,その他,,,,,,,,既存,,,,,,,,,001014000000000000000000000000,計上部門
株式会社やさしい手,会計系販売系サブシステム,00002,会計系販売系組織体系,2025/11/1,2 ,本社／支社,0000000000,全社,1 ,09,2014/10/1,9999/12/31,ﾃﾞｼﾞﾀﾙﾏｰｹﾃｨﾝｸﾞｻｰﾋﾞｽﾗｲﾝ,ﾃﾞｼﾞﾀﾙﾏｰｹﾃｨﾝｸﾞﾗｲﾝ,ﾃﾞｼﾞﾀﾙﾏｰｹﾃｨﾝｸﾞｻｰﾋﾞｽﾗｲﾝ,,,,その他,,,,03-5433-5519,03-5433-5527,,,既存,,,,,,,,,001015000000000000000000000000,部門
株式会社やさしい手,会計系販売系サブシステム,00002,会計系販売系組織体系,2025/11/1,3 ,本　部,09,ﾃﾞｼﾞﾀﾙﾏｰｹﾃｨﾝｸﾞﾗｲﾝ,2 ,2014,2014/10/1,9999/12/31,コンサルティング2部,コンサルティング2部,ｺﾝｻﾙﾃｨﾝｸﾞﾆﾌﾞ,,,,その他,,,,,,,,既存,,,,,,,,,001015003000000000000000000000,部門
株式会社やさしい手,会計系販売系サブシステム,00002,会計系販売系組織体系,2025/11/1,4 ,部,2014,コンサルティング2部,3 ,201220,2014/10/1,9999/12/31,コンサルティング2課,コンサルティング2課,ｺﾝｻﾙﾃｨﾝｸﾞﾆｶ,,,,その他,,,,03-5433-5519,03-5433-5527,,,既存,,,,,,,,,001015003001000000000000000000,部門
株式会社やさしい手,会計系販売系サブシステム,00002,会計系販売系組織体系,2025/11/1,5 ,課,201220,コンサルティング2課,4 ,07201020,2014/10/1,9999/12/31,コンサルティング2課,コンサルティング2課,ｺﾝｻﾙﾃｨﾝｸﾞﾆｶ,,,,間接部門,,,,03-5433-5519,03-5433-5527,,,既存,,,,,,,,,001015003001001000000000000000,計上部門
株式会社やさしい手,会計系販売系サブシステム,00002,会計系販売系組織体系,2025/11/1,4 ,部,2014,コンサルティング2部,3 ,201221,2016/1/1,9999/12/31,【使用不可】推進2課,【不】推進2課,ｽｲｼﾝﾆｶ,,,,間接部門,,,,,,,,既存,,,,,,,,,001015003002000000000000000000,部門
株式会社やさしい手,会計系販売系サブシステム,00002,会計系販売系組織体系,2025/11/1,5 ,課,201221,【不】推進2課,4 ,07201055,2016/1/1,9999/12/31,【使用不可】推進2課,【不】推進2課,ｽｲｼﾝﾆｶ,,,,間接部門,,,,,,,,既存,,,,,,,,,001015003002001000000000000000,計上部門
株式会社やさしい手,会計系販売系サブシステム,00002,会計系販売系組織体系,2025/11/1,3 ,本　部,09,ﾃﾞｼﾞﾀﾙﾏｰｹﾃｨﾝｸﾞﾗｲﾝ,2 ,2021,2014/10/1,9999/12/31,【使用不可】コンサルティング3部,【不】コンサル3部,ｺﾝｻﾙﾃｨﾝｸﾞｻﾝﾌﾞ,,,,その他,,,,,,,,既存,,,,,,,,,001015004000000000000000000000,部門
株式会社やさしい手,会計系販売系サブシステム,00002,会計系販売系組織体系,2025/11/1,4 ,部,2021,【不】コンサル3部,3 ,202120,2014/10/1,9999/12/31,【使用不可】コンサルティング3課,【不】コンサル3課,ｺﾝｻﾙﾃｨﾝｸﾞｻﾝｶ,,,,その他,,,,,,,,既存,,,,,,,,,001015004001000000000000000000,部門
株式会社やさしい手,会計系販売系サブシステム,00002,会計系販売系組織体系,2025/11/1,5 ,課,202120,【不】コンサル3課,4 ,07201060,2014/10/1,9999/12/31,【使用不可】コンサルティング3課,【不】コンサル3課,ｺﾝｻﾙﾃｨﾝｸﾞｻﾝｶ,,,,間接部門,,,,,,,,既存,,,,,,,,,001015004001001000000000000000,計上部門
株式会社やさしい手,会計系販売系サブシステム,00002,会計系販売系組織体系,2025/11/1,4 ,部,2021,【不】コンサル3部,3 ,202121,2016/1/1,9999/12/31,【使用不可】推進3課,【不】推進3課,ｽｲｼﾝｻﾝｶ,,,,その他,,,,,,,,既存,,,,,,,,,001015004002000000000000000000,部門
株式会社やさしい手,会計系販売系サブシステム,00002,会計系販売系組織体系,2025/11/1,5 ,課,202121,【不】推進3課,4 ,07201065,2016/1/1,9999/12/31,【使用不可】推進3課,【不】推進3課,ｽｲｼﾝｻﾝｶ,,,,間接部門,,,,,,,,既存,,,,,,,,,001015004002001000000000000000,計上部門
株式会社やさしい手,会計系販売系サブシステム,00002,会計系販売系組織体系,2025/11/1,4 ,部,2021,【不】コンサル3部,3 ,201230,2018/1/1,9999/12/31,【使用不可】沖縄ｲﾝﾌｫﾒｰｼｮﾝｾﾝﾀｰ,【不】沖縄IC,ｵｷﾅﾜｲﾝﾌｫﾒｰｼｮﾝｾﾝﾀｰ,,,,その他,,,,03-5433-5519,03-5433-5527,,,既存,,,,,,,,,001015004003000000000000000000,部門
株式会社やさしい手,会計系販売系サブシステム,00002,会計系販売系組織体系,2025/11/1,5 ,課,201230,【不】沖縄IC,4 ,07201025,2018/1/1,9999/12/31,【使用不可】沖縄ｲﾝﾌｫﾒｰｼｮﾝｾﾝﾀｰ,【不】沖縄IC,ｵｷﾅﾜｲﾝﾌｫﾒｰｼｮﾝｾﾝﾀｰ,,,,間接部門,,,,03-5433-5519,03-5433-5527,,,既存,,,,,,,,,001015004003001000000000000000,計上部門
株式会社やさしい手,会計系販売系サブシステム,00002,会計系販売系組織体系,2025/11/1,3 ,本　部,09,ﾃﾞｼﾞﾀﾙﾏｰｹﾃｨﾝｸﾞﾗｲﾝ,2 ,2029,2014/10/1,9999/12/31,【使用不可】SV4部,【不】SV4部,ｴｽﾌﾞｲﾖﾝﾌﾞ,,,,その他,,,,,,,,既存,,,,,,,,,001015005000000000000000000000,部門
株式会社やさしい手,会計系販売系サブシステム,00002,会計系販売系組織体系,2025/11/1,4 ,部,2029,【不】SV4部,3 ,202910,2014/10/1,9999/12/31,【使用不可】SV4課,【不】SV4課,ｴｽﾌﾞｲﾖﾝｶ,,,,間接部門,,,,,,,,既存,,,,,,,,,001015005001000000000000000000,部門
株式会社やさしい手,会計系販売系サブシステム,00002,会計系販売系組織体系,2025/11/1,5 ,課,202910,【不】SV4課,4 ,07201070,2014/10/1,9999/12/31,【使用不可】SV4課,【不】SV4課,ｴｽﾌﾞｲﾖﾝｶ,,,,間接部門,,,,,,,,既存,,,,,,,,,001015005001001000000000000000,計上部門
株式会社やさしい手,会計系販売系サブシステム,00002,会計系販売系組織体系,2025/11/1,4 ,部,2029,【不】SV4部,3 ,202911,2016/1/1,9999/12/31,【使用不可】推進4課,【不】推進4課,ｽｲｼﾝﾖﾝｶ,,,,間接部門,,,,,,,,既存,,,,,,,,,001015005002000000000000000000,部門
株式会社やさしい手,会計系販売系サブシステム,00002,会計系販売系組織体系,2025/11/1,5 ,課,202911,【不】推進4課,4 ,07201075,2016/1/1,9999/12/31,【使用不可】推進4課,【不】推進4課,ｽｲｼﾝﾖﾝｶ,,,,間接部門,,,,,,,,既存,,,,,,,,,001015005002001000000000000000,計上部門
株式会社やさしい手,会計系販売系サブシステム,00002,会計系販売系組織体系,2025/11/1,3 ,本　部,09,ﾃﾞｼﾞﾀﾙﾏｰｹﾃｨﾝｸﾞﾗｲﾝ,2 ,2032,2014/10/1,9999/12/31,ソリューション事業部,ソリューション事業部,ｿﾘｭｰｼｮﾝｼﾞｷﾞｮｳﾌﾞ,,,,間接部門,,,,03-5433-5519,03-5433-5527,,,既存,,,,,,,,,001015006000000000000000000000,部門
株式会社やさしい手,会計系販売系サブシステム,00002,会計系販売系組織体系,2025/11/1,4 ,部,2032,ソリューション事業部,3 ,203210,2014/10/1,9999/12/31,ソリューション事業部,ソリューション事業部,ｿﾘｭｰｼｮﾝｼﾞｷﾞｮｳﾌﾞ,,,,間接部門,,,,03-5433-5519,03-5433-5527,,,既存,,,,,,,,,001015006001000000000000000000,部門
株式会社やさしい手,会計系販売系サブシステム,00002,会計系販売系組織体系,2025/11/1,5 ,課,203210,ソリューション事業部,4 ,07201030,2014/10/1,9999/12/31,ソリューション事業課,ソリューション事業課,ｿﾘｭｰｼｮﾝｼﾞｷﾞｮｳｶ,,,,間接部門,,,,03-5433-5519,03-5433-5527,,,既存,,,,,,,,,001015006001001000000000000000,計上部門
株式会社やさしい手,会計系販売系サブシステム,00002,会計系販売系組織体系,2025/11/1,3 ,本　部,09,ﾃﾞｼﾞﾀﾙﾏｰｹﾃｨﾝｸﾞﾗｲﾝ,2 ,2012,2017/10/1,9999/12/31,コンサルティング1部,コンサルティング1部,ｺﾝｻﾙﾃｨﾝｸﾞｲﾁﾌﾞ,,,,その他,,,,03-5433-5519,03-5433-5527,,,既存,,,,,,,,,001015013000000000000000000000,部門
株式会社やさしい手,会計系販売系サブシステム,00002,会計系販売系組織体系,2025/11/1,4 ,部,2012,コンサルティング1部,3 ,201210,2017/10/1,9999/12/31,コンサルティング1課,コンサルティング1課,ｺﾝｻﾙﾃｨﾝｸﾞｲｯｶ,,,,その他,,,,03-5433-5519,03-5433-5527,,,既存,,,,,,,,,001015013001000000000000000000,部門
株式会社やさしい手,会計系販売系サブシステム,00002,会計系販売系組織体系,2025/11/1,5 ,課,201210,コンサルティング1課,4 ,07201010,2017/10/1,9999/12/31,コンサルティング1課,コンサルティング1課,ｺﾝｻﾙﾃｨﾝｸﾞｲｯｶ,,,,間接部門,,,,03-5433-5519,03-5433-5527,,,既存,,,,,,,,,001015013001001000000000000000,計上部門
株式会社やさしい手,会計系販売系サブシステム,00002,会計系販売系組織体系,2025/11/1,4 ,部,2012,コンサルティング1部,3 ,201211,2017/10/1,9999/12/31,【使用不可】推進1課,【不】推進1課,ｽｲｼﾝｲｯｶ,,,,間接部門,,,,,,,,既存,,,,,,,,,001015013002000000000000000000,部門
株式会社やさしい手,会計系販売系サブシステム,00002,会計系販売系組織体系,2025/11/1,5 ,課,201211,【不】推進1課,4 ,07201015,2017/10/1,9999/12/31,【使用不可】推進1課,【不】推進1課,ｽｲｼﾝｲｯｶ,,,,間接部門,,,,,,,,既存,,,,,,,,,001015013002001000000000000000,計上部門
株式会社やさしい手,会計系販売系サブシステム,00002,会計系販売系組織体系,2025/11/1,3 ,本　部,09,ﾃﾞｼﾞﾀﾙﾏｰｹﾃｨﾝｸﾞﾗｲﾝ,2 ,2030,2017/10/1,9999/12/31,【使用不可】SV5部,【不】SV5部,ｴｽﾌﾞｲｺﾞﾌﾞ,,,,間接部門,,,,,,,,既存,,,,,,,,,001015014000000000000000000000,部門
株式会社やさしい手,会計系販売系サブシステム,00002,会計系販売系組織体系,2025/11/1,4 ,部,2030,【不】SV5部,3 ,205010,2017/10/1,9999/12/31,【使用不可】SV5課,【不】SV5課,ｴｽﾌﾞｲｺﾞｶ,,,,間接部門,,,,,,,,既存,,,,,,,,,001015014001000000000000000000,部門
株式会社やさしい手,会計系販売系サブシステム,00002,会計系販売系組織体系,2025/11/1,5 ,課,205010,【不】SV5課,4 ,07201080,2017/10/1,9999/12/31,【使用不可】SV5課,【不】SV5課,ｴｽﾌﾞｲｺﾞｶ,,,,間接部門,,,,,,,,既存,,,,,,,,,001015014001001000000000000000,計上部門
株式会社やさしい手,会計系販売系サブシステム,00002,会計系販売系組織体系,2025/11/1,4 ,部,2030,【不】SV5部,3 ,205011,2017/10/1,9999/12/31,【使用不可】推進5課,【不】推進5課,ｽｲｼﾝｺﾞｶ,,,,間接部門,,,,,,,,既存,,,,,,,,,001015014002000000000000000000,部門
株式会社やさしい手,会計系販売系サブシステム,00002,会計系販売系組織体系,2025/11/1,5 ,課,205011,【不】推進5課,4 ,07201085,2017/10/1,9999/12/31,【使用不可】推進5課,【不】推進5課,ｽｲｼﾝｺﾞｶ,,,,間接部門,,,,,,,,既存,,,,,,,,,001015014002001000000000000000,計上部門
株式会社やさしい手,会計系販売系サブシステム,00002,会計系販売系組織体系,2025/11/1,3 ,本　部,09,ﾃﾞｼﾞﾀﾙﾏｰｹﾃｨﾝｸﾞﾗｲﾝ,2 ,0760,2022/7/1,9999/12/31,情報ｼｽﾃﾑ部,情報ｼｽﾃﾑ部,ｼﾞｮｳﾎｳｼｽﾃﾑﾌﾞ,,,,その他,,,,03-5433-5519,03-5433-5527,,,既存,,,,,,,,,001015017000000000000000000000,部門
株式会社やさしい手,会計系販売系サブシステム,00002,会計系販売系組織体系,2025/11/1,4 ,部,0760,情報ｼｽﾃﾑ部,3 ,076010,2022/7/1,9999/12/31,情報ｼｽﾃﾑ課,情報ｼｽﾃﾑ課,ｼﾞｮｳﾎｳｼｽﾃﾑｶ,,,,その他,,,,03-5433-5519,03-5433-5527,,,既存,,,,,,,,,001015017001000000000000000000,部門
株式会社やさしい手,会計系販売系サブシステム,00002,会計系販売系組織体系,2025/11/1,5 ,課,076010,情報ｼｽﾃﾑ課,4 ,07101030,2022/7/1,9999/12/31,情報ｼｽﾃﾑ課,情報ｼｽﾃﾑ課,ｼﾞｮｳﾎｳｼｽﾃﾑｶ,,,,間接部門,,,,03-5433-5519,03-5433-5527,,,既存,,,,,,,,,001015017001001000000000000000,計上部門
株式会社やさしい手,会計系販売系サブシステム,00002,会計系販売系組織体系,2025/11/1,5 ,課,076010,情報ｼｽﾃﾑ課,4 ,07101040,2022/7/1,9999/12/31,情報ｼｽﾃﾑ二課,情報ｼｽﾃﾑ二課,ｼﾞｮｳﾎｳｼｽﾃﾑﾆｶ,,,,間接部門,,,,03-5433-5519,03-5433-5527,,,既存,,,,,,,,,001015017001002000000000000000,計上部門
株式会社やさしい手,会計系販売系サブシステム,00002,会計系販売系組織体系,2025/11/1,3 ,本　部,09,ﾃﾞｼﾞﾀﾙﾏｰｹﾃｨﾝｸﾞﾗｲﾝ,2 ,0510,2022/7/1,9999/12/31,新規事業開発部,新規事業開発部,ｼﾝｷｼﾞｷﾞｮｳｶｲﾊﾂﾌﾞ,,,,その他,,,,,,,,既存,,,,,,,,,001015018000000000000000000000,部門
株式会社やさしい手,会計系販売系サブシステム,00002,会計系販売系組織体系,2025/11/1,4 ,部,0510,新規事業開発部,3 ,051010,2022/7/1,9999/12/31,新規事業開発部,新規事業開発部,ｼﾝｷｼﾞｷﾞｮｳｶｲﾊﾂﾌﾞ,,,,その他,,,,,,,,既存,,,,,,,,,001015018001000000000000000000,部門
株式会社やさしい手,会計系販売系サブシステム,00002,会計系販売系組織体系,2025/11/1,5 ,課,051010,新規事業開発部,4 ,05101020,2022/7/1,9999/12/31,介護PF事業準備室,介護PF事業準備室,ｶｲｺﾞﾌﾟﾗｯﾄﾌｫｰﾑｼﾞｷﾞｮｳ,,,,間接部門,,,,,,,,既存,,,,,,,,,001015018001001000000000000000,計上部門
株式会社やさしい手,会計系販売系サブシステム,00002,会計系販売系組織体系,2025/11/1,5 ,課,051010,新規事業開発部,4 ,01501080,2022/7/1,9999/12/31,タクシー事業準備室,タクシー事業準備室,ﾀｸｼｰｼﾞｷﾞｮｳｼﾞｭﾝﾋﾞｼﾂ,,,,間接部門,,,,,,,,既存,,,,,,,,,001015018001002000000000000000,計上部門
株式会社やさしい手,会計系販売系サブシステム,00002,会計系販売系組織体系,2025/11/1,2 ,本社／支社,0000000000,全社,1 ,15,2016/6/1,9999/12/31,【使用不可】東京東支部,【不】東京東支部,ﾄｳｷｮｳﾋｶﾞｼｼﾌﾞ,,,,その他,,,,,,,,既存,,,,,,,,,001016000000000000000000000000,部門
株式会社やさしい手,会計系販売系サブシステム,00002,会計系販売系組織体系,2025/11/1,3 ,本　部,15,【不】東京東支部,2 ,2061,2016/6/1,9999/12/31,【使用不可】東京東支部統括部,【不】東京東支部統括,ﾄｳｷｮｳﾋｶﾞｼｼﾌﾞﾄｳｶﾂﾌﾞ,,,,その他,,,,,,,,既存,,,,,,,,,001016001000000000000000000000,部門
株式会社やさしい手,会計系販売系サブシステム,00002,会計系販売系組織体系,2025/11/1,4 ,部,2061,【不】東京東支部統括,3 ,206110,2016/6/1,9999/12/31,【使用不可】東京東支部統括課,【不】東京東支部統括,ﾄｳｷｮｳﾋｶﾞｼｼﾌﾞﾄｳｶﾂｶ,,,,その他,,,,,,,,既存,,,,,,,,,001016001001000000000000000000,部門
株式会社やさしい手,会計系販売系サブシステム,00002,会計系販売系組織体系,2025/11/1,5 ,課,206110,【不】東京東支部統括,4 ,20611010,2016/6/1,9999/12/31,【使用不可】東京東支部統括課,【不】東京東支部統括,ﾄｳｷｮｳﾋｶﾞｼｼﾌﾞﾄｳｶﾂｶ,,,,その他,,,,,,,,既存,,,,,,,,,001016001001001000000000000000,計上部門
株式会社やさしい手,会計系販売系サブシステム,00002,会計系販売系組織体系,2025/11/1,3 ,本　部,15,【不】東京東支部,2 ,2072,2016/6/1,9999/12/31,【使用不可】東京東支部訪問介護事業部,【不】東京東訪問介護,ﾄｳｷｮｳﾋｶﾞｼｼﾌﾞﾎｳﾓﾝｶｲｺﾞｼﾞｷﾞｮｳﾌﾞ,,,,その他,,,,,,,,既存,,,,,,,,,001016002000000000000000000000,部門
株式会社やさしい手,会計系販売系サブシステム,00002,会計系販売系組織体系,2025/11/1,4 ,部,2072,【不】東京東訪問介護,3 ,201525,2016/6/1,9999/12/31,【使用不可】上町事業所,【不】上町事業所,ｶﾐﾏﾁｼﾞｷﾞｮｳｼｮ,,,,その他,,,,03-3706-2248,03-3706-2372,,,既存,,,,,,,,,001016002001000000000000000000,部門
株式会社やさしい手,会計系販売系サブシステム,00002,会計系販売系組織体系,2025/11/1,5 ,課,201525,【不】上町事業所,4 ,20152030,2016/6/1,9999/12/31,【使用不可】上町訪問介護課,【不】上町訪問介護課,ｶﾐﾏﾁﾎｳﾓﾝｶｲｺﾞｶ,,,,直接部門,,,,,,,,既存,,,,,,,,,001016002001001000000000000000,計上部門
株式会社やさしい手,会計系販売系サブシステム,00002,会計系販売系組織体系,2025/11/1,4 ,部,2072,【不】東京東訪問介護,3 ,202005,2016/6/1,9999/12/31,【使用不可】城東・城北統括部,【不】城東城北統括部,ｼﾞｮｳﾄｳ･ｼﾞｮｳﾎｸﾄｳｶﾂﾌﾞ,,,,その他,,,,,,,,既存,,,,,,,,,001016002002000000000000000000,部門
株式会社やさしい手,会計系販売系サブシステム,00002,会計系販売系組織体系,2025/11/1,5 ,課,202005,【不】城東城北統括部,4 ,20200503,2016/6/1,9999/12/31,【使用不可】城東・城北統括（訪問介護）,【不】城東城北(介),ｼﾞｮｳﾄｳ･ｼﾞｮｳﾎｸﾄｳｶﾂ(ﾎｳ,,,,間接部門,,,,,,,,既存,,,,,,,,,001016002002001000000000000000,計上部門
株式会社やさしい手,会計系販売系サブシステム,00002,会計系販売系組織体系,2025/11/1,4 ,部,2072,【不】東京東訪問介護,3 ,202015,2016/6/1,9999/12/31,【使用不可】亀有事業所,【不】亀有事業所,ｶﾒｱﾘｼﾞｷﾞｮｳｼｮ,,,,その他,,,,03-5629-6151,03-5629-6184,,,既存,,,,,,,,,001016002004000000000000000000,部門
株式会社やさしい手,会計系販売系サブシステム,00002,会計系販売系組織体系,2025/11/1,5 ,課,202015,【不】亀有事業所,4 ,20201530,2016/6/1,9999/12/31,【使用不可】亀有訪問介護課,【不】亀有訪問介護課,ｶﾒｱﾘﾎｳﾓﾝｶｲｺﾞｶ,,,,直接部門,,,,03-5629-6151,03-5629-6184,,,既存,,,,,,,,,001016002004001000000000000000,計上部門
株式会社やさしい手,会計系販売系サブシステム,00002,会計系販売系組織体系,2025/11/1,4 ,部,2072,【不】東京東訪問介護,3 ,202050,2016/6/1,9999/12/31,【使用不可】西新井事業所準備室,【不】西新井事業所準,ﾆｼｱﾗｲｼﾞｷﾞｮｳｼｮｼﾞｭﾝﾋﾞｼ,,,,その他,,,,,,,,既存,,,,,,,,,001016002007000000000000000000,部門
株式会社やさしい手,会計系販売系サブシステム,00002,会計系販売系組織体系,2025/11/1,5 ,課,202050,【不】西新井事業所準,4 ,20205030,2016/6/1,9999/12/31,【使用不可】西新井訪問介護準備室,【不】西新井訪介準,ﾆｼｱﾗｲﾎｳﾓﾝｶｲｺﾞｼﾞｭﾝﾋﾞｼ,,,,直接部門,,,,,,,,既存,,,,,,,,,001016002007001000000000000000,計上部門
株式会社やさしい手,会計系販売系サブシステム,00002,会計系販売系組織体系,2025/11/1,4 ,部,2072,【不】東京東訪問介護,3 ,202060,2016/6/1,9999/12/31,【使用不可】錦糸町事業所準備室,【不】錦糸町事業所準,ｷﾝｼﾁｮｳｼﾞｷﾞｮｳｼｮｼﾞｭﾝﾋﾞ,,,,その他,,,,,,,,既存,,,,,,,,,001016002008000000000000000000,部門
株式会社やさしい手,会計系販売系サブシステム,00002,会計系販売系組織体系,2025/11/1,5 ,課,202060,【不】錦糸町事業所準,4 ,20206030,2016/6/1,9999/12/31,【使用不可】錦糸町訪問介護準備室,【不】錦糸町訪介準,ｷﾝｼﾁｮｳﾎｳﾓﾝｶｲｺﾞｼﾞｭﾝﾋﾞ,,,,直接部門,,,,,,,,既存,,,,,,,,,001016002008001000000000000000,計上部門
株式会社やさしい手,会計系販売系サブシステム,00002,会計系販売系組織体系,2025/11/1,4 ,部,2072,【不】東京東訪問介護,3 ,202513,2016/6/1,9999/12/31,【使用不可】志村事業所,【不】志村事業所,ｼﾑﾗｼﾞｷﾞｮｳｼｮ,,,,その他,,,,03-5916-0502,03-5916-0536,,,既存,,,,,,,,,001016002010000000000000000000,部門
株式会社やさしい手,会計系販売系サブシステム,00002,会計系販売系組織体系,2025/11/1,5 ,課,202513,【不】志村事業所,4 ,20251330,2016/6/1,9999/12/31,【使用不可】志村訪問介護課,【不】志村訪問介護課,ｼﾑﾗﾎｳﾓﾝｶｲｺﾞｶ,,,,直接部門,,,,03-5916-0502,03-5916-0536,,,既存,,,,,,,,,001016002010001000000000000000,計上部門
株式会社やさしい手,会計系販売系サブシステム,00002,会計系販売系組織体系,2025/11/1,4 ,部,2072,【不】東京東訪問介護,3 ,202515,2016/6/1,9999/12/31,【使用不可】王子事業所,【不】王子事業所,ｵｳｼﾞｼﾞｷﾞｮｳｼｮ,,,,その他,,,,03-5924-3870,03-5924-3880,,,既存,,,,,,,,,001016002011000000000000000000,部門
株式会社やさしい手,会計系販売系サブシステム,00002,会計系販売系組織体系,2025/11/1,5 ,課,202515,【不】王子事業所,4 ,20251530,2016/6/1,9999/12/31,【使用不可】王子訪問介護課,【不】王子訪問介護課,ｵｳｼﾞﾎｳﾓﾝｶｲｺﾞｶ,,,,直接部門,,,,03-5924-3870,03-5924-3880,,,既存,,,,,,,,,001016002011001000000000000000,計上部門
株式会社やさしい手,会計系販売系サブシステム,00002,会計系販売系組織体系,2025/11/1,4 ,部,2072,【不】東京東訪問介護,3 ,202517,2016/6/1,9999/12/31,【使用不可】巣鴨事業所,【不】巣鴨事業所,ｽｶﾞﾓｼﾞｷﾞｮｳｼｮ,,,,その他,,,,03-5961-1060,03-5961-1066,,,既存,,,,,,,,,001016002012000000000000000000,部門
株式会社やさしい手,会計系販売系サブシステム,00002,会計系販売系組織体系,2025/11/1,5 ,課,202517,【不】巣鴨事業所,4 ,20251730,2016/6/1,9999/12/31,【使用不可】巣鴨訪問介護課,【不】巣鴨訪問介護課,ｽｶﾞﾓﾎｳﾓﾝｶｲｺﾞｶ,,,,直接部門,,,,03-5961-1060,03-5961-1066,,,既存,,,,,,,,,001016002012001000000000000000,計上部門
株式会社やさしい手,会計系販売系サブシステム,00002,会計系販売系組織体系,2025/11/1,3 ,本　部,15,【不】東京東支部,2 ,2073,2016/6/1,9999/12/31,【使用不可】東京東支部通所介護事業部,【不】東京東通所介護,ﾄｳｷｮｳﾋｶﾞｼﾂｳｼｮｶｲｺﾞｼﾞｷﾞｮｳﾌﾞ,,,,その他,,,,,,,,既存,,,,,,,,,001016003000000000000000000000,部門
株式会社やさしい手,会計系販売系サブシステム,00002,会計系販売系組織体系,2025/11/1,4 ,部,2073,【不】東京東通所介護,3 ,207310,2016/6/1,9999/12/31,【使用不可】東京東通所統括課,【不】東京東通所統括,ﾄｳｷｮｳﾋｶﾞｼﾂｳｼｮﾄｳｶﾂｶ,,,,その他,,,,,,,,既存,,,,,,,,,001016003004000000000000000000,部門
株式会社やさしい手,会計系販売系サブシステム,00002,会計系販売系組織体系,2025/11/1,5 ,課,207310,【不】東京東通所統括,4 ,20731010,2016/6/1,9999/12/31,【使用不可】東京東通所統括課,【不】東京東通所統括,ﾄｳｷｮｳﾋｶﾞｼﾂｳｼｮﾄｳｶﾂｶ,,,,その他,,,,,,,,既存,,,,,,,,,001016003004001000000000000000,計上部門
株式会社やさしい手,会計系販売系サブシステム,00002,会計系販売系組織体系,2025/11/1,3 ,本　部,15,【不】東京東支部,2 ,2074,2016/6/1,9999/12/31,【使用不可】東京東支部居宅支援事業部,【不】東京東居宅支援,ﾄｳｷｮｳﾋｶﾞｼｷｮﾀｸｼｴﾝｼﾞｷﾞｮｳﾌﾞ,,,,その他,,,,,,,,既存,,,,,,,,,001016004000000000000000000000,部門
株式会社やさしい手,会計系販売系サブシステム,00002,会計系販売系組織体系,2025/11/1,4 ,部,2074,【不】東京東居宅支援,3 ,207405,2016/6/1,9999/12/31,【使用不可】志村介護支援課,【不】志村支援,ｼﾑﾗｶｲｺﾞｼｴﾝｶ,,,,その他,,,,,,,,既存,,,,,,,,,001016004004000000000000000000,部門
株式会社やさしい手,会計系販売系サブシステム,00002,会計系販売系組織体系,2025/11/1,5 ,課,207405,【不】志村支援,4 ,20251320,2016/6/1,9999/12/31,【使用不可】志村介護支援課,【不】志村介護支援課,ｼﾑﾗｶｲｺﾞｼｴﾝｶ,,,,直接部門,,,,,,,,既存,,,,,,,,,001016004004001000000000000000,計上部門
株式会社やさしい手,会計系販売系サブシステム,00002,会計系販売系組織体系,2025/11/1,4 ,部,2074,【不】東京東居宅支援,3 ,207410,2016/6/1,9999/12/31,【使用不可】東京東居宅統括課,【不】東京東居宅統括,ﾄｳｷｮｳﾋｶﾞｼｷｮﾀｸﾄｳｶﾂｶ,,,,その他,,,,,,,,既存,,,,,,,,,001016004006000000000000000000,部門
株式会社やさしい手,会計系販売系サブシステム,00002,会計系販売系組織体系,2025/11/1,5 ,課,207410,【不】東京東居宅統括,4 ,20711010,2016/6/1,9999/12/31,【使用不可】東京東居宅統括課,【不】東京東居宅統括,ﾄｳｷｮｳﾋｶﾞｼｷｮﾀｸﾄｳｶﾂｶ,,,,その他,,,,,,,,既存,,,,,,,,,001016004006001000000000000000,計上部門
株式会社やさしい手,会計系販売系サブシステム,00002,会計系販売系組織体系,2025/11/1,4 ,部,2074,【不】東京東居宅支援,3 ,208730,2016/6/1,9999/12/31,【使用不可】城北・城東グループ,【不】城北城東ｸﾞﾙｰﾌﾟ,ｼﾞｮｳﾎｸｼﾞｮｳﾄｳｸﾞﾙｰﾌﾟ,,,,その他,,,,,,,,既存,,,,,,,,,001016004007000000000000000000,部門
株式会社やさしい手,会計系販売系サブシステム,00002,会計系販売系組織体系,2025/11/1,5 ,課,208730,【不】城北城東ｸﾞﾙｰﾌﾟ,4 ,20250502,2016/6/1,9999/12/31,【使用不可】城北・城東統括（介護支援）,【不】城北城東(支),ｼﾞｮｳﾎｸｼﾞｮｳﾄｳﾄｳｶﾂ(ｶｲｺﾞｼｴﾝ),,,,間接部門,,,,,,,,既存,,,,,,,,,001016004007001000000000000000,計上部門
株式会社やさしい手,会計系販売系サブシステム,00002,会計系販売系組織体系,2025/11/1,4 ,部,2074,【不】東京東居宅支援,3 ,207407,2017/8/1,9999/12/31,【使用不可】東京東居宅支援準備室,【不】東京東支援準,ｼﾝｺｲﾜｶｲｺﾞｼｴﾝｶｼﾞｭﾝﾋﾞｼﾂ,,,,その他,,,,,,,,既存,,,,,,,,,001016004008000000000000000000,部門
株式会社やさしい手,会計系販売系サブシステム,00002,会計系販売系組織体系,2025/11/1,5 ,課,207407,【不】東京東支援準,4 ,20740720,2017/8/1,9999/12/31,【使用不可】東京東居宅支援準備室,【不】東京東支援準,ｼﾝｺｲﾜｶｲｺﾞｼｴﾝｶｼﾞｭﾝﾋﾞｼﾂ,,,,直接部門,,,,,,,,既存,,,,,,,,,001016004008001000000000000000,計上部門
株式会社やさしい手,会計系販売系サブシステム,00002,会計系販売系組織体系,2025/11/1,3 ,本　部,15,【不】東京東支部,2 ,2057,2018/1/1,9999/12/31,【使用不可】東京東支部看護事業部,【不】東京東看護事業,ﾄｳｷｮｳﾋｶﾞｼｶﾝｺﾞｼﾞｷﾞｮｳﾌﾞ,,,,その他,,,,,,,,既存,,,,,,,,,001016008000000000000000000000,部門
株式会社やさしい手,会計系販売系サブシステム,00002,会計系販売系組織体系,2025/11/1,4 ,部,2057,【不】東京東看護事業,3 ,205710,2018/1/1,9999/12/31,【使用不可】東京東看護統括課,【不】東京東看護統括,ﾄｳｷｮｳﾋｶﾞｼｶﾝｺﾞﾄｳｶﾂｶ,,,,その他,,,,,,,,既存,,,,,,,,,001016008001000000000000000000,部門
株式会社やさしい手,会計系販売系サブシステム,00002,会計系販売系組織体系,2025/11/1,5 ,課,205710,【不】東京東看護統括,4 ,20571010,2018/1/1,9999/12/31,【使用不可】東京東看護統括課,【不】東京東看護統括,ﾄｳｷｮｳﾋｶﾞｼｶﾝｺﾞﾄｳｶﾂｶ,,,,直接部門,,,,,,,,既存,,,,,,,,,001016008001001000000000000000,計上部門
株式会社やさしい手,会計系販売系サブシステム,00002,会計系販売系組織体系,2025/11/1,2 ,本社／支社,0000000000,全社,1 ,20,2016/6/1,9999/12/31,【使用不可】東京西支部,【不】東京西支部,ﾄｳｷｮｳﾆｼｼﾌﾞ,,,,その他,,,,,,,,既存,,,,,,,,,001017000000000000000000000000,部門
株式会社やさしい手,会計系販売系サブシステム,00002,会計系販売系組織体系,2025/11/1,3 ,本　部,20,【不】東京西支部,2 ,2076,2016/6/1,9999/12/31,【使用不可】東京西支部統括部,【不】東京西支部統括,ﾄｳｷｮｳﾆｼｼﾌﾞﾄｳｶﾂﾌﾞ,,,,その他,,,,,,,,既存,,,,,,,,,001017001000000000000000000000,部門
株式会社やさしい手,会計系販売系サブシステム,00002,会計系販売系組織体系,2025/11/1,4 ,部,2076,【不】東京西支部統括,3 ,207610,2016/6/1,9999/12/31,【使用不可】東京西支部統括課,【不】東京西支部統括,ﾄｳｷｮｳﾆｼｼﾌﾞﾄｳｶﾂｶ,,,,その他,,,,,,,,既存,,,,,,,,,001017001001000000000000000000,部門
株式会社やさしい手,会計系販売系サブシステム,00002,会計系販売系組織体系,2025/11/1,5 ,課,207610,【不】東京西支部統括,4 ,20761010,2016/6/1,9999/12/31,【使用不可】東京西支部統括課,【不】東京西支部統括,ﾄｳｷｮｳﾆｼｼﾌﾞﾄｳｶﾂｶ,,,,その他,,,,,,,,既存,,,,,,,,,001017001001001000000000000000,計上部門
株式会社やさしい手,会計系販売系サブシステム,00002,会計系販売系組織体系,2025/11/1,3 ,本　部,20,【不】東京西支部,2 ,2081,2016/6/1,9999/12/31,【使用不可】東京西支部訪問介護事業部,【不】東京西訪問介護,ﾄｳｷｮｳﾆｼｼﾌﾞﾎｳﾓﾝｶｲｺﾞｼﾞｷﾞｮｳ,,,,その他,,,,,,,,既存,,,,,,,,,001017002000000000000000000000,部門
株式会社やさしい手,会計系販売系サブシステム,00002,会計系販売系組織体系,2025/11/1,4 ,部,2081,【不】東京西訪問介護,3 ,203005,2016/6/1,9999/12/31,【使用不可】城西西東京統括課,【不】城西西東京,ｼﾞｮｳｻｲﾆｼﾄｷｮｳﾄｳｶﾂｶ,,,,その他,,,,,,,,既存,,,,,,,,,001017002001000000000000000000,部門
株式会社やさしい手,会計系販売系サブシステム,00002,会計系販売系組織体系,2025/11/1,5 ,課,203005,【不】城西西東京,4 ,20300503,2016/6/1,9999/12/31,【使用不可】城西西東京統括（訪問介護）,【不】城西西東京(介),ｼﾞｮｳｻｲﾆｼﾄｳｷｮｳﾄｳｶﾂ(ﾎｳﾓﾝｶｲｺﾞ),,,,間接部門,,,,,,,,既存,,,,,,,,,001017002001001000000000000000,計上部門
株式会社やさしい手,会計系販売系サブシステム,00002,会計系販売系組織体系,2025/11/1,4 ,部,2081,【不】東京西訪問介護,3 ,203025,2016/6/1,9999/12/31,【使用不可】久我山事業所準備室,【不】久我山事業所準,ｸｶﾞﾔﾏｼﾞｷﾞｮｳｼｮｼﾞｭﾝﾋﾞｼ,,,,その他,,,,,,,,既存,,,,,,,,,001017002005000000000000000000,部門
株式会社やさしい手,会計系販売系サブシステム,00002,会計系販売系組織体系,2025/11/1,5 ,課,203025,【不】久我山事業所準,4 ,20302530,2016/6/1,9999/12/31,【使用不可】久我山訪問介護準備室,【不】久我山訪介準備,ｸｶﾞﾔﾏﾎｳﾓﾝｶｲｺﾞｼﾞｭﾝﾋﾞｼ,,,,直接部門,,,,,,,,既存,,,,,,,,,001017002005001000000000000000,計上部門
株式会社やさしい手,会計系販売系サブシステム,00002,会計系販売系組織体系,2025/11/1,4 ,部,2081,【不】東京西訪問介護,3 ,203040,2016/6/1,9999/12/31,【使用不可】西新宿事業所,【不】西新宿事業所,ﾆｼｼﾝｼﾞｭｸｼﾞｷﾞｮｼｮ,,,,その他,,,,03-5308-1183,03-5308-1184,,,既存,,,,,,,,,001017002007000000000000000000,部門
株式会社やさしい手,会計系販売系サブシステム,00002,会計系販売系組織体系,2025/11/1,5 ,課,203040,【不】西新宿事業所,4 ,20304030,2016/6/1,9999/12/31,【使用不可】西新宿訪問介護課,【不】西新宿訪問介護,ﾆｼｼﾝｼﾞｭｸﾎｳﾓﾝｶｲｺﾞｶ,,,,直接部門,,,,,,,,既存,,,,,,,,,001017002007001000000000000000,計上部門
株式会社やさしい手,会計系販売系サブシステム,00002,会計系販売系組織体系,2025/11/1,3 ,本　部,20,【不】東京西支部,2 ,2083,2016/6/1,9999/12/31,【使用不可】東京西支部居宅支援事業部,【不】東京西居宅支援,ﾄｳｷｮｳﾆｼｷｮﾀｸｼｴﾝｼﾞｷﾞｮｳﾌﾞ,,,,その他,,,,,,,,既存,,,,,,,,,001017004000000000000000000000,部門
株式会社やさしい手,会計系販売系サブシステム,00002,会計系販売系組織体系,2025/11/1,4 ,部,2083,【不】東京西居宅支援,3 ,208301,2016/6/1,9999/12/31,【使用不可】東京西居宅統括課,【不】東京西居宅統括,ﾄｳｷｮｳﾆｼｷｮﾀｸﾄｳｶﾂｶ,,,,その他,,,,,,,,既存,,,,,,,,,001017004001000000000000000000,部門
株式会社やさしい手,会計系販売系サブシステム,00002,会計系販売系組織体系,2025/11/1,5 ,課,208301,【不】東京西居宅統括,4 ,20830510,2016/6/1,9999/12/31,【使用不可】東京西居宅統括課,【不】東京西居宅統括,ﾄｳｷｮｳﾆｼｷｮﾀｸﾄｳｶﾂｶ,,,,その他,,,,,,,,既存,,,,,,,,,001017004001001000000000000000,計上部門
株式会社やさしい手,会計系販売系サブシステム,00002,会計系販売系組織体系,2025/11/1,4 ,部,2083,【不】東京西居宅支援,3 ,208740,2016/6/1,9999/12/31,【使用不可】城西グループ,【不】城西グループ,ｼﾞｮｳｻｲｸﾞﾙｰﾌﾟ,,,,その他,,,,,,,,既存,,,,,,,,,001017004016000000000000000000,部門
株式会社やさしい手,会計系販売系サブシステム,00002,会計系販売系組織体系,2025/11/1,5 ,課,208740,【不】城西グループ,4 ,20300502,2016/6/1,9999/12/31,【使用不可】城西統括（介護支援）,【不】城西統括(支),ｼﾞｮｳｻｲﾄｳｶﾂ(ｶｲｺﾞｼｴﾝ),,,,間接部門,,,,,,,,既存,,,,,,,,,001017004016001000000000000000,計上部門
株式会社やさしい手,会計系販売系サブシステム,00002,会計系販売系組織体系,2025/11/1,4 ,部,2083,【不】東京西居宅支援,3 ,208745,2016/6/1,9999/12/31,【使用不可】西東京グループ,【不】西東京グループ,ﾆｼﾄｳｷｮｳｸﾞﾙｰﾌﾟ,,,,その他,,,,,,,,既存,,,,,,,,,001017004017000000000000000000,部門
株式会社やさしい手,会計系販売系サブシステム,00002,会計系販売系組織体系,2025/11/1,5 ,課,208745,【不】西東京グループ,4 ,20400502,2016/6/1,9999/12/31,【使用不可】西東京統括（介護支援）,【不】西東京(支),ﾆｼﾄｳｷｮｳﾄｳｶﾂ(ｶｲｺﾞｼｴﾝ),,,,間接部門,,,,,,,,既存,,,,,,,,,001017004017001000000000000000,計上部門
株式会社やさしい手,会計系販売系サブシステム,00002,会計系販売系組織体系,2025/11/1,4 ,部,2083,【不】東京西居宅支援,3 ,208311,2018/10/1,9999/12/31,【使用不可】中野南口居宅介護支援拠点,【不】中野南口支援,ﾅｶﾉﾐﾅﾐｸﾞﾁｶｲｺﾞｼｴﾝｶ,,,,その他,,,,,,,,既存,,,,,,,,,001017004018000000000000000000,部門
株式会社やさしい手,会計系販売系サブシステム,00002,会計系販売系組織体系,2025/11/1,5 ,課,208311,【不】中野南口支援,4 ,20831120,2018/10/1,9999/12/31,【使用不可】中野南口居宅介護支援部門,【不】中野南口支援,ﾅｶﾉﾐﾅﾐｸﾞﾁｶｲｺﾞｼｴﾝｶ,,,,直接部門,,,,,,,,既存,,,,,,,,,001017004018001000000000000000,計上部門
株式会社やさしい手,会計系販売系サブシステム,00002,会計系販売系組織体系,2025/11/1,3 ,本　部,20,【不】東京西支部,2 ,2093,2016/6/1,9999/12/31,【使用不可】東京西支部通所介護事業部,【不】東京西通所介護,ﾄｳｷｮｳﾆｼﾂｳｼｮｶｲｺﾞｼﾞｷﾞｮｳﾌﾞ,,,,その他,,,,,,,,既存,,,,,,,,,001017005000000000000000000000,部門
株式会社やさしい手,会計系販売系サブシステム,00002,会計系販売系組織体系,2025/11/1,4 ,部,2093,【不】東京西通所介護,3 ,207070,2016/6/1,9999/12/31,【使用不可】東京通所準備室②,【不】東京通所準備②,ﾄｳｷｮｳﾂｳｼｮｼﾞｭﾝﾋﾞｼﾂﾆ,,,,その他,,,,,,,,既存,,,,,,,,,001017005005000000000000000000,部門
株式会社やさしい手,会計系販売系サブシステム,00002,会計系販売系組織体系,2025/11/1,5 ,課,207070,【不】東京通所準備②,4 ,20707060,2016/6/1,9999/12/31,【使用不可】東京通所準備室②,【不】東京通所準備②,ﾄｳｷｮｳﾂｳｼｮｼﾞｭﾝﾋﾞｼﾂﾆ,,,,直接部門,,,,,,,,既存,,,,,,,,,001017005005001000000000000000,計上部門
株式会社やさしい手,会計系販売系サブシステム,00002,会計系販売系組織体系,2025/11/1,4 ,部,2093,【不】東京西通所介護,3 ,209040,2016/6/1,9999/12/31,【使用不可】東京西通所統括課,【不】東京西通所統括,ﾄｳｷｮｳﾆｼﾂｳｼｮﾄｳｶﾂｶ,,,,その他,,,,,,,,既存,,,,,,,,,001017005006000000000000000000,部門
株式会社やさしい手,会計系販売系サブシステム,00002,会計系販売系組織体系,2025/11/1,5 ,課,209040,【不】東京西通所統括,4 ,20904060,2016/6/1,9999/12/31,【使用不可】東京西通所統括課,【不】東京西通所統括,ﾄｳｷｮｳﾆｼﾂｳｼｮﾄｳｶﾂｶ,,,,その他,,,,,,,,既存,,,,,,,,,001017005006001000000000000000,計上部門
株式会社やさしい手,会計系販売系サブシステム,00002,会計系販売系組織体系,2025/11/1,3 ,本　部,20,【不】東京西支部,2 ,2096,2016/6/1,9999/12/31,【使用不可】東京西支部看護事業部,【不】東京西看護事業,ﾄｳｷｮｳﾆｼｶﾝｺﾞｼﾞｷﾞｮｳﾌﾞ,,,,その他,,,,,,,,既存,,,,,,,,,001017006000000000000000000000,部門
株式会社やさしい手,会計系販売系サブシステム,00002,会計系販売系組織体系,2025/11/1,4 ,部,2096,【不】東京西看護事業,3 ,209170,2016/6/1,9999/12/31,【使用不可】練馬入浴課,【不】練馬入浴課,ﾈﾘﾏﾆｭｳﾖｸｶ,,,,その他,,,,,,,,既存,,,,,,,,,001017006003000000000000000000,部門
株式会社やさしい手,会計系販売系サブシステム,00002,会計系販売系組織体系,2025/11/1,5 ,課,209170,【不】練馬入浴課,4 ,20171051,2016/6/1,9999/12/31,【使用不可】練馬入浴事業所,【不】練馬入浴事業所,ﾈﾘﾏﾆｭｳﾖｸｼﾞｷﾞｮｳｼｮｷｭｳ,,,,直接部門,,,,,,,,既存,,,,,,,,,001017006003001000000000000000,計上部門
株式会社やさしい手,会計系販売系サブシステム,00002,会計系販売系組織体系,2025/11/1,5 ,課,209170,【不】練馬入浴課,4 ,20917050,2016/6/1,9999/12/31,【使用不可】練馬入浴事業所,【不】練馬入浴事業所,ﾈﾘﾏﾆｭｳﾖｸｼﾞｷﾞｮｳｼｮ,,,,直接部門,,,,,,,,既存,,,,,,,,,001017006003002000000000000000,計上部門
株式会社やさしい手,会計系販売系サブシステム,00002,会計系販売系組織体系,2025/11/1,4 ,部,2096,【不】東京西看護事業,3 ,209601,2016/6/1,9999/12/31,【使用不可】東京西看護統括課,【不】東京西看護統括,ﾄｳｷｮｳﾆｼｶﾝｺﾞﾄｳｶﾂｶ,,,,その他,,,,,,,,既存,,,,,,,,,001017006004000000000000000000,部門
株式会社やさしい手,会計系販売系サブシステム,00002,会計系販売系組織体系,2025/11/1,5 ,課,209601,【不】東京西看護統括,4 ,20961010,2016/6/1,9999/12/31,【使用不可】東京西看護統括課,【不】東京西看護統括,ﾄｳｷｮｳﾆｼｶﾝｺﾞﾄｳｶﾂｶ,,,,その他,,,,,,,,既存,,,,,,,,,001017006004001000000000000000,計上部門
株式会社やさしい手,会計系販売系サブシステム,00002,会計系販売系組織体系,2025/11/1,4 ,部,2096,【不】東京西看護事業,3 ,209740,2016/6/1,9999/12/31,【使用不可】東京西看護準,【不】東京西看護準,ｶﾐｲﾀﾊﾞｼｶﾝｺﾞｺﾞｳｹｲｼﾞｭﾝﾋﾞｼﾂ,,,,直接部門,,,,,,,,既存,,,,,,,,,001017006006000000000000000000,部門
株式会社やさしい手,会計系販売系サブシステム,00002,会計系販売系組織体系,2025/11/1,5 ,課,209740,【不】東京西看護準,4 ,20974010,2016/6/1,9999/12/31,【使用不可】東京西看護準,【不】東京西看護準,ｶﾐｲﾀﾊﾞｼﾎｳｶﾝｶｲｺﾞ,,,,直接部門,,,,,,,,既存,,,,,,,,,001017006006001000000000000000,計上部門
株式会社やさしい手,会計系販売系サブシステム,00002,会計系販売系組織体系,2025/11/1,5 ,課,209740,【不】東京西看護準,4 ,20974020,2016/6/1,9999/12/31,【使用不可】上板橋訪看医療,【不】上板橋訪看医療,ｶﾐｲﾀﾊﾞｼﾎｳｶﾝｲﾘｮｳ,,,,直接部門,,,,,,,,既存,,,,,,,,,001017006006002000000000000000,計上部門
株式会社やさしい手,会計系販売系サブシステム,00002,会計系販売系組織体系,2025/11/1,4 ,部,2096,【不】東京西看護事業,3 ,073570,2016/7/1,9999/12/31,【使用不可】住宅型有料上板橋準備室,【不】住宅有料上板準,ｼﾞｭｳﾀｸｶﾞﾀﾕｳﾘｮｳｶﾐｲﾀｼﾞｭﾝﾋﾞｼﾂ,,,,その他,,,,,,,,既存,,,,,,,,,001017006008000000000000000000,部門
株式会社やさしい手,会計系販売系サブシステム,00002,会計系販売系組織体系,2025/11/1,5 ,課,073570,【不】住宅有料上板準,4 ,07357010,2016/7/1,9999/12/31,【使用不可】住宅型有料上板橋①,【不】住型有上板橋①,ｼﾞｭｳﾀｸｶﾞﾀﾕｳﾘｮｳｶﾐｲﾀｼﾞｭﾝﾋﾞｼﾂ,,,,間接部門,,,,,,,,既存,,,,,,,,,001017006008001000000000000000,計上部門
株式会社やさしい手,会計系販売系サブシステム,00002,会計系販売系組織体系,2025/11/1,3 ,本　部,20,【不】東京西支部,2 ,2091,2016/7/1,9999/12/31,【使用不可】東京西支部訪問定巡事業部,【不】東京西訪問定巡,ﾄｳｷｮｳﾆｼｼﾌﾞﾎｳﾓﾝﾃｲｼﾞｭﾝｼﾞｷﾞｮｳﾌﾞ,,,,その他,,,,,,,,既存,,,,,,,,,001017008000000000000000000000,部門
株式会社やさしい手,会計系販売系サブシステム,00002,会計系販売系組織体系,2025/11/1,4 ,部,2091,【不】東京西訪問定巡,3 ,203070,2016/7/1,9999/12/31,【使用不可】新高円寺事業所準備室,【不】新高円寺準備室,ｼﾝｺｳｴﾝｼﾞｼﾞｷﾞｮｳｼｮｼﾞｭﾝﾋﾞｼﾂ,,,,その他,,,,,,,,既存,,,,,,,,,001017008001000000000000000000,部門
株式会社やさしい手,会計系販売系サブシステム,00002,会計系販売系組織体系,2025/11/1,5 ,課,203070,【不】新高円寺準備室,4 ,20307030,2016/7/1,9999/12/31,【使用不可】新高円寺訪問介護課準備室,【不】新高円寺訪介準,ｼﾝｺｳｴﾝｼﾞﾎｳﾓﾝｶｲｺﾞｶｼﾞｭﾝﾋﾞｼﾂ,,,,直接部門,,,,,,,,既存,,,,,,,,,001017008001001000000000000000,計上部門
株式会社やさしい手,会計系販売系サブシステム,00002,会計系販売系組織体系,2025/11/1,5 ,課,203070,【不】新高円寺準備室,4 ,20307050,2016/7/1,9999/12/31,【使用不可】新高円寺定巡ｸﾞﾙ準備室,【不】新高円寺定巡準,ｼﾝｺｳｴﾝｼﾞﾃｲｷｼﾞｭﾝｶｲｸﾞﾙｰﾌﾟｼﾞｭﾝﾋﾞｼﾂ,,,,直接部門,,,,,,,,既存,,,,,,,,,001017008001002000000000000000,計上部門
株式会社やさしい手,会計系販売系サブシステム,00002,会計系販売系組織体系,2025/11/1,2 ,本社／支社,0000000000,全社,1 ,25,2016/6/1,9999/12/31,【使用不可】千葉支部,【不】千葉支部,ﾁﾊﾞｼﾌﾞ,,,,その他,,,,,,,,既存,,,,,,,,,001018000000000000000000000000,部門
株式会社やさしい手,会計系販売系サブシステム,00002,会計系販売系組織体系,2025/11/1,3 ,本　部,25,【不】千葉支部,2 ,2075,2016/6/1,9999/12/31,【使用不可】千葉支部訪問介護事業部,【不】千葉訪問介護,ﾁﾊﾞｼﾌﾞﾎｳﾓﾝｶｲｺﾞｼﾞｷﾞｮｳﾌﾞ,,,,その他,,,,,,,,既存,,,,,,,,,001018001000000000000000000000,部門
株式会社やさしい手,会計系販売系サブシステム,00002,会計系販売系組織体系,2025/11/1,4 ,部,2075,【不】千葉訪問介護,3 ,202305,2016/6/1,9999/12/31,【使用不可】千葉統括課,【不】千葉統括課,ﾁﾊﾞﾄｳｶﾂｶ,,,,その他,,,,,,,,既存,,,,,,,,,001018001002000000000000000000,部門
株式会社やさしい手,会計系販売系サブシステム,00002,会計系販売系組織体系,2025/11/1,5 ,課,202305,【不】千葉統括課,4 ,20230503,2016/6/1,9999/12/31,【使用不可】千葉統括（訪問介護）,【不】千葉統括（訪,ﾁﾊﾞﾄｳｶﾂ(ﾎｳﾓﾝｶｲｺﾞ),,,,間接部門,,,,,,,,既存,,,,,,,,,001018001002001000000000000000,計上部門
株式会社やさしい手,会計系販売系サブシステム,00002,会計系販売系組織体系,2025/11/1,4 ,部,2075,【不】千葉訪問介護,3 ,202310,2016/6/1,9999/12/31,【使用不可】北習志野事業所,【不】北習志野事業所,ｷﾀﾅﾗｼﾉｼﾞｷﾞｮｳｼｮ,,,,その他,,,,047-496-8341,047-496-8345,,,既存,,,,,,,,,001018001003000000000000000000,部門
株式会社やさしい手,会計系販売系サブシステム,00002,会計系販売系組織体系,2025/11/1,5 ,課,202310,【不】北習志野事業所,4 ,20231030,2016/6/1,9999/12/31,【使用不可】北習志野訪問介護課,【不】北習志野訪介,ｷﾀﾅﾗｼﾉﾎｳﾓﾝｶｲｺﾞｶ,,,,直接部門,,,,047-496-8341,047-496-8345,,,既存,,,,,,,,,001018001003001000000000000000,計上部門
株式会社やさしい手,会計系販売系サブシステム,00002,会計系販売系組織体系,2025/11/1,4 ,部,2075,【不】千葉訪問介護,3 ,202330,2016/6/1,9999/12/31,【使用不可】千葉統括準備室3,【不】千葉準備室3,ﾁﾊﾞﾄｳｶﾂｼﾞｭﾝﾋﾞｼﾂ3,,,,その他,,,,,,,,既存,,,,,,,,,001018001005000000000000000000,部門
株式会社やさしい手,会計系販売系サブシステム,00002,会計系販売系組織体系,2025/11/1,5 ,課,202330,【不】千葉準備室3,4 ,20233030,2016/6/1,9999/12/31,【使用不可】千葉統括準備室3,【不】千葉準備室3,ﾁﾊﾞﾄｳｶﾂｼﾞｭﾝﾋﾞｼﾂ3,,,,直接部門,,,,,,,,既存,,,,,,,,,001018001005001000000000000000,計上部門
株式会社やさしい手,会計系販売系サブシステム,00002,会計系販売系組織体系,2025/11/1,3 ,本　部,25,【不】千葉支部,2 ,2079,2016/6/1,9999/12/31,【使用不可】千葉支部居宅支援事業部,【不】千葉居宅支援,ﾁﾊﾞｷｮﾀｸｼｴﾝｼﾞｷﾞｮｳﾌﾞ,,,,その他,,,,,,,,既存,,,,,,,,,001018002000000000000000000000,部門
株式会社やさしい手,会計系販売系サブシステム,00002,会計系販売系組織体系,2025/11/1,4 ,部,2079,【不】千葉居宅支援,3 ,207910,2016/6/1,9999/12/31,【使用不可】千葉居宅統括課,【不】千葉居宅統括課,ﾁﾊﾞｷｮﾀｸﾄｳｶﾂｶ,,,,その他,,,,,,,,既存,,,,,,,,,001018002007000000000000000000,部門
株式会社やさしい手,会計系販売系サブシステム,00002,会計系販売系組織体系,2025/11/1,5 ,課,207910,【不】千葉居宅統括課,4 ,20791010,2016/6/1,9999/12/31,【使用不可】千葉居宅統括課,【不】千葉居宅統括課,ﾁﾊﾞｷｮﾀｸﾄｳｶﾂｶ,,,,その他,,,,,,,,既存,,,,,,,,,001018002007001000000000000000,計上部門
株式会社やさしい手,会計系販売系サブシステム,00002,会計系販売系組織体系,2025/11/1,4 ,部,2079,【不】千葉居宅支援,3 ,208310,2016/6/1,9999/12/31,【使用不可】千葉グループ,【不】千葉グループ,ﾁﾊﾞｸﾞﾙｰﾌﾟ,,,,その他,,,,,,,,既存,,,,,,,,,001018002008000000000000000000,部門
株式会社やさしい手,会計系販売系サブシステム,00002,会計系販売系組織体系,2025/11/1,5 ,課,208310,【不】千葉グループ,4 ,20831010,2016/6/1,9999/12/31,【使用不可】千葉統括（介護支援）,【不】千葉統括(支),ﾁﾊﾞﾄｳｶﾂ(ｶｲｺﾞｼｴﾝ),,,,その他,,,,,,,,既存,,,,,,,,,001018002008001000000000000000,計上部門
株式会社やさしい手,会計系販売系サブシステム,00002,会計系販売系組織体系,2025/11/1,4 ,部,2079,【不】千葉居宅支援,3 ,207909,2020/5/1,9999/12/31,【使用不可】稲毛海岸居宅介護支援拠点,【不】稲毛海岸支援,ｲﾅｹﾞｶｲｶﾞﾝｼｴﾝｼﾞｷﾞｮｳｼｮ,,,,その他,,,,,,,,既存,,,,,,,,,001018002009000000000000000000,部門
株式会社やさしい手,会計系販売系サブシステム,00002,会計系販売系組織体系,2025/11/1,5 ,課,207909,【不】稲毛海岸支援,4 ,20790910,2020/5/1,9999/12/31,【使用不可】稲毛海岸居宅介護支援部門,【不】稲毛海岸支援,ｲﾅｹﾞｶｲｶﾞﾝｼｴﾝｼﾞｷﾞｮｳｼｮ,,,,直接部門,,,,,,,,既存,,,,,,,,,001018002009001000000000000000,計上部門
株式会社やさしい手,会計系販売系サブシステム,00002,会計系販売系組織体系,2025/11/1,3 ,本　部,25,【不】千葉支部,2 ,2089,2016/6/1,9999/12/31,【使用不可】千葉支部看護事業部,【不】千葉看護事業部,ﾁﾊﾞｶﾝｺﾞｼﾞｷﾞｮｳﾌﾞ,,,,その他,,,,,,,,既存,,,,,,,,,001018003000000000000000000000,部門
株式会社やさしい手,会計系販売系サブシステム,00002,会計系販売系組織体系,2025/11/1,4 ,部,2089,【不】千葉看護事業部,3 ,208910,2016/6/1,9999/12/31,【使用不可】千葉看護統括課,【不】千葉看護統括課,ﾁﾊﾞｶﾝｺﾞﾄｳｶﾂｶ,,,,間接部門,,,,,,,,既存,,,,,,,,,001018003001000000000000000000,部門
株式会社やさしい手,会計系販売系サブシステム,00002,会計系販売系組織体系,2025/11/1,5 ,課,208910,【不】千葉看護統括課,4 ,20891010,2016/6/1,9999/12/31,【使用不可】千葉看護統括課,【不】千葉看護統括課,ﾁﾊﾞｶﾝｺﾞﾄｳｶﾂｶ,,,,間接部門,,,,,,,,既存,,,,,,,,,001018003001001000000000000000,計上部門
株式会社やさしい手,会計系販売系サブシステム,00002,会計系販売系組織体系,2025/11/1,4 ,部,2089,【不】千葉看護事業部,3 ,208915,2020/5/1,9999/12/31,【使用不可】稲毛海岸看多機拠点かえりえ,【不】稲毛海岸看多機,ｲﾅｹﾞｶｲｶﾞﾝｶﾝﾀｷｷｮﾃﾝ,,,,その他,,,,,,,,既存,,,,,,,,,001018003002000000000000000000,部門
株式会社やさしい手,会計系販売系サブシステム,00002,会計系販売系組織体系,2025/11/1,5 ,課,208915,【不】稲毛海岸看多機,4 ,20891510,2020/5/1,9999/12/31,【使用不可】稲毛海岸訪問看護,【不】稲毛海岸訪看,ｲﾅｹﾞｶｲｶﾞﾝﾎｳﾓﾝｶﾝｺﾞ,,,,直接部門,,,,,,,,既存,,,,,,,,,001018003002001000000000000000,計上部門
株式会社やさしい手,会計系販売系サブシステム,00002,会計系販売系組織体系,2025/11/1,5 ,課,208915,【不】稲毛海岸看多機,4 ,20891520,2020/5/1,9999/12/31,【使用不可】稲毛海岸看多機,【不】稲毛海岸看多機,ｲﾅｹﾞｶｲｶﾞﾝｶﾝﾀｷ,,,,直接部門,,,,,,,,既存,,,,,,,,,001018003002002000000000000000,計上部門
株式会社やさしい手,会計系販売系サブシステム,00002,会計系販売系組織体系,2025/11/1,5 ,課,208915,【不】稲毛海岸看多機,4 ,20891530,2020/5/1,9999/12/31,【使用不可】稲毛海岸訪看医療,【不】稲毛海岸訪看医,ｲﾅｹﾞｶｲｶﾞﾝﾎｳｶﾝｲﾘｮｳ,,,,直接部門,,,,,,,,既存,,,,,,,,,001018003002003000000000000000,計上部門
株式会社やさしい手,会計系販売系サブシステム,00002,会計系販売系組織体系,2025/11/1,3 ,本　部,25,【不】千葉支部,2 ,2510,2016/6/1,9999/12/31,【使用不可】千葉支部統括部,【不】千葉支部統括部,ﾁﾊﾞｼﾌﾞﾄｳｶﾂﾌﾞ,,,,その他,,,,,,,,既存,,,,,,,,,001018004000000000000000000000,部門
株式会社やさしい手,会計系販売系サブシステム,00002,会計系販売系組織体系,2025/11/1,4 ,部,2510,【不】千葉支部統括部,3 ,251010,2016/6/1,9999/12/31,【使用不可】千葉支部統括課,【不】千葉支部統括課,ﾁﾊﾞｼﾌﾞﾄｳｶﾂｶ,,,,その他,,,,,,,,既存,,,,,,,,,001018004001000000000000000000,部門
株式会社やさしい手,会計系販売系サブシステム,00002,会計系販売系組織体系,2025/11/1,5 ,課,251010,【不】千葉支部統括課,4 ,25101010,2016/6/1,9999/12/31,【使用不可】千葉支部統括課,【不】千葉支部統括課,ﾁﾊﾞｼﾌﾞﾄｳｶﾂｶ,,,,その他,,,,,,,,既存,,,,,,,,,001018004001001000000000000000,計上部門
株式会社やさしい手,会計系販売系サブシステム,00002,会計系販売系組織体系,2025/11/1,3 ,本　部,25,【不】千葉支部,2 ,2066,2016/7/1,9999/12/31,【使用不可】千葉支部訪問高住事業部,【不】千葉訪問高住,ﾁﾊﾞｼﾌﾞﾎｳﾓﾝｺｳｼﾞｭｳﾌﾞﾓﾝ,,,,その他,,,,,,,,既存,,,,,,,,,001018005000000000000000000000,部門
株式会社やさしい手,会計系販売系サブシステム,00002,会計系販売系組織体系,2025/11/1,4 ,部,2066,【不】千葉訪問高住,3 ,206610,2020/5/1,9999/12/31,【使用不可】稲毛海岸訪問高住拠点,【不】稲毛海岸訪高,ｲﾅｹﾞｶｲｶﾞﾝﾎｳﾓﾝｺｳｼﾞｭｳｷｮﾃﾝ,,,,その他,,,,,,,,既存,,,,,,,,,001018005006000000000000000000,部門
株式会社やさしい手,会計系販売系サブシステム,00002,会計系販売系組織体系,2025/11/1,5 ,課,206610,【不】稲毛海岸訪高,4 ,20661020,2020/5/1,9999/12/31,【使用不可】稲毛海岸住宅役務部門,【不】稲毛海岸住役,ｲﾅｹﾞｶｲｶﾞﾝｼﾞｭｳﾀｸｴｷﾑﾌﾞﾓﾝ,,,,直接部門,,,,,,,,既存,,,,,,,,,001018005006001000000000000000,計上部門
株式会社やさしい手,会計系販売系サブシステム,00002,会計系販売系組織体系,2025/11/1,5 ,課,206610,【不】稲毛海岸訪高,4 ,20661010,2020/5/1,9999/12/31,【使用不可】稲毛海岸訪問介護部門,【不】稲毛海岸訪介,ｲﾅｹﾞｶｲｶﾞﾝﾎｳﾓﾝｶｲｺﾞﾌﾞﾓﾝ,,,,直接部門,,,,,,,,既存,,,,,,,,,001018005006002000000000000000,計上部門
株式会社やさしい手,会計系販売系サブシステム,00002,会計系販売系組織体系,2025/11/1,3 ,本　部,25,【不】千葉支部,2 ,2045,2018/5/1,9999/12/31,【使用不可】関東信越営業推進部,【不】関東信越営業推,ｶﾝﾄｳｼﾝｴﾂｴｲｷﾞｮｳｽｲｼﾝﾌﾞ,,,,その他,,,,,,,,既存,,,,,,,,,001018007000000000000000000000,部門
株式会社やさしい手,会計系販売系サブシステム,00002,会計系販売系組織体系,2025/11/1,4 ,部,2045,【不】関東信越営業推,3 ,204510,2018/5/1,9999/12/31,【使用不可】関東信越営業推進課,【不】関東信越営業推,ｶﾝﾄｳｼﾝｴﾂｴｲｷﾞｮｳｽｲｼﾝｶ,,,,その他,,,,,,,,既存,,,,,,,,,001018007001000000000000000000,部門
株式会社やさしい手,会計系販売系サブシステム,00002,会計系販売系組織体系,2025/11/1,5 ,課,204510,【不】関東信越営業推,4 ,20451010,2018/5/1,9999/12/31,【使用不可】関東信越営業推進課,【不】関東信越営業推,ｶﾝﾄｳｼﾝｴﾂｴｲｷﾞｮｳｽｲｼﾝｶ,,,,その他,,,,,,,,既存,,,,,,,,,001018007001001000000000000000,計上部門
株式会社やさしい手,会計系販売系サブシステム,00002,会計系販売系組織体系,2025/11/1,4 ,部,2045,【不】関東信越営業推,3 ,204520,2018/5/1,9999/12/31,【使用不可】関東信越介護支援推進,【不】関東信越支援推,ｶﾝﾄｳｼﾝｴﾂｶｲｺﾞｼｴﾝｽｲｼﾝ,,,,その他,,,,,,,,既存,,,,,,,,,001018007002000000000000000000,部門
株式会社やさしい手,会計系販売系サブシステム,00002,会計系販売系組織体系,2025/11/1,5 ,課,204520,【不】関東信越支援推,4 ,20452010,2018/5/1,9999/12/31,【使用不可】関東信越介護支援推進,【不】関東信越支援推,ｶﾝﾄｳｼﾝｴﾂｶｲｺﾞｼｴﾝｽｲｼﾝ,,,,その他,,,,,,,,既存,,,,,,,,,001018007002001000000000000000,計上部門
株式会社やさしい手,会計系販売系サブシステム,00002,会計系販売系組織体系,2025/11/1,4 ,部,2045,【不】関東信越営業推,3 ,204530,2018/5/1,9999/12/31,【使用不可】関東信越通所推進課,【不】関東信越通所推,ｶﾝﾄｳｼﾝｴﾂﾂｳｼｮｽｲｼﾝｶ,,,,その他,,,,,,,,既存,,,,,,,,,001018007003000000000000000000,部門
株式会社やさしい手,会計系販売系サブシステム,00002,会計系販売系組織体系,2025/11/1,5 ,課,204530,【不】関東信越通所推,4 ,20453010,2018/5/1,9999/12/31,【使用不可】関東信越通所推進課,【不】関東信越通所推,ｶﾝﾄｳｼﾝｴﾂﾂｳｼｮｽｲｼﾝｶ,,,,その他,,,,,,,,既存,,,,,,,,,001018007003001000000000000000,計上部門
株式会社やさしい手,会計系販売系サブシステム,00002,会計系販売系組織体系,2025/11/1,2 ,本社／支社,0000000000,全社,1 ,30,2016/6/1,9999/12/31,【使用不可】神奈川支部,【不】神奈川支部,ｶﾅｶﾞﾜｼﾌﾞ,,,,その他,,,,,,,,既存,,,,,,,,,001019000000000000000000000000,部門
株式会社やさしい手,会計系販売系サブシステム,00002,会計系販売系組織体系,2025/11/1,3 ,本　部,30,【不】神奈川支部,2 ,2062,2016/6/1,9999/12/31,【使用不可】神奈川支部訪問介護事業部,【不】神奈川訪問介護,ｶﾅｶﾞﾜｼﾌﾞﾎｳﾓﾝｶｲｺﾞｼﾞｷﾞｮｳﾌﾞ,,,,その他,,,,,,,,既存,,,,,,,,,001019001000000000000000000000,部門
株式会社やさしい手,会計系販売系サブシステム,00002,会計系販売系組織体系,2025/11/1,4 ,部,2062,【不】神奈川訪問介護,3 ,203505,2016/6/1,9999/12/31,【使用不可】神奈川統括課,【不】神奈川統括課,ｶﾅｶﾞﾜﾄｳｶﾂｶ,,,,その他,,,,,,,,既存,,,,,,,,,001019001001000000000000000000,部門
株式会社やさしい手,会計系販売系サブシステム,00002,会計系販売系組織体系,2025/11/1,5 ,課,203505,【不】神奈川統括課,4 ,20350503,2016/6/1,9999/12/31,【使用不可】神奈川統括（訪問介護）,【不】神奈川統括（訪,ｶﾅｶﾞﾜﾄｳｶﾂ(ﾎｳﾓﾝｶｲｺﾞ),,,,間接部門,,,,,,,,既存,,,,,,,,,001019001001001000000000000000,計上部門
株式会社やさしい手,会計系販売系サブシステム,00002,会計系販売系組織体系,2025/11/1,4 ,部,2062,【不】神奈川訪問介護,3 ,203528,2016/6/1,9999/12/31,【使用不可】反町事業所,【不】反町事業所,ﾀﾝﾏﾁｼﾞｷﾞｮｳｼｮ,,,,その他,,,,045-317-5605,045-317-5606,,,既存,,,,,,,,,001019001006000000000000000000,部門
株式会社やさしい手,会計系販売系サブシステム,00002,会計系販売系組織体系,2025/11/1,5 ,課,203528,【不】反町事業所,4 ,20352830,2016/6/1,9999/12/31,【使用不可】反町訪問介護課,【不】反町訪問介護課,ﾀﾝﾏﾁﾎｳﾓﾝｶｲｺﾞｶ,,,,直接部門,,,,,,,,既存,,,,,,,,,001019001006001000000000000000,計上部門
株式会社やさしい手,会計系販売系サブシステム,00002,会計系販売系組織体系,2025/11/1,4 ,部,2062,【不】神奈川訪問介護,3 ,203550,2016/6/1,9999/12/31,【使用不可】神奈川準備室,【不】神奈川準備室,ｾﾝﾀｰﾐﾅﾐｼﾞｷﾞｮｳｼｮｼﾞｭﾝﾋﾞｼﾂ,,,,間接部門,,,,,,,,既存,,,,,,,,,001019001009000000000000000000,部門
株式会社やさしい手,会計系販売系サブシステム,00002,会計系販売系組織体系,2025/11/1,5 ,課,203550,【不】神奈川準備室,4 ,20355030,2016/6/1,9999/12/31,【使用不可】神奈川準備室,【不】神奈川準備室,ｾﾝﾀｰﾐﾅﾐﾎｳﾓﾝｶｲｺﾞｶｼﾞｭﾝﾋﾞｼﾂ,,,,直接部門,,,,,,,,既存,,,,,,,,,001019001009001000000000000000,計上部門
株式会社やさしい手,会計系販売系サブシステム,00002,会計系販売系組織体系,2025/11/1,3 ,本　部,30,【不】神奈川支部,2 ,2063,2016/6/1,9999/12/31,【使用不可】神奈川支部居宅支援事業部,【不】神奈川居宅支援,ｶﾅｶﾞﾜｷｮﾀｸｼｴﾝｼﾞｷﾞｮｳﾌﾞ,,,,その他,,,,,,,,既存,,,,,,,,,001019002000000000000000000000,部門
株式会社やさしい手,会計系販売系サブシステム,00002,会計系販売系組織体系,2025/11/1,4 ,部,2063,【不】神奈川居宅支援,3 ,206310,2016/6/1,9999/12/31,【使用不可】神奈川居宅統括課,【不】神奈川居宅統括,ｶﾅｶﾞﾜｷｮﾀｸﾄｳｶﾂｶ,,,,その他,,,,,,,,既存,,,,,,,,,001019002005000000000000000000,部門
株式会社やさしい手,会計系販売系サブシステム,00002,会計系販売系組織体系,2025/11/1,5 ,課,206310,【不】神奈川居宅統括,4 ,20631010,2016/6/1,9999/12/31,【使用不可】神奈川居宅統括課,【不】神奈川居宅統括,ｶﾅｶﾞﾜｷｮﾀｸﾄｳｶﾂｶ,,,,その他,,,,,,,,既存,,,,,,,,,001019002005001000000000000000,計上部門
株式会社やさしい手,会計系販売系サブシステム,00002,会計系販売系組織体系,2025/11/1,4 ,部,2063,【不】神奈川居宅支援,3 ,208725,2016/6/1,9999/12/31,【使用不可】神奈川グループ,【不】神奈川グループ,ｶﾅｶﾞﾜｸﾞﾙｰﾌﾟ,,,,その他,,,,,,,,既存,,,,,,,,,001019002006000000000000000000,部門
株式会社やさしい手,会計系販売系サブシステム,00002,会計系販売系組織体系,2025/11/1,5 ,課,208725,【不】神奈川グループ,4 ,20350502,2016/6/1,9999/12/31,【使用不可】神奈川統括（介護支援）,【不】神奈川統括(支),ｶﾅｶﾞﾜﾄｳｶﾂ(ｶｲｺﾞｼｴﾝ),,,,間接部門,,,,,,,,既存,,,,,,,,,001019002006001000000000000000,計上部門
株式会社やさしい手,会計系販売系サブシステム,00002,会計系販売系組織体系,2025/11/1,3 ,本　部,30,【不】神奈川支部,2 ,2088,2016/6/1,9999/12/31,【使用不可】神奈川支部通所介護事業部,【不】神奈川通所介護,ｶﾅｶﾞﾜﾂｳｼｮｶｲｺﾞｼﾞｷﾞｮｳﾌﾞ,,,,その他,,,,,,,,既存,,,,,,,,,001019003000000000000000000000,部門
株式会社やさしい手,会計系販売系サブシステム,00002,会計系販売系組織体系,2025/11/1,4 ,部,2088,【不】神奈川通所介護,3 ,208810,2016/6/1,9999/12/31,【使用不可】神奈川通所統括課,【不】神奈川通所統括,ｶﾅｶﾞﾜﾂｳｼｮﾄｳｶﾂｶ,,,,その他,,,,,,,,既存,,,,,,,,,001019003002000000000000000000,部門
株式会社やさしい手,会計系販売系サブシステム,00002,会計系販売系組織体系,2025/11/1,5 ,課,208810,【不】神奈川通所統括,4 ,20881010,2016/6/1,9999/12/31,【使用不可】神奈川通所統括課,【不】神奈川通所統括,ｶﾅｶﾞﾜﾂｳｼｮﾄｳｶﾂｶ,,,,その他,,,,,,,,既存,,,,,,,,,001019003002001000000000000000,計上部門
株式会社やさしい手,会計系販売系サブシステム,00002,会計系販売系組織体系,2025/11/1,3 ,本　部,30,【不】神奈川支部,2 ,3010,2016/6/1,9999/12/31,【使用不可】神奈川支部統括部,【不】神奈川支部統括,ｶﾅｶﾞﾜｼﾌﾞﾄｳｶﾂﾌﾞ,,,,その他,,,,,,,,既存,,,,,,,,,001019004000000000000000000000,部門
株式会社やさしい手,会計系販売系サブシステム,00002,会計系販売系組織体系,2025/11/1,4 ,部,3010,【不】神奈川支部統括,3 ,301010,2016/6/1,9999/12/31,【使用不可】神奈川支部統括課,【不】神奈川支部統括,ｶﾅｶﾞﾜｼﾌﾞﾄｳｶﾂｶ,,,,その他,,,,,,,,既存,,,,,,,,,001019004001000000000000000000,部門
株式会社やさしい手,会計系販売系サブシステム,00002,会計系販売系組織体系,2025/11/1,5 ,課,301010,【不】神奈川支部統括,4 ,30101010,2016/6/1,9999/12/31,【使用不可】神奈川支部統括課,【不】神奈川支部統括,ｶﾅｶﾞﾜｼﾌﾞﾄｳｶﾂｶ,,,,その他,,,,,,,,既存,,,,,,,,,001019004001001000000000000000,計上部門
株式会社やさしい手,会計系販売系サブシステム,00002,会計系販売系組織体系,2025/11/1,3 ,本　部,30,【不】神奈川支部,2 ,3020,2017/8/1,9999/12/31,【使用不可】神奈川支部看護事業部,【不】神奈川看護事業,ｶﾅｶﾞﾜｶﾝｺﾞｼﾞｷﾞｮｳﾌﾞ,,,,その他,,,,,,,,既存,,,,,,,,,001019006000000000000000000000,部門
株式会社やさしい手,会計系販売系サブシステム,00002,会計系販売系組織体系,2025/11/1,4 ,部,3020,【不】神奈川看護事業,3 ,302010,2017/8/1,9999/12/31,【使用不可】神奈川看護統括課,【不】神奈川看護統括,ｶﾅｶﾞﾜｶﾝｺﾞﾄｳｶﾂｶ,,,,その他,,,,,,,,既存,,,,,,,,,001019006001000000000000000000,部門
株式会社やさしい手,会計系販売系サブシステム,00002,会計系販売系組織体系,2025/11/1,5 ,課,302010,【不】神奈川看護統括,4 ,30201010,2017/8/1,9999/12/31,【使用不可】神奈川看護統括課,【不】神奈川看護統括,ｶﾅｶﾞﾜｶﾝｺﾞﾄｳｶﾂｶ,,,,間接部門,,,,,,,,既存,,,,,,,,,001019006001001000000000000000,計上部門
株式会社やさしい手,会計系販売系サブシステム,00002,会計系販売系組織体系,2025/11/1,4 ,部,3020,【不】神奈川看護事業,3 ,302020,2017/8/1,9999/12/31,【使用不可】神奈川看多機準,【不】神奈川看多機準,ｶﾅｻﾞﾜﾌﾞﾝｺｶﾝﾀｷｺﾞｳｹｲｼﾞｭﾝﾋﾞｼﾂ,,,,その他,,,,,,,,既存,,,,,,,,,001019006002000000000000000000,部門
株式会社やさしい手,会計系販売系サブシステム,00002,会計系販売系組織体系,2025/11/1,5 ,課,302020,【不】神奈川看多機準,4 ,30202010,2017/8/1,9999/12/31,【使用不可】金沢文庫看多機,【不】金沢文庫看多機,ｶﾅｻﾞﾜﾌﾞﾝｺｶﾝﾀｷ,,,,直接部門,,,,,,,,既存,,,,,,,,,001019006002001000000000000000,計上部門
株式会社やさしい手,会計系販売系サブシステム,00002,会計系販売系組織体系,2025/11/1,5 ,課,302020,【不】神奈川看多機準,4 ,30202020,2017/8/1,9999/12/31,【使用不可】金沢文庫訪看介護,【不】金沢文庫訪看介,ｶﾅｻﾞﾜﾌﾞﾝｺﾎｳｶﾝｶｲｺﾞ,,,,直接部門,,,,,,,,既存,,,,,,,,,001019006002002000000000000000,計上部門
株式会社やさしい手,会計系販売系サブシステム,00002,会計系販売系組織体系,2025/11/1,5 ,課,302020,【不】神奈川看多機準,4 ,30202030,2017/8/1,9999/12/31,【使用不可】金沢文庫訪看医療,【不】金沢文庫訪看医,ｶﾅｻﾞﾜﾌﾞﾝｺﾎｳｶﾝｲﾘｮｳ,,,,直接部門,,,,,,,,既存,,,,,,,,,001019006002003000000000000000,計上部門
株式会社やさしい手,会計系販売系サブシステム,00002,会計系販売系組織体系,2025/11/1,2 ,本社／支社,0000000000,全社,1 ,35,2016/6/1,9999/12/31,【使用不可】埼玉支部,【不】埼玉支部,ｻｲﾀﾏｼﾌﾞ,,,,その他,,,,,,,,既存,,,,,,,,,001020000000000000000000000000,部門
株式会社やさしい手,会計系販売系サブシステム,00002,会計系販売系組織体系,2025/11/1,3 ,本　部,35,【不】埼玉支部,2 ,2071,2016/6/1,9999/12/31,【使用不可】埼玉支部訪問介護事業部,【不】埼玉訪問介護,ｻｲﾀﾏｼﾌﾞﾎｳﾓﾝｶｲｺﾞｼﾞｷﾞｮｳﾌﾞ,,,,その他,,,,,,,,既存,,,,,,,,,001020001000000000000000000000,部門
株式会社やさしい手,会計系販売系サブシステム,00002,会計系販売系組織体系,2025/11/1,4 ,部,2071,【不】埼玉訪問介護,3 ,202505,2016/6/1,9999/12/31,【使用不可】埼玉統括課,【不】埼玉統括課,ｻｲﾀﾏﾄｳｶﾂｶ,,,,その他,,,,,,,,既存,,,,,,,,,001020001001000000000000000000,部門
株式会社やさしい手,会計系販売系サブシステム,00002,会計系販売系組織体系,2025/11/1,5 ,課,202505,【不】埼玉統括課,4 ,20250503,2016/6/1,9999/12/31,【使用不可】埼玉統括（訪問介護）,【不】埼玉統括（訪,ｻｲﾀﾏﾄｳｶﾂ(ﾎｳﾓﾝｶｲｺﾞ),,,,間接部門,,,,,,,,既存,,,,,,,,,001020001001001000000000000000,計上部門
株式会社やさしい手,会計系販売系サブシステム,00002,会計系販売系組織体系,2025/11/1,4 ,部,2071,【不】埼玉訪問介護,3 ,202840,2016/6/1,9999/12/31,【使用不可】埼玉準備室,【不】埼玉準備室,ｻｲﾀﾏﾄｳｶﾂｼﾞｭﾝﾋﾞｼﾂ,,,,その他,,,,,,,,既存,,,,,,,,,001020001008000000000000000000,部門
株式会社やさしい手,会計系販売系サブシステム,00002,会計系販売系組織体系,2025/11/1,5 ,課,202840,【不】埼玉準備室,4 ,20284030,2016/6/1,9999/12/31,【使用不可】埼玉準備室,【不】埼玉準備室,ｻｲﾀﾏﾄｳｶﾂｼﾞｭﾝﾋﾞｼﾂ,,,,直接部門,,,,,,,,既存,,,,,,,,,001020001008001000000000000000,計上部門
株式会社やさしい手,会計系販売系サブシステム,00002,会計系販売系組織体系,2025/11/1,3 ,本　部,35,【不】埼玉支部,2 ,3510,2016/6/1,9999/12/31,【使用不可】埼玉支部統括部,【不】埼玉支部統括部,ｻｲﾀﾏｼﾌﾞﾄｳｶﾂﾌﾞ,,,,その他,,,,,,,,既存,,,,,,,,,001020002000000000000000000000,部門
株式会社やさしい手,会計系販売系サブシステム,00002,会計系販売系組織体系,2025/11/1,4 ,部,3510,【不】埼玉支部統括部,3 ,351010,2016/6/1,9999/12/31,【使用不可】埼玉支部統括課,【不】埼玉支部統括課,ｻｲﾀﾏｼﾌﾞﾄｳｶﾂｶ,,,,その他,,,,,,,,既存,,,,,,,,,001020002001000000000000000000,部門
株式会社やさしい手,会計系販売系サブシステム,00002,会計系販売系組織体系,2025/11/1,5 ,課,351010,【不】埼玉支部統括課,4 ,35101010,2016/6/1,9999/12/31,【使用不可】埼玉支部統括課,【不】埼玉支部統括課,ｻｲﾀﾏｼﾌﾞﾄｳｶﾂｶ,,,,その他,,,,,,,,既存,,,,,,,,,001020002001001000000000000000,計上部門
株式会社やさしい手,会計系販売系サブシステム,00002,会計系販売系組織体系,2025/11/1,3 ,本　部,35,【不】埼玉支部,2 ,3520,2016/6/1,9999/12/31,【使用不可】埼玉支部居宅支援事業部,【不】埼玉居宅支援,ｻｲﾀﾏｷｮﾀｸｼｴﾝｼﾞｷﾞｮｳﾌﾞ,,,,その他,,,,,,,,既存,,,,,,,,,001020003000000000000000000000,部門
株式会社やさしい手,会計系販売系サブシステム,00002,会計系販売系組織体系,2025/11/1,4 ,部,3520,【不】埼玉居宅支援,3 ,209210,2016/6/1,9999/12/31,【使用不可】埼玉グループ,【不】埼玉グループ,ｻｲﾀﾏｸﾞﾙｰﾌﾟ,,,,その他,,,,,,,,既存,,,,,,,,,001020003001000000000000000000,部門
株式会社やさしい手,会計系販売系サブシステム,00002,会計系販売系組織体系,2025/11/1,5 ,課,209210,【不】埼玉グループ,4 ,20921010,2016/6/1,9999/12/31,【使用不可】埼玉統括（介護支援）,【不】埼玉統括(支),ｻｲﾀﾏﾄｳｶﾂ(ｶｲｺﾞｼｴﾝ),,,,その他,,,,,,,,既存,,,,,,,,,001020003001001000000000000000,計上部門
株式会社やさしい手,会計系販売系サブシステム,00002,会計系販売系組織体系,2025/11/1,4 ,部,3520,【不】埼玉居宅支援,3 ,352010,2016/6/1,9999/12/31,【使用不可】埼玉居宅統括課,【不】埼玉居宅統括課,ｻｲﾀﾏｷｮﾀｸﾄｳｶﾂｶ,,,,その他,,,,,,,,既存,,,,,,,,,001020003010000000000000000000,部門
株式会社やさしい手,会計系販売系サブシステム,00002,会計系販売系組織体系,2025/11/1,5 ,課,352010,【不】埼玉居宅統括課,4 ,35201010,2016/6/1,9999/12/31,【使用不可】埼玉居宅統括課,【不】埼玉居宅統括課,ｻｲﾀﾏｷｮﾀｸﾄｳｶﾂｶ,,,,その他,,,,,,,,既存,,,,,,,,,001020003010001000000000000000,計上部門
株式会社やさしい手,会計系販売系サブシステム,00002,会計系販売系組織体系,2025/11/1,4 ,部,3520,【不】埼玉居宅支援,3 ,352015,2021/4/1,9999/12/31,加須居宅介護支援拠点,加須支援,ｶｿﾞｼｴﾝ,,,,その他,,,,,,,,既存,,,,,,,,,001020003012000000000000000000,部門
株式会社やさしい手,会計系販売系サブシステム,00002,会計系販売系組織体系,2025/11/1,5 ,課,352015,加須支援,4 ,35201510,2021/4/1,9999/12/31,加須居宅介護支援部門,加須支援,ｶｿﾞｼｴﾝ,,,,直接部門,,,,,,,,既存,,,,,,,,,001020003012001000000000000000,計上部門
株式会社やさしい手,会計系販売系サブシステム,00002,会計系販売系組織体系,2025/11/1,3 ,本　部,35,【不】埼玉支部,2 ,3530,2016/6/1,9999/12/31,【使用不可】埼玉支部通所介護事業部,【不】埼玉通所介護,ｻｲﾀﾏﾂｳｼｮｶｲｺﾞｼﾞｷﾞｮｳﾌﾞ,,,,その他,,,,,,,,既存,,,,,,,,,001020004000000000000000000000,部門
株式会社やさしい手,会計系販売系サブシステム,00002,会計系販売系組織体系,2025/11/1,4 ,部,3530,【不】埼玉通所介護,3 ,353010,2016/6/1,9999/12/31,【使用不可】埼玉通所統括課,【不】埼玉通所統括課,ｻｲﾀﾏﾂｳｼｮﾄｳｶﾂｶ,,,,その他,,,,,,,,既存,,,,,,,,,001020004001000000000000000000,部門
株式会社やさしい手,会計系販売系サブシステム,00002,会計系販売系組織体系,2025/11/1,5 ,課,353010,【不】埼玉通所統括課,4 ,35301010,2016/6/1,9999/12/31,【使用不可】埼玉通所統括課,【不】埼玉通所統括課,ｻｲﾀﾏﾂｳｼｮﾄｳｶﾂｶ,,,,その他,,,,,,,,既存,,,,,,,,,001020004001001000000000000000,計上部門
株式会社やさしい手,会計系販売系サブシステム,00002,会計系販売系組織体系,2025/11/1,4 ,部,3530,【不】埼玉通所介護,3 ,353020,2016/6/1,9999/12/31,【使用不可】所沢ゆめふる,【不】所沢ゆめふる,ﾃﾞｲﾄｺﾛｻﾞﾜ,,,,その他,,,,,,,,既存,,,,,,,,,001020004002000000000000000000,部門
株式会社やさしい手,会計系販売系サブシステム,00002,会計系販売系組織体系,2025/11/1,5 ,課,353020,【不】所沢ゆめふる,4 ,20277060,2016/6/1,9999/12/31,【使用不可】ゆめふる所沢店,【不】ゆめふる所沢店,ﾃﾞｲﾄｺﾛｻﾞﾜ,,,,直接部門,,,,,,,,既存,,,,,,,,,001020004002001000000000000000,計上部門
株式会社やさしい手,会計系販売系サブシステム,00002,会計系販売系組織体系,2025/11/1,4 ,部,3530,【不】埼玉通所介護,3 ,353040,2016/6/1,9999/12/31,【使用不可】東浦和ゆめふる,【不】東浦和ゆめふる,ﾃﾞｲﾋｶﾞｼｳﾗﾜ,,,,その他,,,,,,,,既存,,,,,,,,,001020004004000000000000000000,部門
株式会社やさしい手,会計系販売系サブシステム,00002,会計系販売系組織体系,2025/11/1,5 ,課,353040,【不】東浦和ゆめふる,4 ,20757060,2016/6/1,9999/12/31,【使用不可】東浦和ゆめふる,【不】東浦和ゆめふる,ﾃﾞｲﾋｶﾞｼｳﾗﾜ,,,,直接部門,,,,,,,,既存,,,,,,,,,001020004004001000000000000000,計上部門
株式会社やさしい手,会計系販売系サブシステム,00002,会計系販売系組織体系,2025/11/1,4 ,部,3530,【不】埼玉通所介護,3 ,353050,2016/6/1,9999/12/31,【使用不可】東大宮ゆめふる,【不】東大宮ゆめふる,ﾃﾞｲﾋｶﾞｼｵｵﾐﾔ,,,,その他,,,,,,,,既存,,,,,,,,,001020004005000000000000000000,部門
株式会社やさしい手,会計系販売系サブシステム,00002,会計系販売系組織体系,2025/11/1,5 ,課,353050,【不】東大宮ゆめふる,4 ,20957060,2016/6/1,9999/12/31,【使用不可】東大宮ゆめふる,【不】東大宮ゆめふる,ﾃﾞｲﾋｶﾞｼｵｵﾐﾔ,,,,間接部門,,,,,,,,既存,,,,,,,,,001020004005001000000000000000,計上部門
株式会社やさしい手,会計系販売系サブシステム,00002,会計系販売系組織体系,2025/11/1,4 ,部,3530,【不】埼玉通所介護,3 ,353060,2016/6/1,9999/12/31,【使用不可】ゆめふる千葉中央準備室,【不】ﾃﾞｲ千葉中央準,ﾃﾞｲﾁﾊﾞﾁｭｳｵｳｼﾞｭﾝﾋﾞｼﾂ,,,,その他,,,,,,,,既存,,,,,,,,,001020004006000000000000000000,部門
株式会社やさしい手,会計系販売系サブシステム,00002,会計系販売系組織体系,2025/11/1,5 ,課,353060,【不】ﾃﾞｲ千葉中央準,4 ,20777060,2016/6/1,9999/12/31,【使用不可】ゆめふる千葉中央準備室,【不】ﾃﾞｲ千葉中央準,ﾃﾞｲﾁﾊﾞﾁｭｳｵｳｼﾞｭﾝﾋﾞｼﾂ,,,,直接部門,,,,,,,,既存,,,,,,,,,001020004006001000000000000000,計上部門
株式会社やさしい手,会計系販売系サブシステム,00002,会計系販売系組織体系,2025/11/1,3 ,本　部,35,【不】埼玉支部,2 ,3540,2016/6/1,9999/12/31,【使用不可】埼玉支部看護事業部,【不】埼玉看護事業部,ｻｲﾀﾏｶﾝｺﾞｼﾞｷﾞｮｳﾌﾞ,,,,その他,,,,,,,,既存,,,,,,,,,001020005000000000000000000000,部門
株式会社やさしい手,会計系販売系サブシステム,00002,会計系販売系組織体系,2025/11/1,4 ,部,3540,【不】埼玉看護事業部,3 ,354010,2016/6/1,9999/12/31,【使用不可】埼玉看護統括課,【不】埼玉看護統括課,ｻｲﾀﾏｶﾝｺﾞﾄｳｶﾂｶ,,,,その他,,,,,,,,既存,,,,,,,,,001020005004000000000000000000,部門
株式会社やさしい手,会計系販売系サブシステム,00002,会計系販売系組織体系,2025/11/1,5 ,課,354010,【不】埼玉看護統括課,4 ,35401010,2016/6/1,9999/12/31,【使用不可】埼玉看護統括課,【不】埼玉看護統括課,ｻｲﾀﾏｶﾝｺﾞﾄｳｶﾂｶ,,,,その他,,,,,,,,既存,,,,,,,,,001020005004001000000000000000,計上部門
株式会社やさしい手,会計系販売系サブシステム,00002,会計系販売系組織体系,2025/11/1,4 ,部,3540,【不】埼玉看護事業部,3 ,354020,2021/4/1,9999/12/31,加須訪問看護拠点かえりえ,加須訪問看護拠点,ｶｿﾞﾎﾓﾝｶﾝｺﾞｷｮﾃﾝ,,,,その他,,,,,,,,既存,,,,,,,,,001020005008000000000000000000,部門
株式会社やさしい手,会計系販売系サブシステム,00002,会計系販売系組織体系,2025/11/1,5 ,課,354020,加須訪問看護拠点,4 ,35402010,2021/4/1,9999/12/31,加須訪問看護かえりえ,加須訪看介護,ｶｿﾞﾎｳｶﾝｶｲｺﾞ,,,,直接部門,,,,,,,,既存,,,,,,,,,001020005008001000000000000000,計上部門
株式会社やさしい手,会計系販売系サブシステム,00002,会計系販売系組織体系,2025/11/1,5 ,課,354020,加須訪問看護拠点,4 ,35402020,2021/4/1,9999/12/31,加須訪問看護医療保険,加須訪看医療,ｶｿﾞﾎｳｶﾝｲﾘｮｳ,,,,直接部門,,,,,,,,既存,,,,,,,,,001020005008002000000000000000,計上部門
株式会社やさしい手,会計系販売系サブシステム,00002,会計系販売系組織体系,2025/11/1,3 ,本　部,35,【不】埼玉支部,2 ,2082,2016/7/1,9999/12/31,【使用不可】埼玉支部訪問高住事業部,【不】埼玉訪問高住,ｻｲﾀﾏｼﾌﾞﾎｳﾓﾝｺｳｼﾞｭｼﾞｷﾞｮｳﾌﾞ,,,,その他,,,,,,,,既存,,,,,,,,,001020006000000000000000000000,部門
株式会社やさしい手,会計系販売系サブシステム,00002,会計系販売系組織体系,2025/11/1,4 ,部,2082,【不】埼玉訪問高住,3 ,208210,2021/6/1,9999/12/31,加須訪問高住拠点,加須訪問高住拠点,ｶｿﾞﾎｳﾓﾝｺｳｼﾞｭｳｷｮﾃﾝ,,,,その他,,,,,,,,既存,,,,,,,,,001020006007000000000000000000,部門
株式会社やさしい手,会計系販売系サブシステム,00002,会計系販売系組織体系,2025/11/1,5 ,課,208210,加須訪問高住拠点,4 ,20821010,2021/6/1,9999/12/31,加須訪問介護部門,加須訪問介護部門,ｶｿﾞﾎｳﾓﾝｶｲｺﾞﾌﾞﾓﾝ,,,,直接部門,,,,,,,,既存,,,,,,,,,001020006007001000000000000000,計上部門
株式会社やさしい手,会計系販売系サブシステム,00002,会計系販売系組織体系,2025/11/1,5 ,課,208210,加須訪問高住拠点,4 ,20821020,2021/6/1,9999/12/31,加須住宅役務部門,加須住宅役務部門,ｶｿﾞｼﾞｭｳﾀｸｴｷﾑﾌﾞﾓﾝ,,,,直接部門,,,,,,,,既存,,,,,,,,,001020006007002000000000000000,計上部門
株式会社やさしい手,会計系販売系サブシステム,00002,会計系販売系組織体系,2025/11/1,2 ,本社／支社,0000000000,全社,1 ,40,2016/6/1,9999/12/31,【使用不可】北関東支部,【不】北関東支部,ｷﾀｶﾝﾄｳｼﾌﾞ,,,,その他,,,,,,,,既存,,,,,,,,,001021000000000000000000000000,部門
株式会社やさしい手,会計系販売系サブシステム,00002,会計系販売系組織体系,2025/11/1,3 ,本　部,40,【不】北関東支部,2 ,4010,2016/6/1,9999/12/31,【使用不可】北関東支部統括部,【不】北関東支部統括,ｷﾀｶﾝﾄｳｼﾌﾞﾄｳｶﾂﾌﾞ,,,,その他,,,,,,,,既存,,,,,,,,,001021002000000000000000000000,部門
株式会社やさしい手,会計系販売系サブシステム,00002,会計系販売系組織体系,2025/11/1,4 ,部,4010,【不】北関東支部統括,3 ,401010,2016/6/1,9999/12/31,【使用不可】北関東支部統括課,【不】北関東支部統括,ｷﾀｶﾝﾄｳｼﾌﾞﾄｳｶﾂｶ,,,,その他,,,,,,,,既存,,,,,,,,,001021002001000000000000000000,部門
株式会社やさしい手,会計系販売系サブシステム,00002,会計系販売系組織体系,2025/11/1,5 ,課,401010,【不】北関東支部統括,4 ,40101010,2016/6/1,9999/12/31,【使用不可】北関東支部統括課,【不】北関東支部統括,ｷﾀｶﾝﾄｳｼﾌﾞﾄｳｶﾂｶ,,,,間接部門,,,,,,,,既存,,,,,,,,,001021002001001000000000000000,計上部門
株式会社やさしい手,会計系販売系サブシステム,00002,会計系販売系組織体系,2025/11/1,3 ,本　部,40,【不】北関東支部,2 ,4020,2016/6/1,9999/12/31,【使用不可】北関東支部居宅支援事業部,【不】北関東居宅支援,ｷﾀｶﾝﾄｳｷｮﾀｸｼｴﾝｼﾞｷﾞｮｳﾌﾞ,,,,その他,,,,,,,,既存,,,,,,,,,001021003000000000000000000000,部門
株式会社やさしい手,会計系販売系サブシステム,00002,会計系販売系組織体系,2025/11/1,4 ,部,4020,【不】北関東居宅支援,3 ,209310,2016/6/1,9999/12/31,【使用不可】北関東グループ,【不】北関東グループ,ｷﾀｶﾝﾄｳｸﾞﾙｰﾌﾟ,,,,その他,,,,,,,,既存,,,,,,,,,001021003001000000000000000000,部門
株式会社やさしい手,会計系販売系サブシステム,00002,会計系販売系組織体系,2025/11/1,5 ,課,209310,【不】北関東グループ,4 ,20931010,2016/6/1,9999/12/31,【使用不可】北関東統括（介護支援）,【不】北関東統括(支),ｷﾀｶﾝﾄｳﾄｳｶﾂ(ｶｲｺﾞｼｴﾝ),,,,その他,,,,,,,,既存,,,,,,,,,001021003001001000000000000000,計上部門
株式会社やさしい手,会計系販売系サブシステム,00002,会計系販売系組織体系,2025/11/1,5 ,課,209310,【不】北関東グループ,4 ,29879020,2016/6/1,9999/12/31,【使用不可】上越②介護支援事業所,【不】上越②介護支援,ｼﾞｮｳｴﾂﾆｷｮﾀｸｼｴﾝｼﾞｷﾞｮｳ,,,,間接部門,,,,,,,,既存,,,,,,,,,001021003001002000000000000000,計上部門
株式会社やさしい手,会計系販売系サブシステム,00002,会計系販売系組織体系,2025/11/1,4 ,部,4020,【不】北関東居宅支援,3 ,402002,2016/6/1,9999/12/31,【使用不可】戸塚介護支援事業所準備室,【不】戸塚支援準備室,ﾄﾂｶｶｲｺﾞｼｴﾝｼﾞｷﾞｮｳｼｮｼﾞｭﾝﾋﾞｼﾂ,,,,その他,,,,,,,,既存,,,,,,,,,001021003002000000000000000000,部門
株式会社やさしい手,会計系販売系サブシステム,00002,会計系販売系組織体系,2025/11/1,5 ,課,402002,【不】戸塚支援準備室,4 ,20967520,2016/6/1,9999/12/31,【使用不可】戸塚介護支援事業所準備室,【不】戸塚支援準備室,ﾄﾂｶｶｲｺﾞｼｴﾝｼﾞｷﾞｮｳｼｮｼﾞｭﾝﾋﾞｼﾂ,,,,直接部門,,,,,,,,既存,,,,,,,,,001021003002001000000000000000,計上部門
株式会社やさしい手,会計系販売系サブシステム,00002,会計系販売系組織体系,2025/11/1,4 ,部,4020,【不】北関東居宅支援,3 ,402010,2016/6/1,9999/12/31,【使用不可】北関東居宅統括課,【不】北関東居宅統括,ｷﾀｶﾝﾄｳｷｮﾀｸﾄｳｶﾂｶ,,,,その他,,,,,,,,既存,,,,,,,,,001021003006000000000000000000,部門
株式会社やさしい手,会計系販売系サブシステム,00002,会計系販売系組織体系,2025/11/1,5 ,課,402010,【不】北関東居宅統括,4 ,40201010,2016/6/1,9999/12/31,【使用不可】北関東居宅統括課,【不】北関東居宅統括,ｷﾀｶﾝﾄｳｷｮﾀｸﾄｳｶﾂｶ,,,,間接部門,,,,,,,,既存,,,,,,,,,001021003006001000000000000000,計上部門
株式会社やさしい手,会計系販売系サブシステム,00002,会計系販売系組織体系,2025/11/1,3 ,本　部,40,【不】北関東支部,2 ,2077,2016/7/1,9999/12/31,【使用不可】北関東支部訪問介護事業部,【不】北関東訪問介護,ｷﾀｶﾝﾄｳｼﾌﾞﾎｳﾓﾝｶｲｺﾞｼﾞｷﾞｮｳﾌﾞ,,,,その他,,,,,,,,既存,,,,,,,,,001021004000000000000000000000,部門
株式会社やさしい手,会計系販売系サブシステム,00002,会計系販売系組織体系,2025/11/1,4 ,部,2077,【不】北関東訪問介護,3 ,207810,2016/7/1,9999/12/31,【使用不可】北関東統括課,【不】北関東統括課,ｷﾀｶﾝﾄｳﾄｳｶﾂｶ,,,,その他,,,,,,,,既存,,,,,,,,,001021004001000000000000000000,部門
株式会社やさしい手,会計系販売系サブシステム,00002,会計系販売系組織体系,2025/11/1,5 ,課,207810,【不】北関東統括課,4 ,20781010,2016/7/1,9999/12/31,【使用不可】北関東統括（訪問介護）,【不】北関東統括（訪,ｷﾀｶﾝﾄｳﾄｳｶﾂｶ,,,,その他,,,,,,,,既存,,,,,,,,,001021004001001000000000000000,計上部門
株式会社やさしい手,会計系販売系サブシステム,00002,会計系販売系組織体系,2025/11/1,3 ,本　部,40,【不】北関東支部,2 ,4040,2016/9/1,9999/12/31,【使用不可】北関東支部看護事業部,【不】北関東看護事業,ｷﾀｶﾝﾄｳｶﾝｺﾞｼﾞｷﾞｭｳﾌﾞ,,,,その他,,,,,,,,既存,,,,,,,,,001021005000000000000000000000,部門
株式会社やさしい手,会計系販売系サブシステム,00002,会計系販売系組織体系,2025/11/1,4 ,部,4040,【不】北関東看護事業,3 ,404010,2018/1/1,9999/12/31,【使用不可】北関東看護統括課,【不】北関東看護統括,ｷﾀｶﾝﾄｳｶﾝｺﾞﾄｳｶﾂｶ,,,,その他,,,,,,,,既存,,,,,,,,,001021005003000000000000000000,部門
株式会社やさしい手,会計系販売系サブシステム,00002,会計系販売系組織体系,2025/11/1,5 ,課,404010,【不】北関東看護統括,4 ,40401010,2018/1/1,9999/12/31,【使用不可】北関東看護統括課,【不】北関東看護統括,ｷﾀｶﾝﾄｳｶﾝｺﾞﾄｳｶﾂｶ,,,,間接部門,,,,,,,,既存,,,,,,,,,001021005003001000000000000000,計上部門
株式会社やさしい手,会計系販売系サブシステム,00002,会計系販売系組織体系,2025/11/1,3 ,本　部,40,【不】北関東支部,2 ,4050,2018/5/1,9999/12/31,【使用不可】北関東支部通所介護事業部,【不】北関東通所介護,ｷﾀｶﾝﾄｳﾂｳｼｮｶｲｺﾞｼﾞｷﾞｮｳﾌﾞ,,,,その他,,,,,,,,既存,,,,,,,,,001021006000000000000000000000,部門
株式会社やさしい手,会計系販売系サブシステム,00002,会計系販売系組織体系,2025/11/1,4 ,部,4050,【不】北関東通所介護,3 ,405010,2018/5/1,9999/12/31,【使用不可】北関東通所統括課,【不】北関東通所統括,ｷﾀｶﾝﾄｳﾂｳｼｮﾄｳｶﾂｶ,,,,その他,,,,,,,,既存,,,,,,,,,001021006001000000000000000000,部門
株式会社やさしい手,会計系販売系サブシステム,00002,会計系販売系組織体系,2025/11/1,5 ,課,405010,【不】北関東通所統括,4 ,40501010,2018/5/1,9999/12/31,【使用不可】北関東通所統括課,【不】北関東通所統括,ｷﾀｶﾝﾄｳﾂｳｼｮﾄｳｶﾂｶ,,,,間接部門,,,,,,,,既存,,,,,,,,,001021006001001000000000000000,計上部門
株式会社やさしい手,会計系販売系サブシステム,00002,会計系販売系組織体系,2025/11/1,2 ,本社／支社,0000000000,全社,1 ,50,2016/6/1,9999/12/31,【使用不可】名古屋支部,【不】名古屋支部,ﾅｺﾞﾔｼﾌﾞ,,,,その他,,,,,,,,既存,,,,,,,,,001022000000000000000000000000,部門
株式会社やさしい手,会計系販売系サブシステム,00002,会計系販売系組織体系,2025/11/1,3 ,本　部,50,【不】名古屋支部,2 ,2085,2016/6/1,9999/12/31,【使用不可】名古屋支部訪問介護事業部,【不】名古屋訪問介護,ﾅｺﾞﾔｼﾌﾞﾎｳﾓﾝｶｲｺﾞ,,,,その他,,,,,,,,既存,,,,,,,,,001022001000000000000000000000,部門
株式会社やさしい手,会計系販売系サブシステム,00002,会計系販売系組織体系,2025/11/1,4 ,部,2085,【不】名古屋訪問介護,3 ,206005,2016/6/1,9999/12/31,【使用不可】名古屋統括課,【不】名古屋統括課,ﾅｺﾞﾔﾄｳｶﾂｶ,,,,その他,,,,,,,,既存,,,,,,,,,001022001001000000000000000000,部門
株式会社やさしい手,会計系販売系サブシステム,00002,会計系販売系組織体系,2025/11/1,5 ,課,206005,【不】名古屋統括課,4 ,20600503,2016/6/1,9999/12/31,【使用不可】名古屋統括（訪問介護）,【不】名古屋統括(介),ﾅｺﾞﾔﾄｳｶﾂ(ﾎｳﾓﾝｶｲｺﾞ),,,,間接部門,,,,,,,,既存,,,,,,,,,001022001001001000000000000000,計上部門
株式会社やさしい手,会計系販売系サブシステム,00002,会計系販売系組織体系,2025/11/1,3 ,本　部,50,【不】名古屋支部,2 ,2094,2016/6/1,9999/12/31,【使用不可】名古屋支部居宅支援事業部,【不】名古屋居宅支援,ﾅｺﾞﾔｷｮﾀｸｼｴﾝｼﾞｷﾞｮｳﾌﾞ,,,,その他,,,,,,,,既存,,,,,,,,,001022002000000000000000000000,部門
株式会社やさしい手,会計系販売系サブシステム,00002,会計系販売系組織体系,2025/11/1,4 ,部,2094,【不】名古屋居宅支援,3 ,209410,2016/6/1,9999/12/31,【使用不可】名古屋居宅総括課,【不】名古屋居宅総括,ﾅｺﾞﾔｷｮﾀｸｿｳｶﾂｶ,,,,その他,,,,,,,,既存,,,,,,,,,001022002004000000000000000000,部門
株式会社やさしい手,会計系販売系サブシステム,00002,会計系販売系組織体系,2025/11/1,5 ,課,209410,【不】名古屋居宅総括,4 ,20941010,2016/6/1,9999/12/31,【使用不可】名古屋居宅総括課,【不】名古屋居宅総括,ﾅｺﾞﾔｷｮﾀｸｿｳｶﾂｶ,,,,その他,,,,,,,,既存,,,,,,,,,001022002004001000000000000000,計上部門
株式会社やさしい手,会計系販売系サブシステム,00002,会計系販売系組織体系,2025/11/1,4 ,部,2094,【不】名古屋居宅支援,3 ,298755,2016/6/1,9999/12/31,【使用不可】名古屋ｸﾞﾙｰﾌﾟ,【不】名古屋ｸﾞﾙｰﾌﾟ,ﾅｺﾞﾔｸﾞﾙｰﾌﾟ,,,,その他,,,,,,,,既存,,,,,,,,,001022002005000000000000000000,部門
株式会社やさしい手,会計系販売系サブシステム,00002,会計系販売系組織体系,2025/11/1,5 ,課,298755,【不】名古屋ｸﾞﾙｰﾌﾟ,4 ,29875520,2016/6/1,9999/12/31,【使用不可】名古屋総括（介護支援）,【不】名古屋総括(支),ﾅｺﾞﾔｿｳｶﾂ(ｶｲｺﾞｼｴﾝ),,,,その他,,,,,,,,既存,,,,,,,,,001022002005001000000000000000,計上部門
株式会社やさしい手,会計系販売系サブシステム,00002,会計系販売系組織体系,2025/11/1,3 ,本　部,50,【不】名古屋支部,2 ,5005,2016/6/1,9999/12/31,【使用不可】名古屋支部統括部,【不】名古屋支部統括,ﾅｺﾞﾔｼﾌﾞﾄｳｶﾂﾌﾞ,,,,その他,,,,,,,,既存,,,,,,,,,001022003000000000000000000000,部門
株式会社やさしい手,会計系販売系サブシステム,00002,会計系販売系組織体系,2025/11/1,4 ,部,5005,【不】名古屋支部統括,3 ,500510,2016/6/1,9999/12/31,【使用不可】名古屋支部統括課,【不】名古屋支部統括,ﾅｺﾞﾔｼﾌﾞﾄｳｶﾂｶ,,,,その他,,,,,,,,既存,,,,,,,,,001022003001000000000000000000,部門
株式会社やさしい手,会計系販売系サブシステム,00002,会計系販売系組織体系,2025/11/1,5 ,課,500510,【不】名古屋支部統括,4 ,50051010,2016/6/1,9999/12/31,【使用不可】名古屋支部統括課,【不】名古屋支部統括,ﾅｺﾞﾔｼﾌﾞﾄｳｶﾂｶ,,,,その他,,,,,,,,既存,,,,,,,,,001022003001001000000000000000,計上部門
株式会社やさしい手,会計系販売系サブシステム,00002,会計系販売系組織体系,2025/11/1,3 ,本　部,50,【不】名古屋支部,2 ,5010,2017/8/1,9999/12/31,【使用不可】名古屋支部通所介護事業部,【不】名古屋通所介護,ﾅｺﾞﾔﾂｳｼｮｶｲｺﾞｼﾞｷﾞｮｳﾌﾞ,,,,その他,,,,,,,,既存,,,,,,,,,001022004000000000000000000000,部門
株式会社やさしい手,会計系販売系サブシステム,00002,会計系販売系組織体系,2025/11/1,4 ,部,5010,【不】名古屋通所介護,3 ,501010,2017/8/1,9999/12/31,【使用不可】名古屋通所統括課,【不】名古屋通所統括,ﾅｺﾞﾔﾂｳｼｮﾄｳｶﾂｶ,,,,その他,,,,,,,,既存,,,,,,,,,001022004001000000000000000000,部門
株式会社やさしい手,会計系販売系サブシステム,00002,会計系販売系組織体系,2025/11/1,5 ,課,501010,【不】名古屋通所統括,4 ,50101010,2017/8/1,9999/12/31,【使用不可】名古屋通所統括課,【不】名古屋通所統括,ﾅｺﾞﾔﾂｳｼｮﾄｳｶﾂｶ,,,,間接部門,,,,,,,,既存,,,,,,,,,001022004001001000000000000000,計上部門
株式会社やさしい手,会計系販売系サブシステム,00002,会計系販売系組織体系,2025/11/1,4 ,部,5010,【不】名古屋通所介護,3 ,501020,2017/8/1,9999/12/31,【使用不可】ﾃﾞｲ小幡,【不】ﾃﾞｲ小幡,ﾃﾞｲｵﾊﾞﾀ,,,,直接部門,,,,,,,,既存,,,,,,,,,001022004002000000000000000000,部門
株式会社やさしい手,会計系販売系サブシステム,00002,会計系販売系組織体系,2025/11/1,5 ,課,501020,【不】ﾃﾞｲ小幡,4 ,50102010,2017/8/1,9999/12/31,【使用不可】ゆめふる小幡,【不】ゆめふる小幡,ﾃﾞｲｵﾊﾞﾀ,,,,直接部門,,,,,,,,既存,,,,,,,,,001022004002001000000000000000,計上部門
株式会社やさしい手,会計系販売系サブシステム,00002,会計系販売系組織体系,2025/11/1,3 ,本　部,50,【不】名古屋支部,2 ,5020,2017/8/1,9999/12/31,【使用不可】名古屋支部看護事業部,【不】名古屋看護事業,ﾅｺﾞﾔｶﾝｺﾞｼﾞｷﾞｮｳﾌﾞ,,,,その他,,,,,,,,既存,,,,,,,,,001022005000000000000000000000,部門
株式会社やさしい手,会計系販売系サブシステム,00002,会計系販売系組織体系,2025/11/1,4 ,部,5020,【不】名古屋看護事業,3 ,502010,2017/8/1,9999/12/31,【使用不可】名古屋看護統括課,【不】名古屋看護統括,ﾅｺﾞﾔｶﾝｺﾞﾄｳｶﾂｶ,,,,その他,,,,,,,,既存,,,,,,,,,001022005001000000000000000000,部門
株式会社やさしい手,会計系販売系サブシステム,00002,会計系販売系組織体系,2025/11/1,5 ,課,502010,【不】名古屋看護統括,4 ,50201010,2017/8/1,9999/12/31,【使用不可】名古屋看護統括課,【不】名古屋看護統括,ﾅｺﾞﾔｶﾝｺﾞﾄｳｶﾂｶ,,,,間接部門,,,,,,,,既存,,,,,,,,,001022005001001000000000000000,計上部門
株式会社やさしい手,会計系販売系サブシステム,00002,会計系販売系組織体系,2025/11/1,4 ,部,5020,【不】名古屋看護事業,3 ,502040,2020/4/1,9999/12/31,小幡療養通所拠点かえりえ,小幡療養通所拠点,ｵﾊﾞﾀﾘｮｳﾖｳﾂｳｼｮｷｮﾃﾝｶｴﾘｴ,,,,その他,,,,,,,,既存,,,,,,,,,001022005004000000000000000000,部門
株式会社やさしい手,会計系販売系サブシステム,00002,会計系販売系組織体系,2025/11/1,5 ,課,502040,小幡療養通所拠点,4 ,50102020,2020/4/1,9999/12/31,小幡療養通所かえりえ,小幡療養通所,ｵﾊﾞﾀﾘｮｳﾖｳﾂｳｼｮ,,,,直接部門,,,,,,,,既存,,,,,,,,,001022005004001000000000000000,計上部門
株式会社やさしい手,会計系販売系サブシステム,00002,会計系販売系組織体系,2025/11/1,3 ,本　部,50,【不】名古屋支部,2 ,2084,2018/5/1,9999/12/31,【使用不可】関西名古屋営業推進部,【不】関西名古屋営推,ｶﾝｻｲﾅｺﾞﾔｴｲｷﾞｮｳｽｲｼﾝﾌﾞ,,,,その他,,,,,,,,既存,,,,,,,,,001022007000000000000000000000,部門
株式会社やさしい手,会計系販売系サブシステム,00002,会計系販売系組織体系,2025/11/1,4 ,部,2084,【不】関西名古屋営推,3 ,208410,2018/5/1,9999/12/31,【使用不可】関西名古屋営業推進課,【不】関西名古屋営推,ｶﾝｻｲﾅｺﾞﾔｴｲｷﾞｮｳｽｲｼﾝｶ,,,,その他,,,,,,,,既存,,,,,,,,,001022007001000000000000000000,部門
株式会社やさしい手,会計系販売系サブシステム,00002,会計系販売系組織体系,2025/11/1,5 ,課,208410,【不】関西名古屋営推,4 ,20841010,2018/5/1,9999/12/31,【使用不可】関西名古屋営業推進課,【不】関西名古屋営推,ｶﾝｻｲﾅｺﾞﾔｴｲｷﾞｮｳｽｲｼﾝｶ,,,,その他,,,,,,,,既存,,,,,,,,,001022007001001000000000000000,計上部門
株式会社やさしい手,会計系販売系サブシステム,00002,会計系販売系組織体系,2025/11/1,4 ,部,2084,【不】関西名古屋営推,3 ,208420,2018/5/1,9999/12/31,【使用不可】関西名古屋居宅支援推進課,【不】関西名古屋支推,ｶﾝｻｲﾅｺﾞﾔｷｮﾀｸｼｴﾝｽｲｼﾝｶ,,,,その他,,,,,,,,既存,,,,,,,,,001022007002000000000000000000,部門
株式会社やさしい手,会計系販売系サブシステム,00002,会計系販売系組織体系,2025/11/1,5 ,課,208420,【不】関西名古屋支推,4 ,20842010,2018/5/1,9999/12/31,【使用不可】関西名古屋支援推進課,【不】関西名古屋支推,ｶﾝｻｲﾅｺﾞﾔｴﾝｽｲｼﾝｶ,,,,その他,,,,,,,,既存,,,,,,,,,001022007002001000000000000000,計上部門
株式会社やさしい手,会計系販売系サブシステム,00002,会計系販売系組織体系,2025/11/1,4 ,部,2084,【不】関西名古屋営推,3 ,208430,2018/5/1,9999/12/31,【使用不可】関西名古屋通所推進課,【不】関西名古屋通推,ｶﾝｻｲﾅｺﾞﾔﾂｳｼｮｽｲｼﾝｶ,,,,その他,,,,,,,,既存,,,,,,,,,001022007003000000000000000000,部門
株式会社やさしい手,会計系販売系サブシステム,00002,会計系販売系組織体系,2025/11/1,5 ,課,208430,【不】関西名古屋通推,4 ,20843010,2018/5/1,9999/12/31,【使用不可】関西名古屋通所推進課,【不】関西名古屋通推,ｶﾝｻｲﾅｺﾞﾔﾂｳｼｮｽｲｼﾝｶ,,,,その他,,,,,,,,既存,,,,,,,,,001022007003001000000000000000,計上部門
株式会社やさしい手,会計系販売系サブシステム,00002,会計系販売系組織体系,2025/11/1,2 ,本社／支社,0000000000,全社,1 ,60,2016/6/1,9999/12/31,【使用不可】大阪支部,【不】大阪支部,ｵｵｻｶｼﾌﾞ,,,,その他,,,,,,,,既存,,,,,,,,,001023000000000000000000000000,部門
株式会社やさしい手,会計系販売系サブシステム,00002,会計系販売系組織体系,2025/11/1,3 ,本　部,60,【不】大阪支部,2 ,2086,2016/6/1,9999/12/31,【使用不可】大阪支部訪問介護事業部,【不】大阪訪問介護,ｵｵｻｶｼﾌﾞﾎｳﾓﾝｶｲｺﾞｼﾞｷﾞｮｳﾌﾞ,,,,その他,,,,,,,,既存,,,,,,,,,001023002000000000000000000000,部門
株式会社やさしい手,会計系販売系サブシステム,00002,会計系販売系組織体系,2025/11/1,4 ,部,2086,【不】大阪訪問介護,3 ,151005,2016/6/1,9999/12/31,【使用不可】大阪統括課,【不】大阪統括課,ｵｵｻｶﾄｳｶﾂｶ,,,,その他,,,,,,,,既存,,,,,,,,,001023002001000000000000000000,部門
株式会社やさしい手,会計系販売系サブシステム,00002,会計系販売系組織体系,2025/11/1,5 ,課,151005,【不】大阪統括課,4 ,15100510,2016/6/1,9999/12/31,【使用不可】大阪統括課（訪問介護）,【不】大阪統括課(介),ｵｵｻｶﾄｳｶﾂｶ(ﾎｳﾓﾝ),,,,間接部門,,,,,,,,既存,,,,,,,,,001023002001001000000000000000,計上部門
株式会社やさしい手,会計系販売系サブシステム,00002,会計系販売系組織体系,2025/11/1,5 ,課,151005,【不】大阪統括課,4 ,20051170,2017/5/1,9999/12/31,【使用不可】梅田スタジオ,【不】梅田スタジオ,ｳﾒﾀﾞｽﾀｼﾞｵ,,,,直接部門,,,,03-5433-5519,03-5433-5527,,,既存,,,,,,,,,001023002001002000000000000000,計上部門
株式会社やさしい手,会計系販売系サブシステム,00002,会計系販売系組織体系,2025/11/1,3 ,本　部,60,【不】大阪支部,2 ,2095,2016/6/1,9999/12/31,【使用不可】大阪支部看護事業部,【不】大阪看護事業部,ｵｵｻｶｶﾝｺﾞｼﾞｷﾞｮｳﾌﾞ,,,,その他,,,,,,,,既存,,,,,,,,,001023003000000000000000000000,部門
株式会社やさしい手,会計系販売系サブシステム,00002,会計系販売系組織体系,2025/11/1,4 ,部,2095,【不】大阪看護事業部,3 ,209510,2016/6/1,9999/12/31,【使用不可】大阪看護統括課,【不】大阪看護統括課,ｵｵｻｶｶﾝｺﾞﾄｳｶﾂｶ,,,,その他,,,,,,,,既存,,,,,,,,,001023003001000000000000000000,部門
株式会社やさしい手,会計系販売系サブシステム,00002,会計系販売系組織体系,2025/11/1,5 ,課,209510,【不】大阪看護統括課,4 ,20951010,2016/6/1,9999/12/31,【使用不可】大阪看護統括課,【不】大阪看護統括課,ｵｵｻｶｶﾝｺﾞﾄｳｶﾂｶ,,,,間接部門,,,,,,,,既存,,,,,,,,,001023003001001000000000000000,計上部門
株式会社やさしい手,会計系販売系サブシステム,00002,会計系販売系組織体系,2025/11/1,4 ,部,2095,【不】大阪看護事業部,3 ,209515,2020/8/1,9999/12/31,【使用不可】東淀川訪問看護かえりえ,【不】東淀川訪問看護,ﾋｶﾞｼﾖﾄﾞｶﾞﾜﾎｳﾓﾝｶﾝｺﾞｷｮﾃﾝ,,,,その他,,,,,,,,既存,,,,,,,,,001023003002000000000000000000,部門
株式会社やさしい手,会計系販売系サブシステム,00002,会計系販売系組織体系,2025/11/1,5 ,課,209515,【不】東淀川訪問看護,4 ,20951510,2020/8/1,9999/12/31,【使用不可】東淀川訪問看護,【不】東淀川訪問看護,ﾋｶﾞｼﾖﾄﾞｶﾞﾜﾎｳﾓﾝｶﾝｺﾞ,,,,直接部門,,,,,,,,既存,,,,,,,,,001023003002001000000000000000,計上部門
株式会社やさしい手,会計系販売系サブシステム,00002,会計系販売系組織体系,2025/11/1,5 ,課,209515,【不】東淀川訪問看護,4 ,20951520,2020/8/1,9999/12/31,【使用不可】東淀川訪看医療,【不】東淀川訪看医療,ﾋｶﾞｼﾖﾄﾞｶﾞﾜﾎｳｶﾝｲﾘｮｳ,,,,直接部門,,,,,,,,既存,,,,,,,,,001023003002002000000000000000,計上部門
株式会社やさしい手,会計系販売系サブシステム,00002,会計系販売系組織体系,2025/11/1,3 ,本　部,60,【不】大阪支部,2 ,2098,2016/6/1,9999/12/31,【使用不可】大阪支部居宅支援事業部,【不】大阪居宅支援,ｵｵｻｶｷｮﾀｸｼｴﾝｼﾞｷﾞｮｳﾌﾞ,,,,その他,,,,,,,,既存,,,,,,,,,001023004000000000000000000000,部門
株式会社やさしい手,会計系販売系サブシステム,00002,会計系販売系組織体系,2025/11/1,4 ,部,2098,【不】大阪居宅支援,3 ,209810,2016/6/1,9999/12/31,【使用不可】大阪居宅統括課,【不】大阪居宅統括課,ｵｵｻｶｷｮﾀｸﾄｳｶﾂｶ,,,,その他,,,,,,,,既存,,,,,,,,,001023004002000000000000000000,部門
株式会社やさしい手,会計系販売系サブシステム,00002,会計系販売系組織体系,2025/11/1,5 ,課,209810,【不】大阪居宅統括課,4 ,20980510,2016/6/1,9999/12/31,【使用不可】大阪居宅統括課,【不】大阪居宅統括課,ｵｵｻｶｷｮﾀｸﾄｳｶﾂｶ,,,,間接部門,,,,,,,,既存,,,,,,,,,001023004002001000000000000000,計上部門
株式会社やさしい手,会計系販売系サブシステム,00002,会計系販売系組織体系,2025/11/1,4 ,部,2098,【不】大阪居宅支援,3 ,298760,2016/6/1,9999/12/31,【使用不可】大阪グループ,【不】大阪グループ,ｵｵｻｶｸﾞﾙｰﾌﾟ,,,,その他,,,,,,,,既存,,,,,,,,,001023004003000000000000000000,部門
株式会社やさしい手,会計系販売系サブシステム,00002,会計系販売系組織体系,2025/11/1,5 ,課,298760,【不】大阪グループ,4 ,29876020,2016/6/1,9999/12/31,【使用不可】大阪統括（介護支援）,【不】大阪統括(支),ｵｵｻｶﾄｳｶﾂｶｲｺﾞｼｴﾝ,,,,間接部門,,,,,,,,既存,,,,,,,,,001023004003001000000000000000,計上部門
株式会社やさしい手,会計系販売系サブシステム,00002,会計系販売系組織体系,2025/11/1,4 ,部,2098,【不】大阪居宅支援,3 ,298761,2018/11/1,9999/12/31,【使用不可】吹田地域包括支援センター,【不】吹田包括,ｽｲﾀﾎｳｶﾂ,,,,その他,,,,,,,,既存,,,,,,,,,001023004009000000000000000000,部門
株式会社やさしい手,会計系販売系サブシステム,00002,会計系販売系組織体系,2025/11/1,5 ,課,298761,【不】吹田包括,4 ,29876120,2018/11/1,9999/12/31,【使用不可】吹田地域包括支援センター,【不】吹田包括,ｽｲﾀﾎｳｶﾂ,,,,直接部門,,,,,,,,既存,,,,,,,,,001023004009001000000000000000,計上部門
株式会社やさしい手,会計系販売系サブシステム,00002,会計系販売系組織体系,2025/11/1,3 ,本　部,60,【不】大阪支部,2 ,2099,2016/6/1,9999/12/31,【使用不可】大阪支部通所介護事業部,【不】大阪通所介護,ｵｵｻｶﾂｳｼｮｶｲｺﾞｼﾞｷﾞｮｳﾌﾞ,,,,その他,,,,,,,,既存,,,,,,,,,001023005000000000000000000000,部門
株式会社やさしい手,会計系販売系サブシステム,00002,会計系販売系組織体系,2025/11/1,4 ,部,2099,【不】大阪通所介護,3 ,206080,2016/6/1,9999/12/31,【使用不可】伊川谷ゆめふる,【不】伊川谷ゆめふる,ﾃﾞｲｲｶﾜﾀﾞﾆ,,,,直接部門,,,,,,,,既存,,,,,,,,,001023005002000000000000000000,部門
株式会社やさしい手,会計系販売系サブシステム,00002,会計系販売系組織体系,2025/11/1,5 ,課,206080,【不】伊川谷ゆめふる,4 ,20608060,2016/6/1,9999/12/31,【使用不可】伊川谷ゆめふる,【不】伊川谷ゆめふる,ﾃﾞｲｲｶﾜﾀﾞﾆ,,,,直接部門,,,,,,,,既存,,,,,,,,,001023005002001000000000000000,計上部門
株式会社やさしい手,会計系販売系サブシステム,00002,会計系販売系組織体系,2025/11/1,4 ,部,2099,【不】大阪通所介護,3 ,209910,2016/6/1,9999/12/31,【使用不可】大阪通所介護事業部,【不】大阪通所介護,ｵｵｻｶﾂｳｼｮｶｲｺﾞｼﾞｷﾞｮｳﾌﾞ,,,,その他,,,,,,,,既存,,,,,,,,,001023005003000000000000000000,部門
株式会社やさしい手,会計系販売系サブシステム,00002,会計系販売系組織体系,2025/11/1,5 ,課,209910,【不】大阪通所介護,4 ,20991010,2016/6/1,9999/12/31,【使用不可】大阪通所統括課,【不】大阪通所統括課,ｵｵｻｶﾂｳｼｮﾄｳｶﾂｶ,,,,間接部門,,,,,,,,既存,,,,,,,,,001023005003001000000000000000,計上部門
株式会社やさしい手,会計系販売系サブシステム,00002,会計系販売系組織体系,2025/11/1,3 ,本　部,60,【不】大阪支部,2 ,6010,2016/6/1,9999/12/31,【使用不可】大阪支部統括部,【不】大阪支部統括部,ｵｵｻｶｼﾌﾞﾄｳｶﾂﾌﾞ,,,,その他,,,,,,,,既存,,,,,,,,,001023006000000000000000000000,部門
株式会社やさしい手,会計系販売系サブシステム,00002,会計系販売系組織体系,2025/11/1,4 ,部,6010,【不】大阪支部統括部,3 ,601010,2016/6/1,9999/12/31,【使用不可】大阪支部統括課,【不】大阪支部統括課,ｵｵｻｶｼﾌﾞﾄｳｶﾂｶ,,,,その他,,,,,,,,既存,,,,,,,,,001023006001000000000000000000,部門
株式会社やさしい手,会計系販売系サブシステム,00002,会計系販売系組織体系,2025/11/1,5 ,課,601010,【不】大阪支部統括課,4 ,60101010,2016/6/1,9999/12/31,【使用不可】大阪支部統括課,【不】大阪支部統括課,ｵｵｻｶｼﾌﾞﾄｳｶﾂｶ,,,,間接部門,,,,,,,,既存,,,,,,,,,001023006001001000000000000000,計上部門
株式会社やさしい手,会計系販売系サブシステム,00002,会計系販売系組織体系,2025/11/1,3 ,本　部,60,【不】大阪支部,2 ,2187,2016/7/1,9999/12/31,【使用不可】大阪支部訪問定巡事業部,【不】大阪訪問定巡,ｵｵｻｶｼﾌﾞﾎｳﾓﾝﾃｲｼﾞｭﾝｼﾞｷﾞｮｳﾌﾞ,,,,その他,,,,,,,,既存,,,,,,,,,001023007000000000000000000000,部門
株式会社やさしい手,会計系販売系サブシステム,00002,会計系販売系組織体系,2025/11/1,4 ,部,2187,【不】大阪訪問定巡,3 ,601020,2023/7/1,9999/12/31,【使用不可】東淀川訪問定巡拠点,【不】東淀川訪問定巡,ﾋｶﾞｼﾖﾄﾞｶﾞﾜﾃｲｼﾞｭﾝｼﾞｷﾞｮｳｼｮ,,,,その他,,,,,,,,既存,,,,,,,,,001023007002000000000000000000,部門
株式会社やさしい手,会計系販売系サブシステム,00002,会計系販売系組織体系,2025/11/1,5 ,課,601020,【不】東淀川訪問定巡,4 ,15102060,2023/7/1,9999/12/31,【使用不可】東淀川定期巡回部門,【不】東淀川定期巡回,ﾋｶﾞｼﾖﾄﾞｶﾞﾜﾃｲｷｼﾞｭﾝｶｲﾌﾞﾓﾝ,,,,直接部門,,,,,,,,既存,,,,,,,,,001023007002001000000000000000,計上部門
株式会社やさしい手,会計系販売系サブシステム,00002,会計系販売系組織体系,2025/11/1,2 ,本社／支社,0000000000,全社,1 ,11,2017/10/1,9999/12/31,【使用不可】ｺﾝｻﾙﾃｨﾝｸﾞ事業本部西日本支社,【不】ｺﾝｻﾙ西日本,ｺﾝｻﾙﾃｨﾝｸﾞｼﾞｷﾞｮｳﾎﾝﾌﾞﾆｼﾆﾎﾝｼｼｬ,,,,その他,,,,,,,,既存,,,,,,,,,001024000000000000000000000000,計上部門
株式会社やさしい手,会計系販売系サブシステム,00002,会計系販売系組織体系,2025/11/1,2 ,本社／支社,0000000000,全社,1 ,65,2017/8/1,9999/12/31,【使用不可】鹿児島支部,【不】鹿児島支部,ｶｺﾞｼﾏｼﾌﾞ,,,,その他,,,,,,,,既存,,,,,,,,,001025000000000000000000000000,部門
株式会社やさしい手,会計系販売系サブシステム,00002,会計系販売系組織体系,2025/11/1,3 ,本　部,65,【不】鹿児島支部,2 ,6510,2017/8/1,9999/12/31,【使用不可】鹿児島支部統括部,【不】鹿児島支部統括,ｶｺﾞｼﾏｼﾌﾞﾄｳｶﾂﾌﾞ,,,,その他,,,,,,,,既存,,,,,,,,,001025001000000000000000000000,部門
株式会社やさしい手,会計系販売系サブシステム,00002,会計系販売系組織体系,2025/11/1,4 ,部,6510,【不】鹿児島支部統括,3 ,651010,2017/8/1,9999/12/31,【使用不可】鹿児島支部統括課,【不】鹿児島支部統括,ｶｺﾞｼﾏｼﾌﾞﾄｳｶﾂｶ,,,,その他,,,,,,,,既存,,,,,,,,,001025001001000000000000000000,部門
株式会社やさしい手,会計系販売系サブシステム,00002,会計系販売系組織体系,2025/11/1,5 ,課,651010,【不】鹿児島支部統括,4 ,65101010,2017/8/1,9999/12/31,【使用不可】鹿児島支部統括課,【不】鹿児島支部統括,ｶｺﾞｼﾏｼﾌﾞﾄｳｶﾂｶ,,,,間接部門,,,,,,,,既存,,,,,,,,,001025001001001000000000000000,計上部門
株式会社やさしい手,会計系販売系サブシステム,00002,会計系販売系組織体系,2025/11/1,3 ,本　部,65,【不】鹿児島支部,2 ,6520,2017/8/1,9999/12/31,【使用不可】鹿児島支部訪問介護事業部,【不】鹿児島訪問介護,ｶｺﾞｼﾏﾎｳﾓﾝｶｲｺﾞｼﾞｷﾞｮｳﾌﾞ,,,,その他,,,,,,,,既存,,,,,,,,,001025002000000000000000000000,部門
株式会社やさしい手,会計系販売系サブシステム,00002,会計系販売系組織体系,2025/11/1,4 ,部,6520,【不】鹿児島訪問介護,3 ,652010,2017/8/1,9999/12/31,【使用不可】鹿児島統括課,【不】鹿児島統括課,ｶｺﾞｼﾏﾄｳｶﾂｶ,,,,その他,,,,,,,,既存,,,,,,,,,001025002001000000000000000000,部門
株式会社やさしい手,会計系販売系サブシステム,00002,会計系販売系組織体系,2025/11/1,5 ,課,652010,【不】鹿児島統括課,4 ,65201010,2017/8/1,9999/12/31,【使用不可】鹿児島統括課（訪問介護）,【不】鹿児島統括(訪,ｶｺﾞｼﾏﾄｳｶﾂｶ(ﾎｳﾓﾝ),,,,間接部門,,,,,,,,既存,,,,,,,,,001025002001001000000000000000,計上部門
株式会社やさしい手,会計系販売系サブシステム,00002,会計系販売系組織体系,2025/11/1,3 ,本　部,65,【不】鹿児島支部,2 ,6530,2017/8/1,9999/12/31,【使用不可】鹿児島支部訪問高住事業部,【不】鹿児島訪問高住,ｶｺﾞｼﾏﾎｳﾓﾝｺｳｼﾞｭｼﾞｷﾞｮｳﾌﾞ,,,,その他,,,,,,,,既存,,,,,,,,,001025003000000000000000000000,部門
株式会社やさしい手,会計系販売系サブシステム,00002,会計系販売系組織体系,2025/11/1,4 ,部,6530,【不】鹿児島訪問高住,3 ,653010,2017/8/1,9999/12/31,【使用不可】高見馬場訪問高住拠点,【不】高見馬場高住,ﾀｶﾐﾊﾞﾊﾞｼﾞｷﾞｮｳｼｮ,,,,その他,,,,,,,,既存,,,,,,,,,001025003001000000000000000000,部門
株式会社やさしい手,会計系販売系サブシステム,00002,会計系販売系組織体系,2025/11/1,5 ,課,653010,【不】高見馬場高住,4 ,65301040,2017/8/1,9999/12/31,【使用不可】高見馬場訪問介護部門,【不】高見馬場介護,ﾀｶﾐﾊﾞﾊﾞﾎｳﾓﾝｶｲｺﾞﾌﾞﾓﾝ,,,,直接部門,,,,,,,,既存,,,,,,,,,001025003001001000000000000000,計上部門
株式会社やさしい手,会計系販売系サブシステム,00002,会計系販売系組織体系,2025/11/1,5 ,課,653010,【不】高見馬場高住,4 ,65301060,2017/8/1,9999/12/31,【使用不可】高見馬場住宅役務部門,【不】高見馬場住役務,ﾀｶﾐﾊﾞﾊﾞｼﾞｭｳﾀｸｴｷﾑﾌﾞﾓﾝ,,,,直接部門,,,,,,,,既存,,,,,,,,,001025003001002000000000000000,計上部門
株式会社やさしい手,会計系販売系サブシステム,00002,会計系販売系組織体系,2025/11/1,4 ,部,6530,【不】鹿児島訪問高住,3 ,653020,2017/8/1,9999/12/31,【使用不可】山之口訪問高住拠点,【不】山之口訪問高住,ﾔﾏﾉｸﾁｼﾞｷﾞｮｳｼｮ,,,,その他,,,,,,,,既存,,,,,,,,,001025003002000000000000000000,部門
株式会社やさしい手,会計系販売系サブシステム,00002,会計系販売系組織体系,2025/11/1,5 ,課,653020,【不】山之口訪問高住,4 ,65302040,2017/8/1,9999/12/31,【使用不可】山之口訪問介護部門,【不】山之口訪問介護,ﾔﾏﾉｸﾁﾎｳﾓﾝｶｲｺﾞﾌﾞﾓﾝ,,,,直接部門,,,,,,,,既存,,,,,,,,,001025003002001000000000000000,計上部門
株式会社やさしい手,会計系販売系サブシステム,00002,会計系販売系組織体系,2025/11/1,5 ,課,653020,【不】山之口訪問高住,4 ,65302060,2017/8/1,9999/12/31,【使用不可】山之口住宅役務部門,【不】山之口住宅役務,ﾔﾏﾉｸﾁｼﾞｭｳﾀｸｴｷﾑﾌﾞﾓﾝ,,,,直接部門,,,,,,,,既存,,,,,,,,,001025003002002000000000000000,計上部門
株式会社やさしい手,会計系販売系サブシステム,00002,会計系販売系組織体系,2025/11/1,3 ,本　部,65,【不】鹿児島支部,2 ,6540,2017/8/1,9999/12/31,【使用不可】鹿児島支部通所介護事業部,【不】鹿児島通所介護,ｶｺﾞｼﾏﾂｳｼｮｶｲｺﾞｼﾞｷﾞｮｳﾌﾞ,,,,その他,,,,,,,,既存,,,,,,,,,001025004000000000000000000000,部門
株式会社やさしい手,会計系販売系サブシステム,00002,会計系販売系組織体系,2025/11/1,4 ,部,6540,【不】鹿児島通所介護,3 ,654010,2017/8/1,9999/12/31,【使用不可】鹿児島通所統括課,【不】鹿児島通所統括,ｶｺﾞｼﾏﾂｳｼｮﾄｳｶﾂｶ,,,,その他,,,,,,,,既存,,,,,,,,,001025004001000000000000000000,部門
株式会社やさしい手,会計系販売系サブシステム,00002,会計系販売系組織体系,2025/11/1,5 ,課,654010,【不】鹿児島通所統括,4 ,65401010,2017/8/1,9999/12/31,【使用不可】鹿児島通所統括課,【不】鹿児島通所統括,ｶｺﾞｼﾏﾂｳｼｮﾄｳｶﾂｶ,,,,間接部門,,,,,,,,既存,,,,,,,,,001025004001001000000000000000,計上部門
株式会社やさしい手,会計系販売系サブシステム,00002,会計系販売系組織体系,2025/11/1,4 ,部,6540,【不】鹿児島通所介護,3 ,654030,2017/8/1,9999/12/31,【使用不可】宇宿ゆめふる,【不】宇宿ゆめふる,ﾃﾞｲｳｽｷ,,,,その他,,,,,,,,既存,,,,,,,,,001025004003000000000000000000,部門
株式会社やさしい手,会計系販売系サブシステム,00002,会計系販売系組織体系,2025/11/1,5 ,課,654030,【不】宇宿ゆめふる,4 ,65403010,2017/8/1,9999/12/31,【使用不可】宇宿ゆめふる,【不】宇宿ゆめふる,ﾃﾞｲｳｽｷ,,,,直接部門,,,,,,,,既存,,,,,,,,,001025004003001000000000000000,計上部門
株式会社やさしい手,会計系販売系サブシステム,00002,会計系販売系組織体系,2025/11/1,3 ,本　部,65,【不】鹿児島支部,2 ,6550,2018/2/1,9999/12/31,【使用不可】鹿児島支部看護事業部,【不】鹿児島看護事業,ｶｺﾞｼﾏｶﾝｺﾞｼﾞﾄｳｶﾂｶ,,,,間接部門,,,,,,,,既存,,,,,,,,,001025005000000000000000000000,部門
株式会社やさしい手,会計系販売系サブシステム,00002,会計系販売系組織体系,2025/11/1,4 ,部,6550,【不】鹿児島看護事業,3 ,655010,2018/2/1,9999/12/31,【使用不可】鹿児島看護統括課,【不】鹿児島看護統括,ｶｺﾞｼﾏｶﾝｺﾞｼﾞｷﾞｮｳﾌﾞ,,,,その他,,,,,,,,既存,,,,,,,,,001025005001000000000000000000,部門
株式会社やさしい手,会計系販売系サブシステム,00002,会計系販売系組織体系,2025/11/1,5 ,課,655010,【不】鹿児島看護統括,4 ,65501010,2018/2/1,9999/12/31,【使用不可】鹿児島看護統括課,【不】鹿児島看護統括,ｶｺﾞｼﾏｶﾝｺﾞｼﾞｷﾞｮｳﾌﾞ,,,,その他,,,,,,,,既存,,,,,,,,,001025005001001000000000000000,計上部門
株式会社やさしい手,会計系販売系サブシステム,00002,会計系販売系組織体系,2025/11/1,3 ,本　部,65,【不】鹿児島支部,2 ,6560,2018/6/1,9999/12/31,【使用不可】鹿児島支部居宅支援事業部,【不】鹿児島居宅支援,ｶｺﾞｼﾏｷｮﾀｸｼｴﾝｼﾞｷﾞｮｳｼｮ,,,,その他,,,,,,,,既存,,,,,,,,,001025006000000000000000000000,部門
株式会社やさしい手,会計系販売系サブシステム,00002,会計系販売系組織体系,2025/11/1,4 ,部,6560,【不】鹿児島居宅支援,3 ,656010,2018/6/1,9999/12/31,【使用不可】鹿児島居宅支援統括課,【不】鹿児島居支統括,ｶｺﾞｼﾏｷｮﾀｸｼｴﾝﾄｳｶﾂｶ,,,,その他,,,,,,,,既存,,,,,,,,,001025006001000000000000000000,部門
株式会社やさしい手,会計系販売系サブシステム,00002,会計系販売系組織体系,2025/11/1,5 ,課,656010,【不】鹿児島居支統括,4 ,65601010,2018/6/1,9999/12/31,【使用不可】鹿児島居宅支援統括課,【不】鹿児島居支統括,ｶｺﾞｼﾏｷｮﾀｸｼｴﾝﾄｳｶﾂｶ,,,,間接部門,,,,,,,,既存,,,,,,,,,001025006001001000000000000000,計上部門
株式会社やさしい手,会計系販売系サブシステム,00002,会計系販売系組織体系,2025/11/1,2 ,本社／支社,0000000000,全社,1 ,70,2018/4/1,9999/12/31,【使用不可】世田谷東支部,【不】世田谷東支部,ｾﾀｶﾞﾔﾋｶﾞｼｼﾌﾞ,,,,その他,,,,,,,,既存,,,,,,,,,001026000000000000000000000000,部門
株式会社やさしい手,会計系販売系サブシステム,00002,会計系販売系組織体系,2025/11/1,3 ,本　部,70,【不】世田谷東支部,2 ,7010,2018/4/1,9999/12/31,【使用不可】世田谷東支部統括部,【不】世田谷東統括,ｾﾀｶﾞﾔﾋｶﾞｼｼﾌﾞﾄｳｶﾂﾌﾞ,,,,その他,,,,,,,,既存,,,,,,,,,001026001000000000000000000000,部門
株式会社やさしい手,会計系販売系サブシステム,00002,会計系販売系組織体系,2025/11/1,4 ,部,7010,【不】世田谷東統括,3 ,701010,2018/4/1,9999/12/31,【使用不可】世田谷東支部統括課,【不】世田谷東統括,ｾﾀｶﾞﾔﾋｶﾞｼｼﾌﾞﾄｳｶﾂｶ,,,,その他,,,,,,,,既存,,,,,,,,,001026001001000000000000000000,部門
株式会社やさしい手,会計系販売系サブシステム,00002,会計系販売系組織体系,2025/11/1,5 ,課,701010,【不】世田谷東統括,4 ,70101010,2018/4/1,9999/12/31,【使用不可】世田谷東支部統括課,【不】世田谷東統括,ｾﾀｶﾞﾔﾋｶﾞｼｼﾌﾞﾄｳｶﾂｶ,,,,間接部門,,,,,,,,既存,,,,,,,,,001026001001001000000000000000,計上部門
株式会社やさしい手,会計系販売系サブシステム,00002,会計系販売系組織体系,2025/11/1,3 ,本　部,70,【不】世田谷東支部,2 ,7050,2018/4/1,9999/12/31,【使用不可】世田谷東支部居宅支援事業部,【不】世田谷東居支,ｾﾀｶﾞﾔﾋｶﾞｼｷｮﾀｸｼｴﾝｼﾞｷﾞｮｳ,,,,その他,,,,,,,,既存,,,,,,,,,001026005000000000000000000000,部門
株式会社やさしい手,会計系販売系サブシステム,00002,会計系販売系組織体系,2025/11/1,4 ,部,7050,【不】世田谷東居支,3 ,705010,2018/4/1,9999/12/31,【使用不可】世田谷居宅統括課,【不】世田谷居宅統括,ｾﾀｶﾞﾔｷｮﾀｸﾄｳｶﾂｶ,,,,その他,,,,,,,,既存,,,,,,,,,001026005007000000000000000000,部門
株式会社やさしい手,会計系販売系サブシステム,00002,会計系販売系組織体系,2025/11/1,5 ,課,705010,【不】世田谷居宅統括,4 ,70501010,2018/4/1,9999/12/31,【使用不可】世田谷東居宅統括課,【不】世田谷東居宅統,ｾﾀｶﾞﾔﾋｶﾞｼｷｮﾀｸﾄｳｶﾂｶ,,,,間接部門,,,,,,,,既存,,,,,,,,,001026005007001000000000000000,計上部門
株式会社やさしい手,会計系販売系サブシステム,00002,会計系販売系組織体系,2025/11/1,3 ,本　部,70,【不】世田谷東支部,2 ,7060,2018/4/1,9999/12/31,【使用不可】世田谷東支部通所介護事業部,【不】世田谷東通介,ｾﾀｶﾞﾔﾋｶﾞｼﾂｳｼｮｶｲｺﾞｼﾞｷﾞｮｳ,,,,その他,,,,,,,,既存,,,,,,,,,001026006000000000000000000000,部門
株式会社やさしい手,会計系販売系サブシステム,00002,会計系販売系組織体系,2025/11/1,4 ,部,7060,【不】世田谷東通介,3 ,706010,2018/4/1,9999/12/31,【使用不可】世田谷東通所統括課,【不】世田谷東通所統,ｾﾀｶﾞﾔﾋｶﾞｼﾂｳｼｮﾄｳｶﾂｶ,,,,その他,,,,,,,,既存,,,,,,,,,001026006005000000000000000000,部門
株式会社やさしい手,会計系販売系サブシステム,00002,会計系販売系組織体系,2025/11/1,5 ,課,706010,【不】世田谷東通所統,4 ,70601010,2018/4/1,9999/12/31,【使用不可】世田谷東通所統括課,【不】世田谷東通所統,ｾﾀｶﾞﾔﾂｳｼｮﾄｳｶﾂｶ,,,,間接部門,,,,,,,,既存,,,,,,,,,001026006005001000000000000000,計上部門
株式会社やさしい手,会計系販売系サブシステム,00002,会計系販売系組織体系,2025/11/1,3 ,本　部,70,【不】世田谷東支部,2 ,7070,2018/4/1,9999/12/31,【使用不可】世田谷東支部看護事業部,【不】世田谷東看護,ｾﾀｶﾞﾔﾋｶﾞｼｶﾝｺﾞｼﾞｷﾞｮｳﾌﾞ,,,,その他,,,,,,,,既存,,,,,,,,,001026007000000000000000000000,部門
株式会社やさしい手,会計系販売系サブシステム,00002,会計系販売系組織体系,2025/11/1,4 ,部,7070,【不】世田谷東看護,3 ,073510,2018/4/1,9999/12/31,【使用不可】三軒茶屋ゆめてらす,【不】三軒茶屋ゆめて,ｻﾝｹﾞﾝﾁｬﾔﾕﾒﾃﾗｽ,,,,その他,,,,,,,,既存,,,,,,,,,001026007001000000000000000000,部門
株式会社やさしい手,会計系販売系サブシステム,00002,会計系販売系組織体系,2025/11/1,5 ,課,073510,【不】三軒茶屋ゆめて,4 ,07351010,2018/4/1,9999/12/31,【使用不可】三軒茶屋介護一ｸﾞﾙｰﾌﾟ,【不】三軒茶屋介護1G,ｻﾝｹﾞﾝﾁﾞｬﾔｶｲｺﾞｲﾁｸﾞﾙｰﾌ,,,,直接部門,,,,,,,,既存,,,,,,,,,001026007001001000000000000000,計上部門
株式会社やさしい手,会計系販売系サブシステム,00002,会計系販売系組織体系,2025/11/1,5 ,課,073510,【不】三軒茶屋ゆめて,4 ,07351011,2018/4/1,9999/12/31,【使用不可】三軒茶屋介護二ｸﾞﾙｰﾌﾟ,【不】三軒茶屋介護2G,ｻﾝｹﾞﾝﾁﾞｬﾔｶｲｺﾞﾆｸﾞﾙｰﾌﾟ,,,,直接部門,,,,,,,,既存,,,,,,,,,001026007001002000000000000000,計上部門
株式会社やさしい手,会計系販売系サブシステム,00002,会計系販売系組織体系,2025/11/1,5 ,課,073510,【不】三軒茶屋ゆめて,4 ,07351012,2018/4/1,9999/12/31,【使用不可】三軒茶屋介護三ｸﾞﾙｰﾌﾟ,【不】三軒茶屋介護3G,ｻﾝｹﾞﾝﾁﾞｬﾔｶｲｺﾞ3ｸﾞﾙｰﾌﾟ,,,,直接部門,,,,,,,,既存,,,,,,,,,001026007001003000000000000000,計上部門
株式会社やさしい手,会計系販売系サブシステム,00002,会計系販売系組織体系,2025/11/1,5 ,課,073510,【不】三軒茶屋ゆめて,4 ,07351020,2018/4/1,9999/12/31,【使用不可】三軒茶屋看護ｸﾞﾙｰﾌﾟ,【不】三軒茶屋看護G,ｻﾝｹﾞﾝﾁﾞｬﾔｶﾝｺﾞｸﾞﾙｰﾌﾟ,,,,直接部門,,,,,,,,既存,,,,,,,,,001026007001004000000000000000,計上部門
株式会社やさしい手,会計系販売系サブシステム,00002,会計系販売系組織体系,2025/11/1,5 ,課,073510,【不】三軒茶屋ゆめて,4 ,07351030,2018/4/1,9999/12/31,【使用不可】三軒茶屋ゆめてらす,【不】三軒茶屋ゆめて,ｻﾝｹﾞﾝﾁｬﾔﾕﾒﾃﾗｽ,,,,直接部門,,,,,,,,既存,,,,,,,,,001026007001005000000000000000,計上部門
株式会社やさしい手,会計系販売系サブシステム,00002,会計系販売系組織体系,2025/11/1,5 ,課,073510,【不】三軒茶屋ゆめて,4 ,07351040,2018/4/1,9999/12/31,【使用不可】三軒茶屋管理ｸﾞﾙｰﾌﾟ,【不】三軒茶屋管理G,ｻﾝｹﾞﾝﾁﾞｬﾔｶﾝﾘｸﾞﾙｰﾌﾟ,,,,直接部門,,,,,,,,既存,,,,,,,,,001026007001006000000000000000,計上部門
株式会社やさしい手,会計系販売系サブシステム,00002,会計系販売系組織体系,2025/11/1,4 ,部,7070,【不】世田谷東看護,3 ,707010,2018/4/1,9999/12/31,【使用不可】世田谷東看護統括課,【不】世田谷東看護統,ｾﾀｶﾞﾔﾋｶﾞｼｶﾝｺﾞﾄｳｶﾂｶ,,,,その他,,,,,,,,既存,,,,,,,,,001026007004000000000000000000,部門
株式会社やさしい手,会計系販売系サブシステム,00002,会計系販売系組織体系,2025/11/1,5 ,課,707010,【不】世田谷東看護統,4 ,70701010,2018/4/1,9999/12/31,【使用不可】世田谷東看護統括課,【不】世田谷東看護統,ｾﾀｶﾞﾔﾋｶﾞｼｶﾝｺﾞﾄｳｶﾂｶ,,,,間接部門,,,,,,,,既存,,,,,,,,,001026007004001000000000000000,計上部門
株式会社やさしい手,会計系販売系サブシステム,00002,会計系販売系組織体系,2025/11/1,4 ,部,7070,【不】世田谷東看護,3 ,707020,2021/3/1,9999/12/31,【使用不可】太子堂訪問看護拠点かえりえ,【不】太子堂訪看拠点,ﾀｲｼﾄﾞｳﾎｳﾓﾝｶﾝｺﾞｷｮﾃﾝｶｴﾘｴ,,,,その他,,,,,,,,既存,,,,,,,,,001026007005000000000000000000,部門
株式会社やさしい手,会計系販売系サブシステム,00002,会計系販売系組織体系,2025/11/1,5 ,課,707020,【不】太子堂訪看拠点,4 ,70702010,2021/3/1,9999/12/31,【使用不可】太子堂訪問看護医療保険,【不】太子堂訪看医療,ﾀｲｼﾄﾞｳﾎｳﾓﾝｶﾝｺﾞｲﾘｮｳﾎｹﾝ,,,,直接部門,,,,,,,,既存,,,,,,,,,001026007005001000000000000000,計上部門
株式会社やさしい手,会計系販売系サブシステム,00002,会計系販売系組織体系,2025/11/1,5 ,課,707020,【不】太子堂訪看拠点,4 ,70702020,2021/3/1,9999/12/31,【使用不可】太子堂訪問看護かえりえ,【不】太子堂訪問看護,ﾀｲｼﾄﾞｳﾎｳﾓﾝｶﾝｺﾞｶｴﾘｴ,,,,直接部門,,,,,,,,既存,,,,,,,,,001026007005002000000000000000,計上部門
株式会社やさしい手,会計系販売系サブシステム,00002,会計系販売系組織体系,2025/11/1,2 ,本社／支社,0000000000,全社,1 ,75,2018/4/1,9999/12/31,【使用不可】武蔵野支部,【不】武蔵野支部,ﾑｻｼﾉｼﾌﾞ,,,,その他,,,,,,,,既存,,,,,,,,,001027000000000000000000000000,部門
株式会社やさしい手,会計系販売系サブシステム,00002,会計系販売系組織体系,2025/11/1,3 ,本　部,75,【不】武蔵野支部,2 ,7510,2018/4/1,9999/12/31,【使用不可】武蔵野支部統括部,【不】武蔵野支部統括,ﾑｻｼﾉｼﾌﾞﾄｳｶﾂﾌﾞ,,,,その他,,,,,,,,既存,,,,,,,,,001027001000000000000000000000,部門
株式会社やさしい手,会計系販売系サブシステム,00002,会計系販売系組織体系,2025/11/1,4 ,部,7510,【不】武蔵野支部統括,3 ,751010,2018/4/1,9999/12/31,【使用不可】武蔵野支部統括課,【不】武蔵野支部統括,ﾑｻｼﾉｼﾌﾞﾄｳｶﾂｶ,,,,その他,,,,,,,,既存,,,,,,,,,001027001001000000000000000000,部門
株式会社やさしい手,会計系販売系サブシステム,00002,会計系販売系組織体系,2025/11/1,5 ,課,751010,【不】武蔵野支部統括,4 ,75101010,2018/4/1,9999/12/31,【使用不可】武蔵野支部統括課,【不】武蔵野支部統括,ﾑｻｼﾉｼﾌﾞﾄｳｶﾂｶ,,,,間接部門,,,,,,,,既存,,,,,,,,,001027001001001000000000000000,計上部門
株式会社やさしい手,会計系販売系サブシステム,00002,会計系販売系組織体系,2025/11/1,3 ,本　部,75,【不】武蔵野支部,2 ,7520,2018/4/1,9999/12/31,【使用不可】武蔵野支部訪問介護事業部,【不】武蔵野訪問介護,ﾑｻｼﾉｼﾌﾞﾎｳﾓﾝｶｲｺﾞﾌﾞﾓﾝ,,,,その他,,,,,,,,既存,,,,,,,,,001027002000000000000000000000,部門
株式会社やさしい手,会計系販売系サブシステム,00002,会計系販売系組織体系,2025/11/1,4 ,部,7520,【不】武蔵野訪問介護,3 ,204015,2018/4/1,9999/12/31,【使用不可】新川事業所,【不】新川事業所,ｼﾝｶﾜｼﾞｷﾞｮｳｼｮ,,,,その他,,,,,,,,既存,,,,,,,,,001027002003000000000000000000,部門
株式会社やさしい手,会計系販売系サブシステム,00002,会計系販売系組織体系,2025/11/1,5 ,課,204015,【不】新川事業所,4 ,20401530,2018/4/1,9999/12/31,【使用不可】新川訪問介護,【不】新川訪問介護,ｼﾝｶﾜﾎｳﾓﾝｶｲｺﾞ,,,,間接部門,,,,,,,,既存,,,,,,,,,001027002003001000000000000000,計上部門
株式会社やさしい手,会計系販売系サブシステム,00002,会計系販売系組織体系,2025/11/1,4 ,部,7520,【不】武蔵野訪問介護,3 ,209540,2018/4/1,9999/12/31,【使用不可】三鷹巡回事業所,【不】三鷹巡回事業所,ﾐﾀｶｼﾞｭﾝｶｲｼﾞｷﾞｮｳｼｮ,,,,その他,,,,,,,,既存,,,,,,,,,001027002005000000000000000000,部門
株式会社やさしい手,会計系販売系サブシステム,00002,会計系販売系組織体系,2025/11/1,5 ,課,209540,【不】三鷹巡回事業所,4 ,20401040,2018/4/1,9999/12/31,【使用不可】三鷹ｸﾞﾙｰﾌﾟ,【不】三鷹ｸﾞﾙｰﾌﾟ,ﾐﾀｶｸﾞﾙｰﾌﾟｷｭｳ,,,,直接部門,,,,,,,,既存,,,,,,,,,001027002005001000000000000000,計上部門
株式会社やさしい手,会計系販売系サブシステム,00002,会計系販売系組織体系,2025/11/1,5 ,課,209540,【不】三鷹巡回事業所,4 ,20955040,2018/4/1,9999/12/31,【使用不可】三鷹巡回ｸﾞﾙｰﾌﾟ,【不】三鷹巡ｸﾞﾙｰﾌﾟ,ﾐﾀｶｼﾞｭﾝｶｲｸﾞﾙｰﾌﾟ,,,,直接部門,,,,,,,,既存,,,,,,,,,001027002005002000000000000000,計上部門
株式会社やさしい手,会計系販売系サブシステム,00002,会計系販売系組織体系,2025/11/1,5 ,課,209540,【不】三鷹巡回事業所,4 ,20955540,2018/4/1,9999/12/31,【使用不可】三鷹巡回Bｸﾞﾙｰﾌﾟ,【不】三鷹巡Bｸﾞﾙｰﾌﾟ,ﾐﾀｶｼﾞｭﾝｶｲﾋﾞｰｸﾞﾙｰﾌﾟ,,,,直接部門,,,,,,,,既存,,,,,,,,,001027002005003000000000000000,計上部門
株式会社やさしい手,会計系販売系サブシステム,00002,会計系販売系組織体系,2025/11/1,3 ,本　部,75,【不】武蔵野支部,2 ,7550,2018/4/1,9999/12/31,【使用不可】武蔵野支部居宅支援事業部,【不】武蔵野居宅支援,ﾑｻｼﾉｷｮﾀｸｼｴﾝｼﾞｷﾞｮｳﾌﾞ,,,,その他,,,,,,,,既存,,,,,,,,,001027005000000000000000000000,部門
株式会社やさしい手,会計系販売系サブシステム,00002,会計系販売系組織体系,2025/11/1,4 ,部,7550,【不】武蔵野居宅支援,3 ,208314,2018/4/1,9999/12/31,【使用不可】武蔵境支援,【不】武蔵境支援,ﾑｻｼｻｶｲｶｲｺﾞｼｴﾝｶ,,,,その他,,,,,,,,既存,,,,,,,,,001027005005000000000000000000,部門
株式会社やさしい手,会計系販売系サブシステム,00002,会計系販売系組織体系,2025/11/1,5 ,課,208314,【不】武蔵境支援,4 ,20402520,2018/4/1,9999/12/31,【使用不可】武蔵境支援,【不】武蔵境支援,ﾑｻｼｻｶｲｶｲｺﾞｼｴﾝｶ,,,,直接部門,,,,,,,,既存,,,,,,,,,001027005005001000000000000000,計上部門
株式会社やさしい手,会計系販売系サブシステム,00002,会計系販売系組織体系,2025/11/1,4 ,部,7550,【不】武蔵野居宅支援,3 ,755010,2018/4/1,9999/12/31,【使用不可】武蔵野居宅統括課,【不】武蔵野居宅統括,ﾑｻｼﾉｷｮﾀｸﾄｳｶﾂｶ,,,,その他,,,,,,,,既存,,,,,,,,,001027005006000000000000000000,部門
株式会社やさしい手,会計系販売系サブシステム,00002,会計系販売系組織体系,2025/11/1,5 ,課,755010,【不】武蔵野居宅統括,4 ,75501010,2018/4/1,9999/12/31,【使用不可】武蔵野居宅統括課,【不】武蔵野居宅統括,ﾑｻｼﾉｷｮﾀｸﾄｳｶﾂｶ,,,,間接部門,,,,,,,,既存,,,,,,,,,001027005006001000000000000000,計上部門
株式会社やさしい手,会計系販売系サブシステム,00002,会計系販売系組織体系,2025/11/1,3 ,本　部,75,【不】武蔵野支部,2 ,7560,2018/4/1,9999/12/31,【使用不可】武蔵野支部看護事業部,【不】武蔵野看護事業,ﾑｻｼﾉｶﾝｺﾞｼﾞｷﾞｮｳﾌﾞ,,,,その他,,,,,,,,既存,,,,,,,,,001027006000000000000000000000,部門
株式会社やさしい手,会計系販売系サブシステム,00002,会計系販売系組織体系,2025/11/1,4 ,部,7560,【不】武蔵野看護事業,3 ,209140,2018/4/1,9999/12/31,【使用不可】杉並入浴課,【不】杉並入浴課,ｽｷﾞﾅﾐﾆｭｳﾖｸｶ,,,,その他,,,,,,,,既存,,,,,,,,,001027006001000000000000000000,部門
株式会社やさしい手,会計系販売系サブシステム,00002,会計系販売系組織体系,2025/11/1,5 ,課,209140,【不】杉並入浴課,4 ,20171050,2018/4/1,9999/12/31,【使用不可】杉並入浴事業所,【不】杉並入浴事業所,ｽｷﾞﾅﾐﾆｭｳﾖｸｼﾞｷﾞｮｳｼｮ,,,,直接部門,,,,,,,,既存,,,,,,,,,001027006001001000000000000000,計上部門
株式会社やさしい手,会計系販売系サブシステム,00002,会計系販売系組織体系,2025/11/1,4 ,部,7560,【不】武蔵野看護事業,3 ,756010,2018/4/1,9999/12/31,【使用不可】武蔵野看護統括課,【不】武蔵野看護統括,ﾑｻｼﾉｶﾝｺﾞﾄｳｶﾂｶ,,,,その他,,,,,,,,既存,,,,,,,,,001027006002000000000000000000,部門
株式会社やさしい手,会計系販売系サブシステム,00002,会計系販売系組織体系,2025/11/1,5 ,課,756010,【不】武蔵野看護統括,4 ,75601010,2018/4/1,9999/12/31,【使用不可】武蔵野看護統括課,【不】武蔵野看護統括,ﾑｻｼﾉｶﾝｺﾞﾄｳｶﾂｶ,,,,間接部門,,,,,,,,既存,,,,,,,,,001027006002001000000000000000,計上部門
株式会社やさしい手,会計系販売系サブシステム,00002,会計系販売系組織体系,2025/11/1,4 ,部,7560,【不】武蔵野看護事業,3 ,756020,2018/4/1,9999/12/31,【使用不可】三鷹中原看多機拠点かえりえ,【不】三鷹中原看多機,ﾐﾀｶﾅｶﾊﾗｶﾝﾀｷｺﾞｳｹｲ,,,,その他,,,,,,,,既存,,,,,,,,,001027006003000000000000000000,部門
株式会社やさしい手,会計系販売系サブシステム,00002,会計系販売系組織体系,2025/11/1,5 ,課,756020,【不】三鷹中原看多機,4 ,75602010,2018/4/1,9999/12/31,【使用不可】三鷹中原訪問看護かえりえ,【不】三鷹中原訪看介,ﾐﾀｶﾅｶﾊﾗﾎｳｶﾝｶｲｺﾞ,,,,間接部門,,,,,,,,既存,,,,,,,,,001027006003001000000000000000,計上部門
株式会社やさしい手,会計系販売系サブシステム,00002,会計系販売系組織体系,2025/11/1,5 ,課,756020,【不】三鷹中原看多機,4 ,75602020,2018/4/1,9999/12/31,【使用不可】三鷹中原訪問看護医療保険,【不】三鷹中原訪看医,ﾐﾀｶﾅｶﾊﾗﾎｳｶﾝｲﾘｮｳ,,,,間接部門,,,,,,,,既存,,,,,,,,,001027006003002000000000000000,計上部門
株式会社やさしい手,会計系販売系サブシステム,00002,会計系販売系組織体系,2025/11/1,2 ,本社／支社,0000000000,全社,1 ,80,2018/4/1,9999/12/31,【使用不可】多摩支部,【不】多摩支部,ﾀﾏｼﾌﾞ,,,,その他,,,,,,,,既存,,,,,,,,,001028000000000000000000000000,部門
株式会社やさしい手,会計系販売系サブシステム,00002,会計系販売系組織体系,2025/11/1,3 ,本　部,80,【不】多摩支部,2 ,8010,2018/4/1,9999/12/31,【使用不可】多摩支部統括部,【不】多摩支部統括部,ﾀﾏｼﾌﾞﾄｳｶﾂﾌﾞ,,,,その他,,,,,,,,既存,,,,,,,,,001028001000000000000000000000,部門
株式会社やさしい手,会計系販売系サブシステム,00002,会計系販売系組織体系,2025/11/1,4 ,部,8010,【不】多摩支部統括部,3 ,801010,2018/4/1,9999/12/31,【使用不可】多摩支部統括課,【不】多摩支部統括課,ﾀﾏｼﾌﾞﾄｳｶﾂｶ,,,,その他,,,,,,,,既存,,,,,,,,,001028001001000000000000000000,部門
株式会社やさしい手,会計系販売系サブシステム,00002,会計系販売系組織体系,2025/11/1,5 ,課,801010,【不】多摩支部統括課,4 ,80101010,2018/4/1,9999/12/31,【使用不可】多摩支部統括課,【不】多摩支部統括課,ﾀﾏｼﾌﾞﾄｳｶﾂｶ,,,,間接部門,,,,,,,,既存,,,,,,,,,001028001001001000000000000000,計上部門
株式会社やさしい手,会計系販売系サブシステム,00002,会計系販売系組織体系,2025/11/1,3 ,本　部,80,【不】多摩支部,2 ,8020,2018/4/1,9999/12/31,【使用不可】多摩支部訪問介護事業部,【不】多摩訪問介護,ﾀﾏｼﾌﾞﾎｳﾓﾝｶｲｺﾞｼﾞｷﾞｮｳﾌﾞ,,,,その他,,,,,,,,既存,,,,,,,,,001028002000000000000000000000,部門
株式会社やさしい手,会計系販売系サブシステム,00002,会計系販売系組織体系,2025/11/1,4 ,部,8020,【不】多摩訪問介護,3 ,204050,2018/4/1,9999/12/31,【使用不可】国分寺事業所準備室,【不】国分寺事業所準,ｺｸﾌﾞﾝｼﾞｼﾞｷﾞｮｳｼｮｼﾞｭﾝﾋ,,,,その他,,,,,,,,既存,,,,,,,,,001028002003000000000000000000,部門
株式会社やさしい手,会計系販売系サブシステム,00002,会計系販売系組織体系,2025/11/1,5 ,課,204050,【不】国分寺事業所準,4 ,20405030,2018/4/1,9999/12/31,【使用不可】国分寺訪介準備室,【不】国分寺訪介準備,ｺｸﾌﾞﾝｼﾞﾎｳﾓﾝｶｲｺﾞｼﾞｭﾝﾋ,,,,直接部門,,,,,,,,既存,,,,,,,,,001028002003001000000000000000,計上部門
株式会社やさしい手,会計系販売系サブシステム,00002,会計系販売系組織体系,2025/11/1,3 ,本　部,80,【不】多摩支部,2 ,8030,2018/4/1,9999/12/31,【使用不可】多摩支部訪問高住事業部,【不】多摩訪問高住,ﾀﾏｼﾌﾞﾎｳﾓﾝｺｳｼﾞｭｼﾞｷﾞｮｳﾌﾞ,,,,その他,,,,,,,,既存,,,,,,,,,001028003000000000000000000000,部門
株式会社やさしい手,会計系販売系サブシステム,00002,会計系販売系組織体系,2025/11/1,4 ,部,8030,【不】多摩訪問高住,3 ,209564,2018/4/1,9999/12/31,【使用不可】町田森野高住拠点合計,【不】町田森野高住,ｷｮﾃﾝｺﾞｳｹｲﾏﾁﾀﾞﾓﾘﾉｼﾞｭﾝﾋﾞｼﾂ,,,,その他,,,,,,,,既存,,,,,,,,,001028003001000000000000000000,部門
株式会社やさしい手,会計系販売系サブシステム,00002,会計系販売系組織体系,2025/11/1,5 ,課,209564,【不】町田森野高住,4 ,20956440,2018/4/1,9999/12/31,【使用不可】町田森野巡回ｸﾞﾙｰﾌﾟ,【不】町田森野巡回,ﾏﾁﾀﾞﾓﾘﾉｼﾞｭﾝｶｲｸﾞﾙｰﾌﾟｼﾞｭﾝﾋﾞｼﾂ,,,,直接部門,,,,,,,,既存,,,,,,,,,001028003001001000000000000000,計上部門
株式会社やさしい手,会計系販売系サブシステム,00002,会計系販売系組織体系,2025/11/1,5 ,課,209564,【不】町田森野高住,4 ,20956450,2018/4/1,9999/12/31,【使用不可】町田森野定期巡回ｸﾞﾙｰﾌﾟ,【不】町田森野定巡,ﾏﾁﾀﾞﾓﾘﾉﾃｲｷｼﾞｭﾝｶｲｸﾞﾙｰﾌﾟｼﾞｭﾝﾋﾞｼﾂ,,,,直接部門,,,,,,,,既存,,,,,,,,,001028003001002000000000000000,計上部門
株式会社やさしい手,会計系販売系サブシステム,00002,会計系販売系組織体系,2025/11/1,5 ,課,209564,【不】町田森野高住,4 ,20956460,2018/4/1,9999/12/31,【使用不可】町田森野サ高住,【不】町田森野サ高住,ﾏﾁﾀﾞﾓﾘﾉｻｺｳｼﾞｭｳｼﾞｭﾝﾋﾞｼﾂ,,,,直接部門,,,,,,,,既存,,,,,,,,,001028003001003000000000000000,計上部門
株式会社やさしい手,会計系販売系サブシステム,00002,会計系販売系組織体系,2025/11/1,3 ,本　部,80,【不】多摩支部,2 ,8040,2018/4/1,9999/12/31,【使用不可】多摩支部居宅支援事業部,【不】多摩居宅支援,ﾀﾏｷｮﾀｸｼｴﾝｼﾞｷﾞｮｳﾌﾞ,,,,その他,,,,,,,,既存,,,,,,,,,001028004000000000000000000000,部門
株式会社やさしい手,会計系販売系サブシステム,00002,会計系販売系組織体系,2025/11/1,4 ,部,8040,【不】多摩居宅支援,3 ,208315,2018/4/1,9999/12/31,【使用不可】日野介護支援課,【不】日野支援,ﾋﾉｶｲｺﾞｼｴﾝｶ,,,,その他,,,,,,,,既存,,,,,,,,,001028004001000000000000000000,部門
株式会社やさしい手,会計系販売系サブシステム,00002,会計系販売系組織体系,2025/11/1,5 ,課,208315,【不】日野支援,4 ,20403020,2018/4/1,9999/12/31,【使用不可】日野介護支援課,【不】日野支援,ﾋﾉｶｲｺﾞｼｴﾝｶ,,,,直接部門,,,,,,,,既存,,,,,,,,,001028004001001000000000000000,計上部門
株式会社やさしい手,会計系販売系サブシステム,00002,会計系販売系組織体系,2025/11/1,4 ,部,8040,【不】多摩居宅支援,3 ,804010,2018/4/1,9999/12/31,【使用不可】多摩居宅統括課,【不】多摩居宅統括課,ﾀﾏｷｮﾀｸﾄｳｶﾂｶ,,,,その他,,,,,,,,既存,,,,,,,,,001028004005000000000000000000,部門
株式会社やさしい手,会計系販売系サブシステム,00002,会計系販売系組織体系,2025/11/1,5 ,課,804010,【不】多摩居宅統括課,4 ,80401010,2018/4/1,9999/12/31,【使用不可】多摩居宅統括課,【不】多摩居宅統括課,ﾀﾏｷｮﾀｸﾄｳｶﾂｶ,,,,間接部門,,,,,,,,既存,,,,,,,,,001028004005001000000000000000,計上部門
株式会社やさしい手,会計系販売系サブシステム,00002,会計系販売系組織体系,2025/11/1,3 ,本　部,80,【不】多摩支部,2 ,8050,2018/4/1,9999/12/31,【使用不可】多摩支部通所介護事業部,【不】多摩通所介護,ﾀﾏﾂｳｼｮｶｲｺﾞｼﾞｷﾞｮｳﾌﾞ,,,,その他,,,,,,,,既存,,,,,,,,,001028005000000000000000000000,部門
株式会社やさしい手,会計系販売系サブシステム,00002,会計系販売系組織体系,2025/11/1,4 ,部,8050,【不】多摩通所介護,3 ,805010,2018/4/1,9999/12/31,【使用不可】多摩通所統括課,【不】多摩通所統括課,ﾀﾏﾂｳｼｮﾄｳｶﾂｶ,,,,その他,,,,,,,,既存,,,,,,,,,001028005004000000000000000000,部門
株式会社やさしい手,会計系販売系サブシステム,00002,会計系販売系組織体系,2025/11/1,5 ,課,805010,【不】多摩通所統括課,4 ,80501010,2018/4/1,9999/12/31,【使用不可】多摩通所統括課,【不】多摩通所統括課,ﾀﾏﾂｳｼｮﾄｳｶﾂｶ,,,,間接部門,,,,,,,,既存,,,,,,,,,001028005004001000000000000000,計上部門
株式会社やさしい手,会計系販売系サブシステム,00002,会計系販売系組織体系,2025/11/1,3 ,本　部,80,【不】多摩支部,2 ,8060,2018/4/1,9999/12/31,【使用不可】多摩支部看護事業部,【不】多摩看護事業部,ﾀﾏｶﾝｺﾞｼﾞｷﾞｮｳﾌﾞ,,,,その他,,,,,,,,既存,,,,,,,,,001028006000000000000000000000,部門
株式会社やさしい手,会計系販売系サブシステム,00002,会計系販売系組織体系,2025/11/1,4 ,部,8060,【不】多摩看護事業部,3 ,806010,2018/4/1,9999/12/31,【使用不可】多摩看護統括課,【不】多摩看護統括課,ﾀﾏｶﾝｺﾞﾄｳｶﾂﾌﾞ,,,,その他,,,,,,,,既存,,,,,,,,,001028006003000000000000000000,部門
株式会社やさしい手,会計系販売系サブシステム,00002,会計系販売系組織体系,2025/11/1,5 ,課,806010,【不】多摩看護統括課,4 ,80601010,2018/4/1,9999/12/31,【使用不可】多摩看護統括課,【不】多摩看護統括課,ﾀﾏｶﾝｺﾞﾄｳｶﾂﾌﾞ,,,,間接部門,,,,,,,,既存,,,,,,,,,001028006003001000000000000000,計上部門
株式会社やさしい手,会計系販売系サブシステム,00002,会計系販売系組織体系,2025/11/1,2 ,本社／支社,0000000000,全社,1 ,85,2018/4/1,9999/12/31,【使用不可】埼玉南支部,【不】埼玉南支部,ｻｲﾀﾏﾐﾅﾐｼﾌﾞ,,,,その他,,,,,,,,既存,,,,,,,,,001029000000000000000000000000,部門
株式会社やさしい手,会計系販売系サブシステム,00002,会計系販売系組織体系,2025/11/1,3 ,本　部,85,【不】埼玉南支部,2 ,8510,2018/4/1,9999/12/31,【使用不可】埼玉南支部統括部,【不】埼玉南支部統括,ｻｲﾀﾏﾐﾅﾐｼﾌﾞﾄｳｶﾂﾌﾞ,,,,その他,,,,,,,,既存,,,,,,,,,001029001000000000000000000000,部門
株式会社やさしい手,会計系販売系サブシステム,00002,会計系販売系組織体系,2025/11/1,4 ,部,8510,【不】埼玉南支部統括,3 ,851010,2018/4/1,9999/12/31,【使用不可】埼玉南支部統括課,【不】埼玉南支部統括,ｻｲﾀﾏﾐﾅﾐｼﾌﾞﾄｳｶﾂｶ,,,,その他,,,,,,,,既存,,,,,,,,,001029001001000000000000000000,部門
株式会社やさしい手,会計系販売系サブシステム,00002,会計系販売系組織体系,2025/11/1,5 ,課,851010,【不】埼玉南支部統括,4 ,85101010,2018/4/1,9999/12/31,【使用不可】埼玉南支部統括課,【不】埼玉南支部統括,ｻｲﾀﾏﾐﾅﾐｼﾌﾞﾄｳｶﾂｶ,,,,間接部門,,,,,,,,既存,,,,,,,,,001029001001001000000000000000,計上部門
株式会社やさしい手,会計系販売系サブシステム,00002,会計系販売系組織体系,2025/11/1,3 ,本　部,85,【不】埼玉南支部,2 ,8540,2018/4/1,9999/12/31,【使用不可】埼玉南支部訪問高住事業部,【不】埼玉南訪問高住,ｻｲﾀﾏﾐﾅﾐｼﾌﾞﾎｳﾓﾝｺｳｼﾞｭｼﾞｷﾞｮｳﾌﾞ,,,,その他,,,,,,,,既存,,,,,,,,,001029004000000000000000000000,部門
株式会社やさしい手,会計系販売系サブシステム,00002,会計系販売系組織体系,2025/11/1,4 ,部,8540,【不】埼玉南訪問高住,3 ,209660,2018/4/1,9999/12/31,【使用不可】ふじみ野訪問高住拠点,【不】ふじみ野高住拠,ﾌｼﾞﾐﾉｼﾞｷﾞｮｳｼｮ,,,,その他,,,,,,,,既存,,,,,,,,,001029004001000000000000000000,部門
株式会社やさしい手,会計系販売系サブシステム,00002,会計系販売系組織体系,2025/11/1,5 ,課,209660,【不】ふじみ野高住拠,4 ,20966040,2018/4/1,9999/12/31,【使用不可】ふじみ野訪問介護部門,【不】ふじみ野介護,ﾌｼﾞﾐﾉﾎｳﾓﾝｶｲｺﾞﾌﾞﾓﾝ,,,,直接部門,,,,,,,,既存,,,,,,,,,001029004001001000000000000000,計上部門
株式会社やさしい手,会計系販売系サブシステム,00002,会計系販売系組織体系,2025/11/1,5 ,課,209660,【不】ふじみ野高住拠,4 ,20966050,2018/4/1,9999/12/31,【使用不可】ふじみ野住宅役務部門,【不】ふじみ野住役,ﾌｼﾞﾐﾉｼﾞｭｳﾀｸｴｷﾑﾌﾞﾓﾝ,,,,直接部門,,,,,,,,既存,,,,,,,,,001029004001002000000000000000,計上部門
株式会社やさしい手,会計系販売系サブシステム,00002,会計系販売系組織体系,2025/11/1,5 ,課,209660,【不】ふじみ野高住拠,4 ,20966060,2018/4/1,9999/12/31,【使用不可】ふじみ野定期巡回部門,【不】ふじみ野定巡,ﾌｼﾞﾐﾉﾃｲｷｼﾞｭﾝｶｲﾌﾞﾓﾝ,,,,直接部門,,,,,,,,既存,,,,,,,,,001029004001003000000000000000,計上部門
株式会社やさしい手,会計系販売系サブシステム,00002,会計系販売系組織体系,2025/11/1,3 ,本　部,85,【不】埼玉南支部,2 ,8550,2018/4/1,9999/12/31,【使用不可】埼玉南支部居宅支援事業部,【不】埼玉南居宅支援,ｻｲﾀﾏﾐﾅﾐｷｮﾀｸｼｴﾝｼﾞｷﾞｮｳﾌﾞ,,,,その他,,,,,,,,既存,,,,,,,,,001029005000000000000000000000,部門
株式会社やさしい手,会計系販売系サブシステム,00002,会計系販売系組織体系,2025/11/1,4 ,部,8550,【不】埼玉南居宅支援,3 ,352007,2018/4/1,9999/12/31,【使用不可】ふじみ野居宅介護支援拠点,【不】ふじみ野支援,ﾌｼﾞﾐﾉｼｴﾝｶ,,,,その他,,,,,,,,既存,,,,,,,,,001029005004000000000000000000,部門
株式会社やさしい手,会計系販売系サブシステム,00002,会計系販売系組織体系,2025/11/1,5 ,課,352007,【不】ふじみ野支援,4 ,20966020,2018/4/1,9999/12/31,【使用不可】ふじみ野居宅介護支援部門,【不】ふじみ野支援,ﾌｼﾞﾐﾉｼｴﾝｶ,,,,直接部門,,,,,,,,既存,,,,,,,,,001029005004001000000000000000,計上部門
株式会社やさしい手,会計系販売系サブシステム,00002,会計系販売系組織体系,2025/11/1,4 ,部,8550,【不】埼玉南居宅支援,3 ,352009,2018/4/1,9999/12/31,【使用不可】横曽根居宅介護支援拠点準備室,【不】横曽根支援準備,ﾖｺｿﾈｼｴﾝｶｼﾞｭﾝﾋﾞｼﾂ,,,,その他,,,,,,,,既存,,,,,,,,,001029005006000000000000000000,部門
株式会社やさしい手,会計系販売系サブシステム,00002,会計系販売系組織体系,2025/11/1,5 ,課,352009,【不】横曽根支援準備,4 ,20922020,2018/4/1,9999/12/31,【使用不可】横曽根居宅介護支援部門準備室,【不】横曽根支援準備,ﾖｺｿﾈｼｴﾝｶｼﾞｭﾝﾋﾞｼﾂ,,,,直接部門,,,,,,,,既存,,,,,,,,,001029005006001000000000000000,計上部門
株式会社やさしい手,会計系販売系サブシステム,00002,会計系販売系組織体系,2025/11/1,4 ,部,8550,【不】埼玉南居宅支援,3 ,855010,2018/4/1,9999/12/31,【使用不可】埼玉南居宅統括課,【不】埼玉南居宅統括,ｻｲﾀﾏﾐﾅﾐｷｮﾀｸﾄｳｶﾂｶ,,,,その他,,,,,,,,既存,,,,,,,,,001029005008000000000000000000,部門
株式会社やさしい手,会計系販売系サブシステム,00002,会計系販売系組織体系,2025/11/1,5 ,課,855010,【不】埼玉南居宅統括,4 ,85501010,2018/4/1,9999/12/31,【使用不可】埼玉南居宅統括課,【不】埼玉南居宅統括,ｻｲﾀﾏﾐﾅﾐｷｮﾀｸﾄｳｶﾂｶ,,,,間接部門,,,,,,,,既存,,,,,,,,,001029005008001000000000000000,計上部門
株式会社やさしい手,会計系販売系サブシステム,00002,会計系販売系組織体系,2025/11/1,4 ,部,8550,【不】埼玉南居宅支援,3 ,352060,2020/5/1,9999/12/31,【使用不可】南古谷居宅介護支援拠点,【不】南古谷支援,ﾐﾅﾐﾌﾙﾔｷｮﾀｸｶｲｺﾞｼｴﾝ,,,,その他,,,,,,,,既存,,,,,,,,,001029005010000000000000000000,部門
株式会社やさしい手,会計系販売系サブシステム,00002,会計系販売系組織体系,2025/11/1,5 ,課,352060,【不】南古谷支援,4 ,35206010,2020/5/1,9999/12/31,【使用不可】南古谷居宅介護支援部門,【不】南古谷支援,ﾐﾅﾐﾌﾙﾔｷｮﾀｸｶｲｺﾞｼｴﾝ,,,,直接部門,,,,,,,,既存,,,,,,,,,001029005010001000000000000000,計上部門
株式会社やさしい手,会計系販売系サブシステム,00002,会計系販売系組織体系,2025/11/1,3 ,本　部,85,【不】埼玉南支部,2 ,8560,2018/4/1,9999/12/31,【使用不可】埼玉南支部通所介護事業部,【不】埼玉南通所介護,ｻｲﾀﾏﾐﾅﾐﾂｳｼｮｶｲｺﾞｼﾞｷﾞｮｳﾌﾞ,,,,その他,,,,,,,,既存,,,,,,,,,001029006000000000000000000000,部門
株式会社やさしい手,会計系販売系サブシステム,00002,会計系販売系組織体系,2025/11/1,4 ,部,8560,【不】埼玉南通所介護,3 ,856010,2018/4/1,9999/12/31,【使用不可】埼玉南通所統括課,【不】埼玉南通所統括,ｻｲﾀﾏﾐﾅﾐﾂｳｼｮﾄｳｶﾂｶ,,,,その他,,,,,,,,既存,,,,,,,,,001029006002000000000000000000,部門
株式会社やさしい手,会計系販売系サブシステム,00002,会計系販売系組織体系,2025/11/1,5 ,課,856010,【不】埼玉南通所統括,4 ,85601010,2018/4/1,9999/12/31,【使用不可】埼玉南通所統括課,【不】埼玉南通所統括,ｻｲﾀﾏﾐﾅﾐﾂｳｼｮﾄｳｶﾂｶ,,,,間接部門,,,,,,,,既存,,,,,,,,,001029006002001000000000000000,計上部門
株式会社やさしい手,会計系販売系サブシステム,00002,会計系販売系組織体系,2025/11/1,3 ,本　部,85,【不】埼玉南支部,2 ,8570,2018/4/1,9999/12/31,【使用不可】埼玉南支部看護事業部,【不】埼玉南看護事業,ｻｲﾀﾏﾐﾅﾐｶﾝｺﾞｼﾞｷﾞｮｳﾌﾞ,,,,その他,,,,,,,,既存,,,,,,,,,001029007000000000000000000000,部門
株式会社やさしい手,会計系販売系サブシステム,00002,会計系販売系組織体系,2025/11/1,4 ,部,8570,【不】埼玉南看護事業,3 ,209150,2018/4/1,9999/12/31,【使用不可】川口入浴課,【不】川口入浴課,ｶﾜｸﾞﾁﾆｭｳﾖｸｶ,,,,その他,,,,,,,,既存,,,,,,,,,001029007002000000000000000000,部門
株式会社やさしい手,会計系販売系サブシステム,00002,会計系販売系組織体系,2025/11/1,5 ,課,209150,【不】川口入浴課,4 ,20252050,2018/4/1,9999/12/31,【使用不可】川口入浴事業所,【不】川口入浴事業所,ｶﾜｸﾞﾁﾆｭｳﾖｸｼﾞｷﾞｮｳｼｮ,,,,直接部門,,,,,,,,既存,,,,,,,,,001029007002001000000000000000,計上部門
株式会社やさしい手,会計系販売系サブシステム,00002,会計系販売系組織体系,2025/11/1,4 ,部,8570,【不】埼玉南看護事業,3 ,857010,2018/4/1,9999/12/31,【使用不可】埼玉南看護統括課,【不】埼玉南看護統括,ｻｲﾀﾏﾐﾅﾐｶﾝｺﾞﾄｳｶﾂｶ,,,,その他,,,,,,,,既存,,,,,,,,,001029007003000000000000000000,部門
株式会社やさしい手,会計系販売系サブシステム,00002,会計系販売系組織体系,2025/11/1,5 ,課,857010,【不】埼玉南看護統括,4 ,85701010,2018/4/1,9999/12/31,【使用不可】埼玉南看護統括課,【不】埼玉南看護統括,ｻｲﾀﾏﾐﾅﾐｶﾝｺﾞﾄｳｶﾂｶ,,,,間接部門,,,,,,,,既存,,,,,,,,,001029007003001000000000000000,計上部門
株式会社やさしい手,会計系販売系サブシステム,00002,会計系販売系組織体系,2025/11/1,4 ,部,8570,【不】埼玉南看護事業,3 ,857030,2021/11/1,9999/12/31,【使用不可】南古谷訪問看護拠点かえりえ,【不】南古谷訪問看護,ﾐﾅﾐﾌﾙﾔﾎｳﾓﾝｶﾝｺﾞｷｮﾃﾝｶｴﾘｴ,,,,その他,,,,,,,,既存,,,,,,,,,001029007005000000000000000000,部門
株式会社やさしい手,会計系販売系サブシステム,00002,会計系販売系組織体系,2025/11/1,5 ,課,857030,【不】南古谷訪問看護,4 ,85703010,2021/11/1,9999/12/31,【使用不可】南古谷訪問看護,【不】南古谷訪問看護,ﾐﾅﾐﾌﾙﾔﾎｳﾓﾝｶﾝｺﾞ,,,,直接部門,,,,,,,,既存,,,,,,,,,001029007005001000000000000000,計上部門
株式会社やさしい手,会計系販売系サブシステム,00002,会計系販売系組織体系,2025/11/1,5 ,課,857030,【不】南古谷訪問看護,4 ,85703020,2021/11/1,9999/12/31,【使用不可】南古谷訪問看護医療保険,【不】南古谷訪看医療,ﾐﾅﾐﾌﾙﾔﾎｳｶﾝｲﾘｮｳ,,,,直接部門,,,,,,,,既存,,,,,,,,,001029007005002000000000000000,計上部門
株式会社やさしい手,会計系販売系サブシステム,00002,会計系販売系組織体系,2025/11/1,2 ,本社／支社,0000000000,全社,1 ,45,2018/10/1,9999/12/31,【使用不可】信越支部,【不】信越支部,ｼﾝｴﾂｼﾌﾞ,,,,その他,,,,,,,,既存,,,,,,,,,001030000000000000000000000000,部門
株式会社やさしい手,会計系販売系サブシステム,00002,会計系販売系組織体系,2025/11/1,3 ,本　部,45,【不】信越支部,2 ,4510,2018/10/1,9999/12/31,【使用不可】信越支部統括部,【不】信越支部統括部,ｼﾝｴﾂｼﾌﾞﾄｳｶﾂﾌﾞ,,,,その他,,,,,,,,既存,,,,,,,,,001030001000000000000000000000,部門
株式会社やさしい手,会計系販売系サブシステム,00002,会計系販売系組織体系,2025/11/1,4 ,部,4510,【不】信越支部統括部,3 ,451010,2018/10/1,9999/12/31,【使用不可】信越支部統括課,【不】信越支部統括課,ｼﾝｴﾂｼﾌﾞﾄｳｶﾂｶ,,,,その他,,,,,,,,既存,,,,,,,,,001030001001000000000000000000,部門
株式会社やさしい手,会計系販売系サブシステム,00002,会計系販売系組織体系,2025/11/1,5 ,課,451010,【不】信越支部統括課,4 ,45101010,2018/10/1,9999/12/31,【使用不可】信越支部統括課,【不】信越支部統括課,ｼﾝｴﾂｼﾌﾞﾄｳｶﾂｶ,,,,間接部門,,,,,,,,既存,,,,,,,,,001030001001001000000000000000,計上部門
株式会社やさしい手,会計系販売系サブシステム,00002,会計系販売系組織体系,2025/11/1,3 ,本　部,45,【不】信越支部,2 ,4540,2018/10/1,9999/12/31,【使用不可】信越支部居宅支援事業部,【不】信越居宅支援,ｼﾝｴﾂｷｮﾀｸｼｴﾝｼﾞｷﾞｮｳﾌﾞ,,,,その他,,,,,,,,既存,,,,,,,,,001030003000000000000000000000,部門
株式会社やさしい手,会計系販売系サブシステム,00002,会計系販売系組織体系,2025/11/1,4 ,部,4540,【不】信越居宅支援,3 ,454010,2018/10/1,9999/12/31,【使用不可】信越居宅統括課,【不】信越居宅統括課,ｼﾝｴﾂｷｮﾀｸﾄｳｶﾂｶ,,,,その他,,,,,,,,既存,,,,,,,,,001030003003000000000000000000,部門
株式会社やさしい手,会計系販売系サブシステム,00002,会計系販売系組織体系,2025/11/1,5 ,課,454010,【不】信越居宅統括課,4 ,45401010,2018/10/1,9999/12/31,【使用不可】信越居宅統括課,【不】信越居宅統括課,ｼﾝｴﾂｷｮﾀｸﾄｳｶﾂｶ,,,,間接部門,,,,,,,,既存,,,,,,,,,001030003003001000000000000000,計上部門
株式会社やさしい手,会計系販売系サブシステム,00002,会計系販売系組織体系,2025/11/1,4 ,部,4540,【不】信越居宅支援,3 ,454020,2020/5/1,9999/12/31,【使用不可】国府居宅介護支援拠点,【不】国府支援,ｺｸﾌｶｲｺﾞｼｴﾝｶ,,,,その他,,,,,,,,既存,,,,,,,,,001030003004000000000000000000,部門
株式会社やさしい手,会計系販売系サブシステム,00002,会計系販売系組織体系,2025/11/1,5 ,課,454020,【不】国府支援,4 ,45402010,2020/5/1,9999/12/31,【使用不可】国府居宅介護支援部門,【不】国府支援,ｺｸﾌｶｲｺﾞｼｴﾝｶ,,,,直接部門,,,,,,,,既存,,,,,,,,,001030003004001000000000000000,計上部門
株式会社やさしい手,会計系販売系サブシステム,00002,会計系販売系組織体系,2025/11/1,4 ,部,4540,【不】信越居宅支援,3 ,454030,2020/5/1,9999/12/31,【使用不可】上越妙高居宅介護支援拠点,【不】上越妙高支援,ｼﾞｮｳｴﾂﾐｮｳｺｳｶｲｺﾞｼｴﾝｶ,,,,その他,,,,,,,,既存,,,,,,,,,001030003005000000000000000000,部門
株式会社やさしい手,会計系販売系サブシステム,00002,会計系販売系組織体系,2025/11/1,5 ,課,454030,【不】上越妙高支援,4 ,45403010,2020/5/1,9999/12/31,【使用不可】上越妙高居宅介護支援部門,【不】上越妙高支援,ｼﾞｮｳｴﾂﾐｮｳｺｳｶｲｺﾞｼｴﾝｶ,,,,直接部門,,,,,,,,既存,,,,,,,,,001030003005001000000000000000,計上部門
株式会社やさしい手,会計系販売系サブシステム,00002,会計系販売系組織体系,2025/11/1,3 ,本　部,45,【不】信越支部,2 ,4550,2018/10/1,9999/12/31,【使用不可】信越支部看護事業部,【不】信越看護事業部,ｼﾝｴﾂｶﾝｺﾞｼﾞｷﾞｭｳﾌﾞ,,,,その他,,,,,,,,既存,,,,,,,,,001030004000000000000000000000,部門
株式会社やさしい手,会計系販売系サブシステム,00002,会計系販売系組織体系,2025/11/1,4 ,部,4550,【不】信越看護事業部,3 ,455010,2018/10/1,9999/12/31,【使用不可】信越看護統括課,【不】信越看護統括課,ｼﾝｴﾂｶﾝｺﾞﾄｳｶﾂｶ,,,,その他,,,,,,,,既存,,,,,,,,,001030004002000000000000000000,部門
株式会社やさしい手,会計系販売系サブシステム,00002,会計系販売系組織体系,2025/11/1,5 ,課,455010,【不】信越看護統括課,4 ,45501010,2018/10/1,9999/12/31,【使用不可】信越看護統括課,【不】信越看護統括課,ｼﾝｴﾂｶﾝｺﾞﾄｳｶﾂｶ,,,,間接部門,,,,,,,,既存,,,,,,,,,001030004002001000000000000000,計上部門
株式会社やさしい手,会計系販売系サブシステム,00002,会計系販売系組織体系,2025/11/1,3 ,本　部,45,【不】信越支部,2 ,4560,2018/10/1,9999/12/31,【使用不可】信越支部通所介護事業部,【不】信越通所介護,ｼﾝｴﾂﾂｳｼｮｶｲｺﾞｼﾞｷﾞｮｳﾌﾞ,,,,その他,,,,,,,,既存,,,,,,,,,001030005000000000000000000000,部門
株式会社やさしい手,会計系販売系サブシステム,00002,会計系販売系組織体系,2025/11/1,4 ,部,4560,【不】信越通所介護,3 ,456010,2018/10/1,9999/12/31,【使用不可】信越通所統括課,【不】信越通所統括課,ｼﾝｴﾂﾂｳｼｮﾄｳｶﾂｶ,,,,その他,,,,,,,,既存,,,,,,,,,001030005002000000000000000000,部門
株式会社やさしい手,会計系販売系サブシステム,00002,会計系販売系組織体系,2025/11/1,5 ,課,456010,【不】信越通所統括課,4 ,45601010,2018/10/1,9999/12/31,【使用不可】信越通所統括課,【不】信越通所統括課,ｼﾝｴﾂﾂｳｼｮﾄｳｶﾂｶ,,,,間接部門,,,,,,,,既存,,,,,,,,,001030005002001000000000000000,計上部門
株式会社やさしい手,会計系販売系サブシステム,00002,会計系販売系組織体系,2025/11/1,2 ,本社／支社,0000000000,全社,1 ,26,2019/3/1,9999/12/31,【使用不可】東葛支部,【不】東葛支部,ﾄｳｶﾂｼﾌﾞ,,,,その他,,,,,,,,既存,,,,,,,,,001031000000000000000000000000,部門
株式会社やさしい手,会計系販売系サブシステム,00002,会計系販売系組織体系,2025/11/1,3 ,本　部,26,【不】東葛支部,2 ,2610,2019/3/1,9999/12/31,【使用不可】東葛支部統括部,【不】東葛支部統括部,ﾄｳｶﾂｼﾌﾞﾄｳｶﾂﾌﾞ,,,,その他,,,,,,,,既存,,,,,,,,,001031001000000000000000000000,部門
株式会社やさしい手,会計系販売系サブシステム,00002,会計系販売系組織体系,2025/11/1,4 ,部,2610,【不】東葛支部統括部,3 ,261010,2019/3/1,9999/12/31,【使用不可】東葛支部統括課,【不】東葛支部統括課,ﾄｳｶﾂｼﾌﾞﾄｳｶﾂｶ,,,,その他,,,,,,,,既存,,,,,,,,,001031001001000000000000000000,部門
株式会社やさしい手,会計系販売系サブシステム,00002,会計系販売系組織体系,2025/11/1,5 ,課,261010,【不】東葛支部統括課,4 ,26101010,2019/3/1,9999/12/31,【使用不可】東葛支部統括課,【不】東葛支部統括課,ﾄｳｶﾂｼﾌﾞﾄｳｶﾂｶ,,,,間接部門,,,,,,,,既存,,,,,,,,,001031001001001000000000000000,計上部門
株式会社やさしい手,会計系販売系サブシステム,00002,会計系販売系組織体系,2025/11/1,2 ,本社／支社,0000000000,全社,1 ,31,2019/3/1,9999/12/31,【使用不可】港北支部,【不】港北支部,ｺｳﾎｸｼﾌﾞ,,,,その他,,,,,,,,既存,,,,,,,,,001032000000000000000000000000,部門
株式会社やさしい手,会計系販売系サブシステム,00002,会計系販売系組織体系,2025/11/1,3 ,本　部,31,【不】港北支部,2 ,3110,2019/3/1,9999/12/31,【使用不可】港北支部統括部,【不】港北支部統括部,ｺｳﾎｸｼﾌﾞﾄｳｶﾂﾌﾞ,,,,その他,,,,,,,,既存,,,,,,,,,001032001000000000000000000000,部門
株式会社やさしい手,会計系販売系サブシステム,00002,会計系販売系組織体系,2025/11/1,4 ,部,3110,【不】港北支部統括部,3 ,311010,2019/3/1,9999/12/31,【使用不可】港北支部統括課,【不】港北支部統括課,ｺｳﾎｸｼﾌﾞﾄｳｶﾂｶ,,,,その他,,,,,,,,既存,,,,,,,,,001032001001000000000000000000,部門
株式会社やさしい手,会計系販売系サブシステム,00002,会計系販売系組織体系,2025/11/1,5 ,課,311010,【不】港北支部統括課,4 ,31101010,2019/3/1,9999/12/31,【使用不可】港北支部統括課,【不】港北支部統括課,ｺｳﾎｸｼﾌﾞﾄｳｶﾂｶ,,,,間接部門,,,,,,,,既存,,,,,,,,,001032001001001000000000000000,計上部門
株式会社やさしい手,会計系販売系サブシステム,00002,会計系販売系組織体系,2025/11/1,3 ,本　部,31,【不】港北支部,2 ,3140,2019/3/1,9999/12/31,【使用不可】港北支部訪問定巡事業部,【不】港北訪問定巡,ｺｳﾎｸｼﾌﾞﾎｳﾓﾝﾃｲｼﾞｭﾝｼﾞｷﾞｮｳﾌﾞ,,,,その他,,,,,,,,既存,,,,,,,,,001032004000000000000000000000,部門
株式会社やさしい手,会計系販売系サブシステム,00002,会計系販売系組織体系,2025/11/1,4 ,部,3140,【不】港北訪問定巡,3 ,312010,2023/7/1,9999/12/31,【使用不可】新横浜訪問定巡拠点,【不】新横浜訪問定巡,ｼﾝﾖｺﾊﾏﾃｲｼﾞｭﾝｼﾞｷﾞｮｳｼｮ,,,,その他,,,,,,,,既存,,,,,,,,,001032004002000000000000000000,部門
株式会社やさしい手,会計系販売系サブシステム,00002,会計系販売系組織体系,2025/11/1,5 ,課,312010,【不】新横浜訪問定巡,4 ,20356060,2023/7/1,9999/12/31,【使用不可】新横浜定期巡回部門,【不】新横浜定期巡回,ｼﾝﾖｺﾊﾏﾃｲｷｼﾞｭﾝｶｲﾌﾞﾓﾝ,,,,直接部門,,,,,,,,既存,,,,,,,,,001032004002001000000000000000,計上部門
株式会社やさしい手,会計系販売系サブシステム,00002,会計系販売系組織体系,2025/11/1,3 ,本　部,31,【不】港北支部,2 ,3170,2024/4/1,9999/12/31,【使用不可】港北支部看護事業部,【不】港北支部看護,ｺｳﾎｸｼﾌﾞｶﾝｺﾞｼﾞｷﾞｭｳﾌﾞ,,,,その他,,,,,,,,既存,,,,,,,,,001032007000000000000000000000,計上部門
株式会社やさしい手,会計系販売系サブシステム,00002,会計系販売系組織体系,2025/11/1,2 ,本社／支社,0000000000,全社,1 ,61,2019/9/1,9999/12/31,【使用不可】神戸支部,【不】神戸支部,ｺｳﾍﾞｼﾌﾞ,,,,その他,,,,,,,,既存,,,,,,,,,001033000000000000000000000000,部門
株式会社やさしい手,会計系販売系サブシステム,00002,会計系販売系組織体系,2025/11/1,3 ,本　部,61,【不】神戸支部,2 ,6110,2019/9/1,9999/12/31,【使用不可】神戸支部統括部,【不】神戸支部統括部,ｺｳﾍﾞｼﾌﾞﾄｳｶﾂﾌﾞ,,,,その他,,,,,,,,既存,,,,,,,,,001033001000000000000000000000,部門
株式会社やさしい手,会計系販売系サブシステム,00002,会計系販売系組織体系,2025/11/1,4 ,部,6110,【不】神戸支部統括部,3 ,611010,2019/9/1,9999/12/31,【使用不可】神戸支部統括課,【不】神戸支部統括課,ｺｳﾍﾞｼﾌﾞﾄｳｶﾂｶ,,,,その他,,,,,,,,既存,,,,,,,,,001033001001000000000000000000,部門
株式会社やさしい手,会計系販売系サブシステム,00002,会計系販売系組織体系,2025/11/1,5 ,課,611010,【不】神戸支部統括課,4 ,61101010,2019/9/1,9999/12/31,【使用不可】神戸支部統括課,【不】神戸支部統括課,ｺｳﾍﾞｼﾌﾞﾄｳｶﾂｶ,,,,間接部門,,,,,,,,既存,,,,,,,,,001033001001001000000000000000,計上部門
株式会社やさしい手,会計系販売系サブシステム,00002,会計系販売系組織体系,2025/11/1,3 ,本　部,61,【不】神戸支部,2 ,6160,2019/9/1,9999/12/31,【使用不可】神戸看護事業部,【不】神戸看護事業部,ｺｳﾍﾞｶﾝｺﾞｼﾞｷﾞｮｳﾌﾞ,,,,その他,,,,,,,,既存,,,,,,,,,001033006000000000000000000000,部門
株式会社やさしい手,会計系販売系サブシステム,00002,会計系販売系組織体系,2025/11/1,4 ,部,6160,【不】神戸看護事業部,3 ,206090,2020/4/1,9999/12/31,【使用不可】伊川谷療養通所拠点かえりえ,【不】伊川谷療養通所,ｲｶﾜﾀﾞﾆﾘｮｳﾖｳﾂｳｼｮｷｮﾃﾝ,,,,その他,,,,,,,,既存,,,,,,,,,001033006004000000000000000000,部門
株式会社やさしい手,会計系販売系サブシステム,00002,会計系販売系組織体系,2025/11/1,5 ,課,206090,【不】伊川谷療養通所,4 ,20608070,2020/4/1,9999/12/31,【使用不可】伊川谷療養通所かえりえ,【不】伊川谷療養通所,ｲｶﾜﾀﾞﾆﾘｮｳﾖｳﾂｳｼｮ,,,,直接部門,,,,,,,,既存,,,,,,,,,001033006004001000000000000000,計上部門
株式会社やさしい手,会計系販売系サブシステム,00002,会計系販売系組織体系,2025/11/1,4 ,部,6160,【不】神戸看護事業部,3 ,616040,2022/5/1,9999/12/31,【使用不可】サテライト西明石訪問看護拠点,【不】ST西明石訪看拠,ｻﾃﾗｲﾄﾆｼｱｶｼﾎｳｶﾝｷｮﾃﾝ,,,,その他,,,,,,,,既存,,,,,,,,,001033006007000000000000000000,部門
株式会社やさしい手,会計系販売系サブシステム,00002,会計系販売系組織体系,2025/11/1,5 ,課,616040,【不】ST西明石訪看拠,4 ,61604010,2022/5/1,9999/12/31,【使用不可】サテライト西明石訪問看護医療,【不】ｻﾃ西明石訪看医,ｻﾃﾗｲﾄﾆｼｱｶｼﾎｳｶﾝｲﾘｮｳ,,,,直接部門,,,,,,,,既存,,,,,,,,,001033006007001000000000000000,計上部門
株式会社やさしい手,会計系販売系サブシステム,00002,会計系販売系組織体系,2025/11/1,5 ,課,616040,【不】ST西明石訪看拠,4 ,61604020,2022/5/1,9999/12/31,【使用不可】サテライト西明石訪問看護,【不】ｻﾃ西明石訪看,ｻﾃﾗｲﾄﾆｼｱｶｼﾎｳﾓﾝｶﾝｺﾞ,,,,直接部門,,,,,,,,既存,,,,,,,,,001033006007002000000000000000,計上部門
株式会社やさしい手,会計系販売系サブシステム,00002,会計系販売系組織体系,2025/11/1,2 ,本社／支社,0000000000,全社,1 ,90,2019/9/1,9999/12/31,【使用不可】通所統括支部,【不】通所統括支部,ﾂｳｼｮﾄｳｶﾂｼﾌﾞ,,,,その他,,,,,,,,既存,,,,,,,,,001034000000000000000000000000,部門
株式会社やさしい手,会計系販売系サブシステム,00002,会計系販売系組織体系,2025/11/1,3 ,本　部,90,【不】通所統括支部,2 ,9010,2019/9/1,9999/12/31,【使用不可】通所統括支部統括部,【不】通所統括支部,ﾂｳｼｮﾄｳｶﾂｼﾌﾞﾄｳｶﾂﾌﾞ,,,,その他,,,,,,,,既存,,,,,,,,,001034001000000000000000000000,部門
株式会社やさしい手,会計系販売系サブシステム,00002,会計系販売系組織体系,2025/11/1,4 ,部,9010,【不】通所統括支部,3 ,901010,2019/9/1,9999/12/31,【使用不可】通所統括支部統括課,【不】通所統括支部,ﾂｳｼｮﾄｳｶﾂｼﾌﾞﾄｳｶﾂｶ,,,,その他,,,,,,,,既存,,,,,,,,,001034001001000000000000000000,部門
株式会社やさしい手,会計系販売系サブシステム,00002,会計系販売系組織体系,2025/11/1,5 ,課,901010,【不】通所統括支部,4 ,90101011,2019/9/1,9999/12/31,【使用不可】通所統括支部統括課,【不】通所統括支部,ﾂｳｼｮﾄｳｶﾂｼﾌﾞﾄｳｶﾂｶ,,,,間接部門,,,,,,,,既存,,,,,,,,,001034001001001000000000000000,計上部門
株式会社やさしい手,会計系販売系サブシステム,00002,会計系販売系組織体系,2025/11/1,3 ,本　部,90,【不】通所統括支部,2 ,9020,2019/9/1,9999/12/31,【使用不可】通所統括通所介護事業部,【不】通所介護事業部,ﾂｳｼｮﾄｳｶﾂﾂｳｼｮｶｲｺﾞｼﾞｷﾞｮｳﾌﾞ,,,,その他,,,,,,,,既存,,,,,,,,,001034002000000000000000000000,部門
株式会社やさしい手,会計系販売系サブシステム,00002,会計系販売系組織体系,2025/11/1,4 ,部,9020,【不】通所介護事業部,3 ,902050,2023/5/1,9999/12/31,上越鶴巻ゆめふる,ﾃﾞｲ上越鶴巻,ﾃﾞｲｼﾞｮｳｴﾂﾂﾙﾏｷ,,,,その他,,,,,,,,既存,,,,,,,,,001034002026000000000000000000,部門
株式会社やさしい手,会計系販売系サブシステム,00002,会計系販売系組織体系,2025/11/1,5 ,課,902050,ﾃﾞｲ上越鶴巻,4 ,90205010,2023/5/1,9999/12/31,上越鶴巻ゆめふる,ﾃﾞｲ上越鶴巻,ﾃﾞｲｼﾞｮｳｴﾂﾂﾙﾏｷ,,,,直接部門,,,,,,,,既存,,,,,,,,,001034002026001000000000000000,計上部門
株式会社やさしい手,会計系販売系サブシステム,00002,会計系販売系組織体系,2025/11/1,2 ,本社／支社,0000000000,全社,1 ,63,2021/2/1,9999/12/31,【使用不可】中国支部,【不】中国支部,ﾁｭｳｺﾞｸｼﾌﾞ,,,,その他,,,,,,,,既存,,,,,,,,,001035000000000000000000000000,部門
株式会社やさしい手,会計系販売系サブシステム,00002,会計系販売系組織体系,2025/11/1,3 ,本　部,63,【不】中国支部,2 ,6310,2021/2/1,9999/12/31,【使用不可】中国支部統括部,【不】中国支部統括部,ﾁｭｳｺﾞｸｼﾌﾞﾄｳｶﾂﾌﾞ,,,,その他,,,,,,,,既存,,,,,,,,,001035001000000000000000000000,部門
株式会社やさしい手,会計系販売系サブシステム,00002,会計系販売系組織体系,2025/11/1,4 ,部,6310,【不】中国支部統括部,3 ,631010,2021/2/1,9999/12/31,【使用不可】中国支部統括課,【不】中国支部統括課,ﾁｭｳｺﾞｸｼﾌﾞﾄｳｶﾂｶ,,,,その他,,,,,,,,既存,,,,,,,,,001035001001000000000000000000,部門
株式会社やさしい手,会計系販売系サブシステム,00002,会計系販売系組織体系,2025/11/1,5 ,課,631010,【不】中国支部統括課,4 ,63101010,2021/2/1,9999/12/31,【使用不可】広島岡山支部統括課,【不】広島岡山統括,ﾋﾛｼﾏｵｶﾔﾏｼﾌﾞﾄｳｶﾂｶ,,,,間接部門,,,,,,,,既存,,,,,,,,,001035001001001000000000000000,計上部門
株式会社やさしい手,会計系販売系サブシステム,00002,会計系販売系組織体系,2025/11/1,3 ,本　部,63,【不】中国支部,2 ,6320,2021/2/1,9999/12/31,【使用不可】中国支部訪問介護事業部,【不】中国訪問介護,ﾁｭｳｺﾞｸｼﾌﾞﾎｳﾓﾝｶｲｺﾞｼﾞｷﾞｮｳﾌﾞ,,,,その他,,,,,,,,既存,,,,,,,,,001035002000000000000000000000,部門
株式会社やさしい手,会計系販売系サブシステム,00002,会計系販売系組織体系,2025/11/1,4 ,部,6320,【不】中国訪問介護,3 ,632010,2021/2/1,9999/12/31,【使用不可】五日市訪問介護拠点,【不】五日市訪問介護,ｲﾂｶｲﾁﾎｳﾓﾝｶｲｺﾞｷｮﾃﾝ,,,,その他,,,,,,,,既存,,,,,,,,,001035002001000000000000000000,部門
株式会社やさしい手,会計系販売系サブシステム,00002,会計系販売系組織体系,2025/11/1,5 ,課,632010,【不】五日市訪問介護,4 ,63201010,2021/2/1,9999/12/31,【使用不可】五日市訪問介護部門,【不】五日市訪問介護,ｲﾂｶｲﾁﾎｳﾓﾝｶｲｺﾞﾌﾞﾓﾝ,,,,直接部門,,,,,,,,既存,,,,,,,,,001035002001001000000000000000,計上部門
株式会社やさしい手,会計系販売系サブシステム,00002,会計系販売系組織体系,2025/11/1,2 ,本社／支社,0000000000,全社,1 ,62,2021/8/1,9999/12/31,【使用不可】姫路支部,【不】姫路支部,ﾋﾒｼﾞｼﾌﾞ,,,,その他,,,,,,,,既存,,,,,,,,,001036000000000000000000000000,部門
株式会社やさしい手,会計系販売系サブシステム,00002,会計系販売系組織体系,2025/11/1,3 ,本　部,62,【不】姫路支部,2 ,6210,2021/8/1,9999/12/31,【使用不可】姫路支部統括部,【不】姫路支部統括部,ﾋﾒｼﾞｼﾌﾞﾄｳｶﾂﾌﾞ,,,,その他,,,,,,,,既存,,,,,,,,,001036001000000000000000000000,部門
株式会社やさしい手,会計系販売系サブシステム,00002,会計系販売系組織体系,2025/11/1,4 ,部,6210,【不】姫路支部統括部,3 ,621010,2021/8/1,9999/12/31,【使用不可】姫路支部統括課,【不】姫路支部統括課,ﾋﾒｼﾞｼﾌﾞﾄｳｶﾂｶ,,,,その他,,,,,,,,既存,,,,,,,,,001036001001000000000000000000,部門
株式会社やさしい手,会計系販売系サブシステム,00002,会計系販売系組織体系,2025/11/1,5 ,課,621010,【不】姫路支部統括課,4 ,62101010,2021/8/1,9999/12/31,【使用不可】姫路支部統括課,【不】姫路支部統括課,ﾋﾒｼﾞｼﾌﾞﾄｳｶﾂｶ,,,,間接部門,,,,,,,,既存,,,,,,,,,001036001001001000000000000000,計上部門
株式会社やさしい手,会計系販売系サブシステム,00002,会計系販売系組織体系,2025/11/1,3 ,本　部,62,【不】姫路支部,2 ,6260,2021/8/1,9999/12/31,【使用不可】姫路看護事業部,【不】姫路看護事業部,ﾋﾒｼﾞｶﾝｺﾞｼﾞｷﾞｮｳﾌﾞ,,,,その他,,,,,,,,既存,,,,,,,,,001036004000000000000000000000,部門
株式会社やさしい手,会計系販売系サブシステム,00002,会計系販売系組織体系,2025/11/1,4 ,部,6260,【不】姫路看護事業部,3 ,626010,2021/11/1,9999/12/31,【使用不可】東姫路看多機拠点かえりえ,【不】東姫路看多機拠,ﾋｶﾞｼﾋﾒｼﾞｶﾝﾀｷｷｮﾃﾝ,,,,その他,,,,,,,,既存,,,,,,,,,001036004002000000000000000000,部門
株式会社やさしい手,会計系販売系サブシステム,00002,会計系販売系組織体系,2025/11/1,5 ,課,626010,【不】東姫路看多機拠,4 ,62601010,2021/11/1,9999/12/31,【使用不可】東姫路看多機かえりえ,【不】東姫路看多機,ﾋｶﾞｼﾋﾒｼﾞｶﾝﾀｷ,,,,直接部門,,,,,,,,既存,,,,,,,,,001036004002001000000000000000,計上部門
株式会社やさしい手,会計系販売系サブシステム,00002,会計系販売系組織体系,2025/11/1,5 ,課,626010,【不】東姫路看多機拠,4 ,62601020,2021/11/1,9999/12/31,【使用不可】東姫路訪問看護,【不】東姫路訪問看護,ﾋｶﾞｼﾋﾒｼﾞﾎｳﾓﾝｶﾝｺﾞ,,,,直接部門,,,,,,,,既存,,,,,,,,,001036004002002000000000000000,計上部門
株式会社やさしい手,会計系販売系サブシステム,00002,会計系販売系組織体系,2025/11/1,5 ,課,626010,【不】東姫路看多機拠,4 ,62601030,2021/11/1,9999/12/31,【使用不可】東姫路訪看医療,【不】東姫路訪看医療,ﾋｶﾞｼﾋﾒｼﾞﾎｳｶﾝｲﾘｮｳ,,,,直接部門,,,,,,,,既存,,,,,,,,,001036004002003000000000000000,計上部門
株式会社やさしい手,会計系販売系サブシステム,00002,会計系販売系組織体系,2025/11/1,2 ,本社／支社,0000000000,全社,1 ,64,2022/5/1,9999/12/31,【使用不可】大分支部,【不】大分支部,ｵｵｲﾀｼﾌﾞ,,,,その他,,,,,,,,既存,,,,,,,,,001037000000000000000000000000,部門
株式会社やさしい手,会計系販売系サブシステム,00002,会計系販売系組織体系,2025/11/1,3 ,本　部,64,【不】大分支部,2 ,6410,2022/5/1,9999/12/31,【使用不可】大分支部統括部,【不】大分支部統括部,ｵｵｲﾀｼﾌﾞﾄｳｶﾂﾌﾞ,,,,その他,,,,,,,,既存,,,,,,,,,001037001000000000000000000000,部門
株式会社やさしい手,会計系販売系サブシステム,00002,会計系販売系組織体系,2025/11/1,4 ,部,6410,【不】大分支部統括部,3 ,641010,2022/5/1,9999/12/31,【使用不可】大分支部統括課,【不】大分支部統括課,ｵｵｲﾀｼﾌﾞﾄｳｶﾂｶ,,,,その他,,,,,,,,既存,,,,,,,,,001037001001000000000000000000,部門
株式会社やさしい手,会計系販売系サブシステム,00002,会計系販売系組織体系,2025/11/1,5 ,課,641010,【不】大分支部統括課,4 ,64101010,2022/5/1,9999/12/31,【使用不可】大分支部統括課,【不】大分支部統括課,ｵｵｲﾀｼﾌﾞﾄｳｶﾂｶ,,,,間接部門,,,,,,,,既存,,,,,,,,,001037001001001000000000000000,計上部門
株式会社やさしい手,会計系販売系サブシステム,00002,会計系販売系組織体系,2025/11/1,2 ,本社／支社,0000000000,全社,1 ,12,2022/7/1,9999/12/31,経営企画本部,経営企画本部,ｹｲｴｲｷｶｸﾎﾝﾌﾞ,,,,その他,,,,,,,,既存,,,,,,,,,001038000000000000000000000000,部門
株式会社やさしい手,会計系販売系サブシステム,00002,会計系販売系組織体系,2025/11/1,3 ,本　部,12,経営企画本部,2 ,0150,2022/7/1,9999/12/31,経営企画部,経営企画部,ｹｲｴｲｷｶｸﾌﾞ,,,,その他,,,,,,,,既存,,,,,,,,,001038001000000000000000000000,部門
株式会社やさしい手,会計系販売系サブシステム,00002,会計系販売系組織体系,2025/11/1,4 ,部,0150,経営企画部,3 ,015010,2022/7/1,9999/12/31,経営企画室,経営企画室,ｹｲｴｲｷｶｸｼﾂ,,,,その他,,,,,,,,既存,,,,,,,,,001038001001000000000000000000,部門
株式会社やさしい手,会計系販売系サブシステム,00002,会計系販売系組織体系,2025/11/1,5 ,課,015010,経営企画室,4 ,01101040,2022/7/1,9999/12/31,経営企画室,経営企画室,ｹｲｴｲｷｶｸｼﾂ,,,,間接部門,,,,,,,,既存,,,,,,,,,001038001001001000000000000000,計上部門
株式会社やさしい手,会計系販売系サブシステム,00002,会計系販売系組織体系,2025/11/1,5 ,課,015010,経営企画室,4 ,01501050,2022/7/1,9999/12/31,【使用不可】名古屋支社,【不】名古屋支社,ﾅｺﾞﾔｼｼｬ,,,,間接部門,,,,,,,,既存,,,,,,,,,001038001001003000000000000000,計上部門
株式会社やさしい手,会計系販売系サブシステム,00002,会計系販売系組織体系,2025/11/1,5 ,課,015010,経営企画室,4 ,01501070,2022/7/1,9999/12/31,【使用不可】関西支社,【不】関西支社,ｶﾝｻｲｼｼｬ,,,,間接部門,,,,,,,,既存,,,,,,,,,001038001001004000000000000000,計上部門
株式会社やさしい手,会計系販売系サブシステム,00002,会計系販売系組織体系,2025/11/1,4 ,部,0150,経営企画部,3 ,075050,2022/7/1,9999/12/31,品質管理室,品質管理室,ﾋﾝｼﾂｶﾝﾘｼﾂ,,,,間接部門,,,,,,,,既存,,,,,,,,,001038001003000000000000000000,部門
株式会社やさしい手,会計系販売系サブシステム,00002,会計系販売系組織体系,2025/11/1,5 ,課,075050,品質管理室,4 ,07505010,2022/7/1,9999/12/31,品質管理室,品質管理室,ﾋﾝｼﾂｶﾝﾘｼﾂ,,,,間接部門,,,,,,,,既存,,,,,,,,,001038001003001000000000000000,計上部門
株式会社やさしい手,会計系販売系サブシステム,00002,会計系販売系組織体系,2025/11/1,4 ,部,0150,経営企画部,3 ,121010,2022/7/1,9999/12/31,連携支援室,連携支援室,ﾚﾝｹｲｼｴﾝｼﾂ,,,,その他,,,,,,,,既存,,,,,,,,,001038001004000000000000000000,部門
株式会社やさしい手,会計系販売系サブシステム,00002,会計系販売系組織体系,2025/11/1,5 ,課,121010,連携支援室,4 ,01101020,2022/7/1,9999/12/31,連携支援室,連携支援室,ﾚﾝｹｲｼｴﾝｼﾂ,,,,間接部門,,,,03-5433-5513,03-5433-5512/5527,,,既存,,,,,,,,,001038001004001000000000000000,計上部門
株式会社やさしい手,会計系販売系サブシステム,00002,会計系販売系組織体系,2025/11/1,4 ,部,0150,経営企画部,3 ,121050,2025/5/1,9999/12/31,AI Lab,AI Lab,ｴｰｱｲﾗﾎﾞ,,,,その他,,,,,,,,既存,,,,,,,,,001038001005000000000000000000,部門
株式会社やさしい手,会計系販売系サブシステム,00002,会計系販売系組織体系,2025/11/1,5 ,課,121050,AI Lab,4 ,12105010,2025/5/1,9999/12/31,AI Lab,AI Lab,ｴｰｱｲﾗﾎﾞ,,,,間接部門,,,,,,,,既存,,,,,,,,,001038001005001000000000000000,計上部門
株式会社やさしい手,会計系販売系サブシステム,00002,会計系販売系組織体系,2025/11/1,3 ,本　部,12,経営企画本部,2 ,1310,2023/7/1,9999/12/31,地域連携部,地域連携部,ﾁｲｷﾚﾝｹｲﾌﾞ,,,,その他,,,,,,,,既存,,,,,,,,,001038002000000000000000000000,部門
株式会社やさしい手,会計系販売系サブシステム,00002,会計系販売系組織体系,2025/11/1,4 ,部,1310,地域連携部,3 ,075010,2023/7/1,9999/12/31,地域連携室,地域連携室,ﾁｲｷﾚﾝｹｲｼﾂ,,,,間接部門,,,,,,,,既存,,,,,,,,,001038002001000000000000000000,部門
株式会社やさしい手,会計系販売系サブシステム,00002,会計系販売系組織体系,2025/11/1,5 ,課,075010,地域連携室,4 ,07101010,2023/7/1,9999/12/31,地域連携室統括チーム,地域連携統括T,ﾁｲｷﾚﾝｹｲｼﾂﾄｳｶﾂﾁｰﾑ,,,,間接部門,,,,,,,,既存,,,,,,,,,001038002001001000000000000000,計上部門
株式会社やさしい手,会計系販売系サブシステム,00002,会計系販売系組織体系,2025/11/1,5 ,課,075010,地域連携室,4 ,07101050,2023/7/1,9999/12/31,地域連携室東日本第1チーム,地域連携東1T,ﾁｲｷﾚﾝｹｲｼﾂﾋｶﾞｼﾆﾎﾝﾀﾞｲｲﾁﾁｰﾑ,,,,間接部門,,,,,,,,既存,,,,,,,,,001038002001002000000000000000,計上部門
株式会社やさしい手,会計系販売系サブシステム,00002,会計系販売系組織体系,2025/11/1,5 ,課,075010,地域連携室,4 ,07101060,2023/7/1,9999/12/31,地域連携室東日本第2チーム,地域連携東2T,ﾁｲｷﾚﾝｹｲｼﾂﾋｶﾞｼﾆﾎﾝﾀﾞｲﾆﾁｰﾑ,,,,間接部門,,,,,,,,既存,,,,,,,,,001038002001003000000000000000,計上部門
株式会社やさしい手,会計系販売系サブシステム,00002,会計系販売系組織体系,2025/11/1,5 ,課,075010,地域連携室,4 ,07101070,2023/7/1,9999/12/31,地域連携室西日本チーム,地域連携西T,ﾁｲｷﾚﾝｹｲｼﾂﾆｼﾆﾎﾝﾁｰﾑ,,,,間接部門,,,,,,,,既存,,,,,,,,,001038002001004000000000000000,計上部門
株式会社やさしい手,会計系販売系サブシステム,00002,会計系販売系組織体系,2025/11/1,4 ,部,1310,地域連携部,3 ,015020,2023/7/1,9999/12/31,YOC課,YOC課,ﾜｲｵｰｼｰｶ,,,,その他,,,,,,,,既存,,,,,,,,,001038002002000000000000000000,部門
株式会社やさしい手,会計系販売系サブシステム,00002,会計系販売系組織体系,2025/11/1,5 ,課,015020,YOC課,4 ,20051200,2023/7/1,9999/12/31,YOCカスタマーサポートグループ,YOCカスタマーサポ,ﾜｲｵｰｼｰｶｽﾀﾏｰｻﾎﾟｰﾄｸﾞﾙｰﾌﾟ,,,,間接部門,,,,,,,,既存,,,,,,,,,001038002002002000000000000000,計上部門
株式会社やさしい手,会計系販売系サブシステム,00002,会計系販売系組織体系,2025/11/1,4 ,部,1310,地域連携部,3 ,121020,2023/7/1,9999/12/31,リサーチ室,リサーチ室,ﾘｻｰﾁｼﾂ,,,,その他,,,,,,,,既存,,,,,,,,,001038002003000000000000000000,部門
株式会社やさしい手,会計系販売系サブシステム,00002,会計系販売系組織体系,2025/11/1,5 ,課,121020,リサーチ室,4 ,12102010,2023/7/1,9999/12/31,リサーチ室,リサーチ室,ﾘｻｰﾁｼﾂ,,,,間接部門,,,,,,,,既存,,,,,,,,,001038002003001000000000000000,計上部門
株式会社やさしい手,会計系販売系サブシステム,00002,会計系販売系組織体系,2025/11/1,4 ,部,1310,地域連携部,3 ,121030,2023/7/1,9999/12/31,ブランド戦略室,ブランド戦略室,ﾌﾞﾗﾝﾄﾞｾﾝﾘｬｸｼﾂ,,,,その他,,,,,,,,既存,,,,,,,,,001038002004000000000000000000,部門
株式会社やさしい手,会計系販売系サブシステム,00002,会計系販売系組織体系,2025/11/1,5 ,課,121030,ブランド戦略室,4 ,12103010,2023/7/1,9999/12/31,ブランド戦略室,ブランド戦略室,ﾌﾞﾗﾝﾄﾞｾﾝﾘｬｸｼﾂ,,,,間接部門,,,,,,,,既存,,,,,,,,,001038002004001000000000000000,計上部門
株式会社やさしい手,会計系販売系サブシステム,00002,会計系販売系組織体系,2025/11/1,4 ,部,1310,地域連携部,3 ,121040,2023/7/1,9999/12/31,販売戦略室,販売戦略室,ﾊﾝﾊﾞｲｾﾝﾘｬｸｼﾂ,,,,その他,,,,,,,,既存,,,,,,,,,001038002005000000000000000000,部門
株式会社やさしい手,会計系販売系サブシステム,00002,会計系販売系組織体系,2025/11/1,5 ,課,121040,販売戦略室,4 ,12104010,2023/7/1,9999/12/31,販売戦略室,販売戦略室,ﾊﾝﾊﾞｲｾﾝﾘｬｸｼﾂ,,,,間接部門,,,,,,,,既存,,,,,,,,,001038002005001000000000000000,計上部門
株式会社やさしい手,会計系販売系サブシステム,00002,会計系販売系組織体系,2025/11/1,4 ,部,1310,地域連携部,3 ,133010,2023/7/1,9999/12/31,ウェブ流入課,ウェブ流入課,ｳｪﾌﾞﾘｭｳﾆｭｳｶ,,,,その他,,,,,,,,既存,,,,,,,,,001038002007000000000000000000,部門
株式会社やさしい手,会計系販売系サブシステム,00002,会計系販売系組織体系,2025/11/1,5 ,課,133010,ウェブ流入課,4 ,05101010,2023/7/1,9999/12/31,ウェブ流入グループ,ウェブ流入グループ,ｳｪﾌﾞﾘｭｳﾆｭｳｸﾞﾙｰﾌﾟ,,,,間接部門,,,,,,,,既存,,,,,,,,,001038002007001000000000000000,計上部門
株式会社やさしい手,会計系販売系サブシステム,00002,会計系販売系組織体系,2025/11/1,4 ,部,1310,地域連携部,3 ,135010,2023/7/1,9999/12/31,RSC課,RSC課,ｱｰﾙｴｽｼｰｶ,,,,その他,,,,,,,,既存,,,,,,,,,001038002008000000000000000000,部門
株式会社やさしい手,会計系販売系サブシステム,00002,会計系販売系組織体系,2025/11/1,5 ,課,135010,RSC課,4 ,03101070,2023/7/1,9999/12/31,リモートサポートセンター,リモートサポートC,ﾘﾓｰﾄｻﾎﾟｰﾄｾﾝﾀｰ,,,,間接部門,,,,,,,,既存,,,,,,,,,001038002008001000000000000000,計上部門
株式会社やさしい手,会計系販売系サブシステム,00002,会計系販売系組織体系,2025/11/1,5 ,課,135010,RSC課,4 ,03101080,2023/7/1,9999/12/31,看護グループ,看護グループ,ｶﾝｺﾞｸﾞﾙｰﾌﾟ,,,,間接部門,,,,,,,,既存,,,,,,,,,001038002008002000000000000000,計上部門
株式会社やさしい手,会計系販売系サブシステム,00002,会計系販売系組織体系,2025/11/1,2 ,本社／支社,0000000000,全社,1 ,13,2022/7/1,9999/12/31,【使用不可】営業推進本部,【不】営業推進本部,ｴｲｷﾞｮｳｽｲｼﾝﾎﾝﾌﾞ,,,,その他,,,,,,,,既存,,,,,,,,,001039000000000000000000000000,部門
株式会社やさしい手,会計系販売系サブシステム,00002,会計系販売系組織体系,2025/11/1,3 ,本　部,13,【不】営業推進本部,2 ,1340,2022/7/1,9999/12/31,【使用不可】営業推進部,【不】営業推進部,ｴｲｷﾞｮｳｽｲｼﾝﾌﾞ,,,,その他,,,,,,,,既存,,,,,,,,,001039004000000000000000000000,部門
株式会社やさしい手,会計系販売系サブシステム,00002,会計系販売系組織体系,2025/11/1,4 ,部,1340,【不】営業推進部,3 ,134010,2022/7/1,9999/12/31,【使用不可】営業推進グループ,【不】営業推進ｸﾞﾙｰﾌﾟ,ｴｲｷﾞｮｳｽｲｼﾝｸﾞﾙｰﾌﾟ,,,,その他,,,,,,,,既存,,,,,,,,,001039004001000000000000000000,部門
株式会社やさしい手,会計系販売系サブシステム,00002,会計系販売系組織体系,2025/11/1,5 ,課,134010,【不】営業推進ｸﾞﾙｰﾌﾟ,4 ,03101090,2022/7/1,9999/12/31,【使用不可】営業推進グループ,【不】営業推進ｸﾞﾙｰﾌﾟ,ｴｲｷﾞｮｳｽｲｼﾝｸﾞﾙｰﾌﾟ,,,,間接部門,,,,,,,,既存,,,,,,,,,001039004001001000000000000000,計上部門
株式会社やさしい手,会計系販売系サブシステム,00002,会計系販売系組織体系,2025/11/1,2 ,本社／支社,0000000000,全社,1 ,14,2022/7/1,9999/12/31,人事本部,人事本部,ｼﾞﾝｼﾞﾎﾝﾌﾞ,,,,その他,,,,,,,,既存,,,,,,,,,001040000000000000000000000000,部門
株式会社やさしい手,会計系販売系サブシステム,00002,会計系販売系組織体系,2025/11/1,3 ,本　部,14,人事本部,2 ,0410,2022/7/1,9999/12/31,人事部,人事部,ｼﾞﾝｼﾞﾌﾞ,,,,その他,,,,03-5433-5519,03-5433-5527,,,既存,,,,,,,,,001040001000000000000000000000,部門
株式会社やさしい手,会計系販売系サブシステム,00002,会計系販売系組織体系,2025/11/1,4 ,部,0410,人事部,3 ,041020,2022/7/1,9999/12/31,人事部付き,人事部付き,ｼﾞﾝｼﾞﾌﾞﾂｷｸ,,,,その他,,,,,,,,既存,,,,,,,,,001040001003000000000000000000,部門
株式会社やさしい手,会計系販売系サブシステム,00002,会計系販売系組織体系,2025/11/1,5 ,課,041020,人事部付き,4 ,03101005,2022/7/1,9999/12/31,人事部付きグループ,人事部付きｸﾞﾙｰﾌﾟ,ｼﾞﾝｼﾞﾌﾞﾂﾞｷｸﾞﾙｰﾌﾟ,,,,間接部門,,,,03-5433-5519,03-5433-5527,,,既存,,,,,,,,,001040001003001000000000000000,計上部門
株式会社やさしい手,会計系販売系サブシステム,00002,会計系販売系組織体系,2025/11/1,5 ,課,041020,人事部付き,4 ,03101040,2025/5/1,9999/12/31,新卒採用グループ,新卒採用ｸﾞﾙｰﾌﾟ,ｼﾝｿﾂｻｲﾖｳｸﾞﾙｰﾌﾟ,,,,間接部門,,,,,,,,既存,,,,,,,,,001040001003002000000000000000,計上部門
株式会社やさしい手,会計系販売系サブシステム,00002,会計系販売系組織体系,2025/11/1,5 ,課,041020,人事部付き,4 ,20051210,2025/5/1,9999/12/31,海外人材グループ,海外人材ｸﾞﾙｰﾌﾟ,ｶｲｶﾞｲｼﾞﾝｻﾞｲｸﾞﾙｰﾌﾟ,,,,間接部門,,,,,,,,既存,,,,,,,,,001040001003003000000000000000,計上部門
株式会社やさしい手,会計系販売系サブシステム,00002,会計系販売系組織体系,2025/11/1,4 ,部,0410,人事部,3 ,041030,2022/7/1,9999/12/31,人事部,人事部,ｼﾞﾝｼﾞﾌﾞ,,,,その他,,,,,,,,既存,,,,,,,,,001040001004000000000000000000,部門
株式会社やさしい手,会計系販売系サブシステム,00002,会計系販売系組織体系,2025/11/1,5 ,課,041030,人事部,4 ,03101020,2022/7/1,9999/12/31,人事グループ,人事グループ,ｼﾞﾝｼﾞｸﾞﾙｰﾌﾟ,,,,間接部門,,,,03-5433-5519,03-5433-5527,,,既存,,,,,,,,,001040001004001000000000000000,計上部門
株式会社やさしい手,会計系販売系サブシステム,00002,会計系販売系組織体系,2025/11/1,5 ,課,041030,人事部,4 ,03101120,2022/7/1,9999/12/31,人材募集費部門,人材募集費部門,ｼﾞﾝｻﾞｲﾎﾞｼｭｳﾋﾌﾞﾓﾝ,,,,間接部門,,,,,,,,既存,,,,,,,,,001040001004002000000000000000,計上部門
株式会社やさしい手,会計系販売系サブシステム,00002,会計系販売系組織体系,2025/11/1,4 ,部,0410,人事部,3 ,041040,2022/7/1,9999/12/31,労務部,労務部,ﾛｳﾑﾌﾞ,,,,その他,,,,,,,,既存,,,,,,,,,001040001005000000000000000000,部門
株式会社やさしい手,会計系販売系サブシステム,00002,会計系販売系組織体系,2025/11/1,5 ,課,041040,労務部,4 ,03101025,2022/7/1,9999/12/31,労務グループ,労務グループ,ﾛｳﾑｸﾞﾙｰﾌﾟ,,,,間接部門,,,,03-5433-5525,03-5433-5527/5512,,,既存,,,,,,,,,001040001005001000000000000000,計上部門
株式会社やさしい手,会計系販売系サブシステム,00002,会計系販売系組織体系,2025/11/1,4 ,部,0410,人事部,3 ,041050,2022/7/1,9999/12/31,教育研修部,教育研修部,ｷｮｳｲｸｹﾝｼｭｳﾌﾞ,,,,その他,,,,,,,,既存,,,,,,,,,001040001006000000000000000000,部門
株式会社やさしい手,会計系販売系サブシステム,00002,会計系販売系組織体系,2025/11/1,5 ,課,041050,教育研修部,4 ,20051020,2022/7/1,9999/12/31,吉祥寺スタジオ,吉祥寺スタジオ,ｷﾁｼﾞｮｳｼﾞｽﾀｼﾞｵ,,,,直接部門,,,,03-5433-5519,03-5433-5527,,,既存,,,,,,,,,001040001006001000000000000000,計上部門
株式会社やさしい手,会計系販売系サブシステム,00002,会計系販売系組織体系,2025/11/1,5 ,課,041050,教育研修部,4 ,20051030,2022/7/1,9999/12/31,教育研修ｸﾞﾙｰﾌﾟ,教育研修課ｸﾞﾙｰﾌﾟ,ｷｮｳｲｸｹﾝｼｭｳｸﾞﾙｰﾌﾟ,,,,その他,,,,03-5433-5519,03-5433-5527,,,既存,,,,,,,,,001040001006002000000000000000,計上部門
株式会社やさしい手,会計系販売系サブシステム,00002,会計系販売系組織体系,2025/11/1,5 ,課,041050,教育研修部,4 ,20051040,2022/7/1,9999/12/31,池尻大橋スタジオ,池尻大橋スタジオ,ｲｹｼﾞﾘｵｵﾊｼｽﾀｼﾞｵ,,,,直接部門,,,,03-5433-5519,03-5433-5527,,,既存,,,,,,,,,001040001006003000000000000000,計上部門
株式会社やさしい手,会計系販売系サブシステム,00002,会計系販売系組織体系,2025/11/1,5 ,課,041050,教育研修部,4 ,20051050,2022/7/1,9999/12/31,大宮スタジオ,大宮スタジオ,ｵｵﾐﾔｽﾀｼﾞｵ,,,,直接部門,,,,03-5433-5519,03-5433-5527,,,既存,,,,,,,,,001040001006004000000000000000,計上部門
株式会社やさしい手,会計系販売系サブシステム,00002,会計系販売系組織体系,2025/11/1,5 ,課,041050,教育研修部,4 ,20051070,2022/7/1,9999/12/31,名古屋スタジオ,名古屋スタジオ,ﾅｺﾞﾔｽﾀｼﾞｵ,,,,直接部門,,,,03-5433-5519,03-5433-5527,,,既存,,,,,,,,,001040001006005000000000000000,計上部門
株式会社やさしい手,会計系販売系サブシステム,00002,会計系販売系組織体系,2025/11/1,5 ,課,041050,教育研修部,4 ,20051080,2022/7/1,9999/12/31,東大阪スタジオ,東大阪スタジオ,ﾋｶﾞｼｵｵｻｶｽﾀｼﾞｵ,,,,直接部門,,,,03-5433-5519,03-5433-5527,,,既存,,,,,,,,,001040001006006000000000000000,計上部門
株式会社やさしい手,会計系販売系サブシステム,00002,会計系販売系組織体系,2025/11/1,5 ,課,041050,教育研修部,4 ,20051090,2022/7/1,9999/12/31,西明石スタジオ,西明石スタジオ,ﾆｼｱｶｼｽﾀｼﾞｵ,,,,直接部門,,,,03-5433-5519,03-5433-5527,,,既存,,,,,,,,,001040001006007000000000000000,計上部門
株式会社やさしい手,会計系販売系サブシステム,00002,会計系販売系組織体系,2025/11/1,5 ,課,041050,教育研修部,4 ,20051100,2022/7/1,9999/12/31,千葉スタジオ,千葉スタジオ,ﾁﾊﾞｽﾀｼﾞｵ,,,,直接部門,,,,03-5433-5519,03-5433-5527,,,既存,,,,,,,,,001040001006008000000000000000,計上部門
株式会社やさしい手,会計系販売系サブシステム,00002,会計系販売系組織体系,2025/11/1,5 ,課,041050,教育研修部,4 ,20051110,2022/7/1,9999/12/31,日吉スタジオ,日吉スタジオ,ﾋﾖｼｽﾀｼﾞｵ,,,,直接部門,,,,03-5433-5519,03-5433-5527,,,既存,,,,,,,,,001040001006009000000000000000,計上部門
株式会社やさしい手,会計系販売系サブシステム,00002,会計系販売系組織体系,2025/11/1,5 ,課,041050,教育研修部,4 ,20051120,2022/7/1,9999/12/31,関東①スタジオ,関東①スタジオ,ｶﾝﾄｳｲﾁｽﾀｼﾞｵ,,,,間接部門,,,,03-5433-5519,03-5433-5527,,,既存,,,,,,,,,001040001006010000000000000000,計上部門
株式会社やさしい手,会計系販売系サブシステム,00002,会計系販売系組織体系,2025/11/1,5 ,課,041050,教育研修部,4 ,20051130,2022/7/1,9999/12/31,関東②スタジオ,関東②スタジオ,ｶﾝﾄｳﾆｽﾀｼﾞｵ,,,,間接部門,,,,03-5433-5519,03-5433-5527,,,既存,,,,,,,,,001040001006011000000000000000,計上部門
株式会社やさしい手,会計系販売系サブシステム,00002,会計系販売系組織体系,2025/11/1,5 ,課,041050,教育研修部,4 ,20051140,2022/7/1,9999/12/31,関東③スタジオ,関東③スタジオ,ｶﾝﾄｳｻﾝｽﾀｼﾞｵ,,,,間接部門,,,,03-5433-5519,03-5433-5527,,,既存,,,,,,,,,001040001006012000000000000000,計上部門
株式会社やさしい手,会計系販売系サブシステム,00002,会計系販売系組織体系,2025/11/1,5 ,課,041050,教育研修部,4 ,20051150,2022/7/1,9999/12/31,上越①スタジオ,上越①スタジオ,ｼﾞｮｳｴﾂｲﾁｽﾀｼﾞｵ,,,,間接部門,,,,03-5433-5519,03-5433-5527,,,既存,,,,,,,,,001040001006013000000000000000,計上部門
株式会社やさしい手,会計系販売系サブシステム,00002,会計系販売系組織体系,2025/11/1,5 ,課,041050,教育研修部,4 ,20051160,2022/7/1,9999/12/31,江坂スタジオ,江坂スタジオ,ｴｻｶｽﾀｼﾞｵ,,,,直接部門,,,,03-5433-5519,03-5433-5527,,,既存,,,,,,,,,001040001006014000000000000000,計上部門
株式会社やさしい手,会計系販売系サブシステム,00002,会計系販売系組織体系,2025/11/1,5 ,課,041050,教育研修部,4 ,04105010,2023/4/1,9999/12/31,小山スタジオ,小山スタジオ,ｵﾔﾏｽﾀｼﾞｵ,,,,直接部門,,,,,,,,既存,,,,,,,,,001040001006015000000000000000,計上部門
株式会社やさしい手,会計系販売系サブシステム,00002,会計系販売系組織体系,2025/11/1,4 ,部,0410,人事部,3 ,041060,2022/9/1,9999/12/31,労務サービス部,労務サービス部,ﾛｳﾑｻｰﾋﾞｽﾌﾞ,,,,その他,,,,,,,,既存,,,,,,,,,001040001007000000000000000000,部門
株式会社やさしい手,会計系販売系サブシステム,00002,会計系販売系組織体系,2025/11/1,5 ,課,041060,労務サービス部,4 ,20051190,2022/9/1,9999/12/31,労務サービスグループ,労務ｻｰﾋﾞｽｸﾞﾙｰﾌﾟ,ﾛｳﾑｻｰﾋﾞｽｸﾞﾙｰﾌﾟ,,,,間接部門,,,,,,,,既存,,,,,,,,,001040001007001000000000000000,計上部門
株式会社やさしい手,会計系販売系サブシステム,00002,会計系販売系組織体系,2025/11/1,4 ,部,0410,人事部,3 ,042010,2022/9/1,9999/12/31,人材育成機構,人材育成機構,ｼﾞﾝｻﾞｲｲｸｾｲｷｺｳ,,,,その他,,,,,,,,既存,,,,,,,,,001040001008000000000000000000,部門
株式会社やさしい手,会計系販売系サブシステム,00002,会計系販売系組織体系,2025/11/1,5 ,課,042010,人材育成機構,4 ,04201010,2022/9/1,9999/12/31,人材育成機構グループ,人材育成機構ｸﾞﾙｰﾌﾟ,ｼﾞﾝｻﾞｲｲｸｾｲｷｺｳｸﾞﾙｰﾌﾟ,,,,間接部門,,,,,,,,既存,,,,,,,,,001040001008001000000000000000,計上部門
株式会社やさしい手,会計系販売系サブシステム,00002,会計系販売系組織体系,2025/11/1,2 ,本社／支社,0000000000,全社,1 ,16,2022/7/1,9999/12/31,ｺﾝｼｭｰﾏｰ事業ｻｰﾋﾞｽﾗｲﾝ,ｺﾝｼｭｰﾏｰ事業ｻｰﾋﾞｽﾗｲﾝ,ｺﾝｼｭｰﾏｼﾞｷﾞｮｳｻｰﾋﾞｽﾗｲﾝ,,,,その他,,,,,,,,既存,,,,,,,,,001041000000000000000000000000,部門
株式会社やさしい手,会計系販売系サブシステム,00002,会計系販売系組織体系,2025/11/1,3 ,本　部,16,ｺﾝｼｭｰﾏｰ事業ｻｰﾋﾞｽﾗｲﾝ,2 ,0320,2022/7/1,9999/12/31,BM事業部,BM事業部,ﾋﾞｰｴﾑｼﾞｷﾞｮｳﾌﾞ,,,,その他,,,,,,,,既存,,,,,,,,,001041001000000000000000000000,部門
株式会社やさしい手,会計系販売系サブシステム,00002,会計系販売系組織体系,2025/11/1,4 ,部,0320,BM事業部,3 ,031020,2022/7/1,9999/12/31,BMグループ,BMグループ,ﾋﾞｰｴﾑｸﾞﾙｰﾌﾟ,,,,その他,,,,,,,,既存,,,,,,,,,001041001001000000000000000000,部門
株式会社やさしい手,会計系販売系サブシステム,00002,会計系販売系組織体系,2025/11/1,5 ,課,031020,BMグループ,4 ,03102010,2022/7/1,9999/12/31,八幡賃貸部門,八幡賃貸部門,ﾔﾊﾀﾁﾝﾀｲﾌﾞﾓﾝ,,,,直接部門,,,,,,,,既存,,,,,,,,,001041001001001000000000000000,計上部門
株式会社やさしい手,会計系販売系サブシステム,00002,会計系販売系組織体系,2025/11/1,5 ,課,031020,BMグループ,4 ,03102020,2022/7/1,9999/12/31,太子堂賃貸部門,太子堂賃貸部門,ﾀｲｼﾄﾞｳﾁﾝﾀｲﾌﾞﾓﾝ,,,,直接部門,,,,,,,,既存,,,,,,,,,001041001001002000000000000000,計上部門
株式会社やさしい手,会計系販売系サブシステム,00002,会計系販売系組織体系,2025/11/1,5 ,課,031020,BMグループ,4 ,03102030,2022/7/1,9999/12/31,国府賃貸部門,国府賃貸部門,ｺｸﾌﾁﾝﾀｲﾌﾞﾓﾝ,,,,直接部門,,,,,,,,既存,,,,,,,,,001041001001003000000000000000,計上部門
株式会社やさしい手,会計系販売系サブシステム,00002,会計系販売系組織体系,2025/11/1,5 ,課,031020,BMグループ,4 ,03102040,2022/7/1,9999/12/31,南古谷賃貸部門,南古谷賃貸部門,ﾐﾅﾐﾌﾙﾔﾁﾝﾀｲﾌﾞﾓﾝ,,,,直接部門,,,,,,,,既存,,,,,,,,,001041001001004000000000000000,計上部門
株式会社やさしい手,会計系販売系サブシステム,00002,会計系販売系組織体系,2025/11/1,5 ,課,031020,BMグループ,4 ,03102050,2022/7/1,9999/12/31,【使用不可】柏たなか賃貸部門,【不】柏たなか賃貸,ｶｼﾜﾀﾅｶﾁﾝﾀｲﾌﾞﾓﾝ,,,,直接部門,,,,,,,,既存,,,,,,,,,001041001001005000000000000000,計上部門
株式会社やさしい手,会計系販売系サブシステム,00002,会計系販売系組織体系,2025/11/1,5 ,課,031020,BMグループ,4 ,03102060,2022/7/1,9999/12/31,加須賃貸部門,加須賃貸部門,ｶｿﾞﾁﾝﾀｲﾌﾞﾓﾝ,,,,直接部門,,,,,,,,既存,,,,,,,,,001041001001006000000000000000,計上部門
株式会社やさしい手,会計系販売系サブシステム,00002,会計系販売系組織体系,2025/11/1,5 ,課,031020,BMグループ,4 ,03102070,2022/7/1,9999/12/31,明石大久保賃貸部門,明石大久保賃貸部門,ｱｶｼｵｵｸﾎﾞﾁﾝﾀｲﾌﾞﾓﾝ,,,,直接部門,,,,,,,,既存,,,,,,,,,001041001001007000000000000000,計上部門
株式会社やさしい手,会計系販売系サブシステム,00002,会計系販売系組織体系,2025/11/1,5 ,課,031020,BMグループ,4 ,03102080,2022/7/1,9999/12/31,辻井賃貸部門,辻井賃貸部門,ﾂｼﾞｲﾁﾝﾀｲﾌﾞﾓﾝ,,,,直接部門,,,,,,,,既存,,,,,,,,,001041001001008000000000000000,計上部門
株式会社やさしい手,会計系販売系サブシステム,00002,会計系販売系組織体系,2025/11/1,5 ,課,031020,BMグループ,4 ,03102090,2022/7/1,9999/12/31,東辻井賃貸部門,東辻井賃貸部門,ﾋｶﾞｼﾂｼﾞｲﾁﾝﾀｲﾌﾞﾓﾝ,,,,直接部門,,,,,,,,既存,,,,,,,,,001041001001009000000000000000,計上部門
株式会社やさしい手,会計系販売系サブシステム,00002,会計系販売系組織体系,2025/11/1,5 ,課,031020,BMグループ,4 ,03102100,2022/7/1,9999/12/31,東姫路賃貸部門,東姫路賃貸部門,ﾋｶﾞｼﾋﾒｼﾞﾁﾝﾀｲﾌﾞﾓﾝ,,,,直接部門,,,,,,,,既存,,,,,,,,,001041001001010000000000000000,計上部門
株式会社やさしい手,会計系販売系サブシステム,00002,会計系販売系組織体系,2025/11/1,5 ,課,031020,BMグループ,4 ,03102110,2022/7/1,9999/12/31,上郡賃貸部門,上郡賃貸部門,ｶﾐｺﾞｵﾘﾁﾝﾀｲﾌﾞﾓﾝ,,,,直接部門,,,,,,,,既存,,,,,,,,,001041001001011000000000000000,計上部門
株式会社やさしい手,会計系販売系サブシステム,00002,会計系販売系組織体系,2025/11/1,5 ,課,031020,BMグループ,4 ,03102120,2022/7/1,9999/12/31,書写賃貸部門,書写賃貸部門,ｼｮｼｬﾁﾝﾀｲﾌﾞﾓﾝ,,,,直接部門,,,,,,,,既存,,,,,,,,,001041001001012000000000000000,計上部門
株式会社やさしい手,会計系販売系サブシステム,00002,会計系販売系組織体系,2025/11/1,5 ,課,031020,BMグループ,4 ,03102130,2022/7/1,9999/12/31,飾磨恵美酒賃貸部門,飾磨恵美酒賃貸部門,ｼｶﾏｴﾋﾞｽﾁﾝﾀｲﾌﾞﾓﾝ,,,,直接部門,,,,,,,,既存,,,,,,,,,001041001001013000000000000000,計上部門
株式会社やさしい手,会計系販売系サブシステム,00002,会計系販売系組織体系,2025/11/1,5 ,課,031020,BMグループ,4 ,03102140,2022/7/1,9999/12/31,平之町賃貸部門,平之町賃貸部門,ﾋﾗﾉﾁｮｳﾁﾝﾀｲﾌﾞﾓﾝ,,,,直接部門,,,,,,,,既存,,,,,,,,,001041001001014000000000000000,計上部門
株式会社やさしい手,会計系販売系サブシステム,00002,会計系販売系組織体系,2025/11/1,5 ,課,031020,BMグループ,4 ,03102150,2022/7/1,9999/12/31,西明石賃貸部門,西明石賃貸部門,ﾆｼｱｶｼﾁﾝﾀｲﾌﾞﾓﾝ,,,,直接部門,,,,,,,,既存,,,,,,,,,001041001001015000000000000000,計上部門
株式会社やさしい手,会計系販売系サブシステム,00002,会計系販売系組織体系,2025/11/1,5 ,課,031020,BMグループ,4 ,03102160,2022/7/1,9999/12/31,三鷹中原賃貸部門,三鷹中原賃貸部門,ﾐﾀｶﾅｶﾊﾗﾁﾝﾀｲﾌﾞﾓﾝ,,,,直接部門,,,,,,,,既存,,,,,,,,,001041001001016000000000000000,計上部門
株式会社やさしい手,会計系販売系サブシステム,00002,会計系販売系組織体系,2025/11/1,5 ,課,031020,BMグループ,4 ,03102170,2022/7/1,9999/12/31,結城賃貸部門,結城賃貸部門,ﾕｳｷﾁﾝﾀｲﾌﾞﾓﾝ,,,,直接部門,,,,,,,,既存,,,,,,,,,001041001001017000000000000000,計上部門
株式会社やさしい手,会計系販売系サブシステム,00002,会計系販売系組織体系,2025/11/1,5 ,課,031020,BMグループ,4 ,03102180,2022/7/1,9999/12/31,長野栗田賃貸部門,長野栗田賃貸部門,ﾅｶﾞﾉｸﾘﾀﾁﾝﾀｲﾌﾞﾓﾝ,,,,直接部門,,,,,,,,既存,,,,,,,,,001041001001018000000000000000,計上部門
株式会社やさしい手,会計系販売系サブシステム,00002,会計系販売系組織体系,2025/11/1,5 ,課,031020,BMグループ,4 ,03102190,2022/7/1,9999/12/31,持子賃貸部門,持子賃貸部門,ﾓﾁｺﾁﾝﾀｲﾌﾞﾓﾝ,,,,直接部門,,,,,,,,既存,,,,,,,,,001041001001019000000000000000,計上部門
株式会社やさしい手,会計系販売系サブシステム,00002,会計系販売系組織体系,2025/11/1,5 ,課,031020,BMグループ,4 ,03102200,2022/7/1,9999/12/31,上越賃貸部門,上越賃貸部門,ｼﾞｮｳｴﾂﾁﾝﾀｲﾌﾞﾓﾝ,,,,直接部門,,,,,,,,既存,,,,,,,,,001041001001020000000000000000,計上部門
株式会社やさしい手,会計系販売系サブシステム,00002,会計系販売系組織体系,2025/11/1,5 ,課,031020,BMグループ,4 ,03102210,2022/7/1,9999/12/31,東城賃貸部門,東城賃貸部門,ﾋｶﾞｼｼﾛﾁﾝﾀｲﾌﾞﾓﾝ,,,,直接部門,,,,,,,,既存,,,,,,,,,001041001001021000000000000000,計上部門
株式会社やさしい手,会計系販売系サブシステム,00002,会計系販売系組織体系,2025/11/1,5 ,課,031020,BMグループ,4 ,20963070,2022/7/1,9999/12/31,都賀賃貸部門,都賀賃貸部門,ﾂｶﾞﾁﾝﾀｲﾌﾞﾓﾝ,,,,直接部門,,,,,,,,既存,,,,,,,,,001041001001022000000000000000,計上部門
株式会社やさしい手,会計系販売系サブシステム,00002,会計系販売系組織体系,2025/11/1,5 ,課,031020,BMグループ,4 ,20967070,2022/7/1,9999/12/31,川口三ツ和賃貸部門,川口三ツ和賃貸部門,ｶﾜｸﾞﾁﾐﾂﾜﾁﾝﾀｲﾌﾞﾓﾝ,,,,直接部門,,,,,,,,既存,,,,,,,,,001041001001023000000000000000,計上部門
株式会社やさしい手,会計系販売系サブシステム,00002,会計系販売系組織体系,2025/11/1,5 ,課,031020,BMグループ,4 ,20969570,2022/7/1,9999/12/31,宮原賃貸部門,宮原賃貸部門,ﾐﾔﾊﾗﾁﾝﾀｲﾌﾞﾓﾝ,,,,直接部門,,,,,,,,既存,,,,,,,,,001041001001024000000000000000,計上部門
株式会社やさしい手,会計系販売系サブシステム,00002,会計系販売系組織体系,2025/11/1,5 ,課,031020,BMグループ,4 ,20969670,2022/7/1,9999/12/31,上小町賃貸部門,上小町賃貸部門,ｶﾐｺﾁｮｳﾁﾝﾀｲﾌﾞﾓﾝ,,,,直接部門,,,,,,,,既存,,,,,,,,,001041001001025000000000000000,計上部門
株式会社やさしい手,会計系販売系サブシステム,00002,会計系販売系組織体系,2025/11/1,5 ,課,031020,BMグループ,4 ,20977070,2022/7/1,9999/12/31,松戸八柱賃貸部門,松戸八柱賃貸部門,ﾏﾂﾄﾞﾔﾊﾞｼﾗﾁﾝﾀｲﾌﾞﾓﾝ,,,,直接部門,,,,,,,,既存,,,,,,,,,001041001001026000000000000000,計上部門
株式会社やさしい手,会計系販売系サブシステム,00002,会計系販売系組織体系,2025/11/1,5 ,課,031020,BMグループ,4 ,65301070,2022/7/1,9999/12/31,【使用不可】高見馬場賃貸部門,【不】高見馬場賃貸,ﾀｶﾐﾊﾞﾊﾞﾁﾝﾀｲﾌﾞﾓﾝ,,,,直接部門,,,,,,,,既存,,,,,,,,,001041001001027000000000000000,計上部門
株式会社やさしい手,会計系販売系サブシステム,00002,会計系販売系組織体系,2025/11/1,5 ,課,031020,BMグループ,4 ,65304070,2022/7/1,9999/12/31,宇宿賃貸部門,宇宿賃貸部門,ｳｽｷﾁﾝﾀｲﾌﾞﾓﾝ,,,,直接部門,,,,,,,,既存,,,,,,,,,001041001001028000000000000000,計上部門
株式会社やさしい手,会計系販売系サブシステム,00002,会計系販売系組織体系,2025/11/1,5 ,課,031020,BMグループ,4 ,03102220,2022/7/1,9999/12/31,姫路土山賃貸部門,姫路土山賃貸部門,ﾋﾒｼﾞﾂﾁﾔﾏﾁﾝﾀｲﾌﾞﾓﾝ,,,,直接部門,,,,,,,,既存,,,,,,,,,001041001001029000000000000000,計上部門
株式会社やさしい手,会計系販売系サブシステム,00002,会計系販売系組織体系,2025/11/1,5 ,課,031020,BMグループ,4 ,03102230,2022/7/1,9999/12/31,長野北条賃貸部門,長野北条賃貸部門,ﾅｶﾞﾉｷﾀｼﾞｮｳﾁﾝﾀｲﾌﾞﾓﾝ,,,,直接部門,,,,,,,,既存,,,,,,,,,001041001001030000000000000000,計上部門
株式会社やさしい手,会計系販売系サブシステム,00002,会計系販売系組織体系,2025/11/1,5 ,課,031020,BMグループ,4 ,03102000,2022/7/1,9999/12/31,BMグループ,BMグループ,ﾋﾞｰｴﾑｸﾞﾙｰﾌﾟ,,,,間接部門,,,,,,,,既存,,,,,,,,,001041001001031000000000000000,計上部門
株式会社やさしい手,会計系販売系サブシステム,00002,会計系販売系組織体系,2025/11/1,5 ,課,031020,BMグループ,4 ,03201010,2022/7/1,9999/12/31,BM統括課,BM統括課,ﾋﾞｰｴﾑﾄｳｶﾂｶ,,,,間接部門,,,,,,,,既存,,,,,,,,,001041001001032000000000000000,計上部門
株式会社やさしい手,会計系販売系サブシステム,00002,会計系販売系組織体系,2025/11/1,5 ,課,031020,BMグループ,4 ,03102240,2022/7/1,9999/12/31,新高根賃貸部門,新高根賃貸部門,ｼﾝﾀｶﾈﾁﾝﾀｲﾌﾞﾓﾝ,,,,直接部門,,,,,,,,既存,,,,,,,,,001041001001033000000000000000,計上部門
株式会社やさしい手,会計系販売系サブシステム,00002,会計系販売系組織体系,2025/11/1,5 ,課,031020,BMグループ,4 ,03102250,2022/7/1,9999/12/31,南烏山賃貸部門,南烏山賃貸部門,ﾐﾅﾐｶﾗｽﾔﾏﾁﾝﾀｲﾌﾞﾓﾝ,,,,直接部門,,,,,,,,既存,,,,,,,,,001041001001034000000000000000,計上部門
株式会社やさしい手,会計系販売系サブシステム,00002,会計系販売系組織体系,2025/11/1,5 ,課,031020,BMグループ,4 ,03102260,2022/7/1,9999/12/31,柏崎賃貸部門,柏崎賃貸部門,ｶｼﾜｻﾞｷﾁﾝﾀｲﾌﾞﾓﾝ,,,,直接部門,,,,,,,,既存,,,,,,,,,001041001001035000000000000000,計上部門
株式会社やさしい手,会計系販売系サブシステム,00002,会計系販売系組織体系,2025/11/1,5 ,課,031020,BMグループ,4 ,03102270,2022/7/1,9999/12/31,駒生賃貸部門,駒生賃貸部門,ｺﾏﾆｭｳﾁﾝﾀｲﾌﾞﾓﾝ,,,,直接部門,,,,,,,,既存,,,,,,,,,001041001001036000000000000000,計上部門
株式会社やさしい手,会計系販売系サブシステム,00002,会計系販売系組織体系,2025/11/1,5 ,課,031020,BMグループ,4 ,03102280,2022/7/1,9999/12/31,鶴崎賃貸部門,鶴崎賃貸部門,ﾂﾙｻｷﾁﾝﾀｲﾌﾞﾓﾝ,,,,直接部門,,,,,,,,既存,,,,,,,,,001041001001037000000000000000,計上部門
株式会社やさしい手,会計系販売系サブシステム,00002,会計系販売系組織体系,2025/11/1,5 ,課,031020,BMグループ,4 ,03102290,2022/7/1,9999/12/31,加古川尾上賃貸部門,加古川尾上賃貸部門,ｶｺｶﾞﾜｵﾉｴﾁﾝﾀｲﾌﾞﾓﾝ,,,,直接部門,,,,,,,,既存,,,,,,,,,001041001001038000000000000000,計上部門
株式会社やさしい手,会計系販売系サブシステム,00002,会計系販売系組織体系,2025/11/1,5 ,課,031020,BMグループ,4 ,03102300,2022/7/1,9999/12/31,中津賃貸部門,中津賃貸部門,ﾅｶﾂﾁﾝﾀｲﾌﾞﾓﾝ,,,,直接部門,,,,,,,,既存,,,,,,,,,001041001001039000000000000000,計上部門
株式会社やさしい手,会計系販売系サブシステム,00002,会計系販売系組織体系,2025/11/1,5 ,課,031020,BMグループ,4 ,03102310,2022/10/1,9999/12/31,CT船橋賃貸部門,CT船橋賃貸部門,ｼｰﾃｨｰﾌﾅﾊﾞｼﾁﾝﾀｲﾌﾞﾓﾝ,,,,直接部門,,,,,,,,既存,,,,,,,,,001041001001040000000000000000,計上部門
株式会社やさしい手,会計系販売系サブシステム,00002,会計系販売系組織体系,2025/11/1,5 ,課,031020,BMグループ,4 ,03102320,2023/5/1,9999/12/31,倉田賃貸部門,倉田賃貸部門,ｸﾗﾀﾁﾝﾀｲﾌﾞﾓﾝ,,,,直接部門,,,,,,,,既存,,,,,,,,,001041001001041000000000000000,計上部門
株式会社やさしい手,会計系販売系サブシステム,00002,会計系販売系組織体系,2025/11/1,5 ,課,031020,BMグループ,4 ,03102330,2023/5/1,9999/12/31,長岡賃貸部門,長岡賃貸部門,ﾅｶﾞｵｶﾁﾝﾀｲﾌﾞﾓﾝ,,,,直接部門,,,,,,,,既存,,,,,,,,,001041001001042000000000000000,計上部門
株式会社やさしい手,会計系販売系サブシステム,00002,会計系販売系組織体系,2025/11/1,5 ,課,031020,BMグループ,4 ,03102340,2024/4/1,9999/12/31,浜野賃貸部門,浜野賃貸部門,ﾊﾏﾉﾁﾝﾀｲﾌﾞﾓﾝ,,,,直接部門,,,,,,,,既存,,,,,,,,,001041001001043000000000000000,計上部門
株式会社やさしい手,会計系販売系サブシステム,00002,会計系販売系組織体系,2025/11/1,5 ,課,031020,BMグループ,4 ,03102350,2025/4/1,9999/12/31,上板橋賃貸部門,上板橋賃貸部門,ｶﾐｲﾀﾊﾞｼﾁﾝﾀｲﾌﾞﾓﾝ,,,,直接部門,,,,,,,,既存,,,,,,,,,001041001001044000000000000000,計上部門
株式会社やさしい手,会計系販売系サブシステム,00002,会計系販売系組織体系,2025/11/1,5 ,課,031020,BMグループ,4 ,03102360,2025/4/1,9999/12/31,日野南平賃貸部門,日野南平賃貸部門,ﾋﾉﾐﾅﾐﾀﾞｲﾗﾁﾝﾀｲﾌﾞﾓﾝ,,,,直接部門,,,,,,,,既存,,,,,,,,,001041001001045000000000000000,計上部門
株式会社やさしい手,会計系販売系サブシステム,00002,会計系販売系組織体系,2025/11/1,3 ,本　部,16,ｺﾝｼｭｰﾏｰ事業ｻｰﾋﾞｽﾗｲﾝ,2 ,1010,2022/7/1,9999/12/31,営業企画部,営業企画部,ｴｲｷﾞｮｳｷｶｸﾌﾞ,,,,その他,,,,03-5433-5081,03-5433-5083,,,既存,,,,,,,,,001041002000000000000000000000,部門
株式会社やさしい手,会計系販売系サブシステム,00002,会計系販売系組織体系,2025/11/1,4 ,部,1010,営業企画部,3 ,101005,2022/7/1,9999/12/31,営業企画課,営業企画課,ｴｲｷﾞｮｳｷｶｸｶ,,,,その他,,,,03-5433-5081,03-5433-5083,,,既存,,,,,,,,,001041002001000000000000000000,部門
株式会社やさしい手,会計系販売系サブシステム,00002,会計系販売系組織体系,2025/11/1,5 ,課,101005,営業企画課,4 ,10100510,2022/7/1,9999/12/31,営業企画課,営業企画課,ｴｲｷﾞｮｳｷｶｸｶ,,,,間接部門,,,,03-5433-5081,03-5433-5083,,,既存,,,,,,,,,001041002001001000000000000000,計上部門
株式会社やさしい手,会計系販売系サブシステム,00002,会計系販売系組織体系,2025/11/1,3 ,本　部,16,ｺﾝｼｭｰﾏｰ事業ｻｰﾋﾞｽﾗｲﾝ,2 ,1015,2022/7/1,9999/12/31,介護保険部,介護保険部,ｶｲｺﾞﾎｹﾝﾌﾞ,,,,その他,,,,03-5433-5081,03-5433-5083,,,既存,,,,,,,,,001041003000000000000000000000,部門
株式会社やさしい手,会計系販売系サブシステム,00002,会計系販売系組織体系,2025/11/1,4 ,部,1015,介護保険部,3 ,101520,2022/7/1,9999/12/31,居宅介護支援課,居宅介護支援課,ｷｮﾀｸｶｲｺﾞｼｴﾝｶ,,,,その他,,,,03-5433-5082,03-5433-5083,,,既存,,,,,,,,,001041003001000000000000000000,部門
株式会社やさしい手,会計系販売系サブシステム,00002,会計系販売系組織体系,2025/11/1,5 ,課,101520,居宅介護支援課,4 ,10101020,2022/7/1,9999/12/31,大橋支援,大橋支援,ｵｵﾊｼｼｴﾝ,,,,直接部門,,,,03-5433-5082,03-5433-5083,,,既存,,,,,,,,,001041003001001000000000000000,計上部門
株式会社やさしい手,会計系販売系サブシステム,00002,会計系販売系組織体系,2025/11/1,4 ,部,1015,介護保険部,3 ,101530,2022/7/1,9999/12/31,訪問介護課,訪問介護課,ﾎｳﾓﾝｶｲｺﾞｶ,,,,その他,,,,03-5433-5081,03-5433-5083,,,既存,,,,,,,,,001041003002000000000000000000,部門
株式会社やさしい手,会計系販売系サブシステム,00002,会計系販売系組織体系,2025/11/1,5 ,課,101530,訪問介護課,4 ,10101030,2022/7/1,9999/12/31,大橋訪介池尻大橋店,大橋訪介　池尻,ｵｵﾊｼﾎｳｶｲｲｹｼﾞﾘｵｵﾊｼﾃﾝ,,,,直接部門,,,,03-5433-5081,03-5433-5083,,,既存,,,,,,,,,001041003002001000000000000000,計上部門
株式会社やさしい手,会計系販売系サブシステム,00002,会計系販売系組織体系,2025/11/1,5 ,課,101530,訪問介護課,4 ,10101035,2022/7/1,9999/12/31,大橋訪介白金店,大橋訪介　白金,ｵｵﾊｼﾎｳｶｲｼﾛｶﾞﾈﾃﾝ,,,,直接部門,,,,03-5447-8341,03-5447-8344,,,既存,,,,,,,,,001041003002002000000000000000,計上部門
株式会社やさしい手,会計系販売系サブシステム,00002,会計系販売系組織体系,2025/11/1,3 ,本　部,16,ｺﾝｼｭｰﾏｰ事業ｻｰﾋﾞｽﾗｲﾝ,2 ,1020,2022/7/1,9999/12/31,大橋ｻｰﾋﾞｽ事業部,大橋ｻｰﾋﾞｽ,ｵｵﾊｼｻｰﾋﾞｽｼﾞｷﾞｮｳﾌﾞ,,,,その他,,,,03-5433-5081,03-5433-5083,,,既存,,,,,,,,,001041004000000000000000000000,部門
株式会社やさしい手,会計系販売系サブシステム,00002,会計系販売系組織体系,2025/11/1,4 ,部,1020,大橋ｻｰﾋﾞｽ,3 ,102020,2022/7/1,9999/12/31,介護紹介課,介護紹介課,ｶｲｺﾞｼｮｳｶｲｶ,,,,その他,,,,03-5433-5080,03-5433-5083,,,既存,,,,,,,,,001041004001000000000000000000,部門
株式会社やさしい手,会計系販売系サブシステム,00002,会計系販売系組織体系,2025/11/1,5 ,課,102020,介護紹介課,4 ,10201020,2022/7/1,9999/12/31,介護紹介課　世田谷グループ,介護紹介世田谷,ｶｲｺﾞｼｮｳｶｲ ｾﾀｶﾞﾔｸﾞﾙｰﾌ,,,,間接部門,,,,03-5433-5080,03-5433-5083,,,既存,,,,,,,,,001041004001001000000000000000,計上部門
株式会社やさしい手,会計系販売系サブシステム,00002,会計系販売系組織体系,2025/11/1,5 ,課,102020,介護紹介課,4 ,10201025,2022/7/1,9999/12/31,介護紹介課　城南グループ,介護紹介城南,ｶｲｺﾞｼｮｳｶｲｼﾞｮｳﾅﾝｸﾞﾙｰﾌ,,,,間接部門,,,,03-5433-5080,03-5433-5083,,,既存,,,,,,,,,001041004001002000000000000000,計上部門
株式会社やさしい手,会計系販売系サブシステム,00002,会計系販売系組織体系,2025/11/1,5 ,課,102020,介護紹介課,4 ,10201027,2022/7/1,9999/12/31,介護紹介課　城東グループ,介護紹介城東,ｶｲｺﾞｼｮｳｶｲｼﾞｮｳﾄｳ,,,,間接部門,,,,03-5433-5080,03-5433-5083,,,既存,,,,,,,,,001041004001003000000000000000,計上部門
株式会社やさしい手,会計系販売系サブシステム,00002,会計系販売系組織体系,2025/11/1,5 ,課,102020,介護紹介課,4 ,10202010,2022/12/1,9999/12/31,O-tetsuKAJI介護,O-tetsuKAJI介護,ｵﾃﾂｶｼﾞｶｲｺﾞ,,,,間接部門,,,,,,,,既存,,,,,,,,,001041004001004000000000000000,計上部門
株式会社やさしい手,会計系販売系サブシステム,00002,会計系販売系組織体系,2025/11/1,4 ,部,1020,大橋ｻｰﾋﾞｽ,3 ,102030,2022/7/1,9999/12/31,家事紹介課,家事紹介課,ｶｼﾞｼｮｳｶｲｶ,,,,その他,,,,03-5433-5086,03-5433-5087,,,既存,,,,,,,,,001041004002000000000000000000,部門
株式会社やさしい手,会計系販売系サブシステム,00002,会計系販売系組織体系,2025/11/1,5 ,課,102030,家事紹介課,4 ,10201030,2022/7/1,9999/12/31,家事紹介課　世田谷グループ,家事紹介世田谷,ｶｼﾞｼｮｳｶｲ ｾﾀｶﾞﾔｸﾞﾙｰﾌﾟ,,,,間接部門,,,,03-5433-5086,03-5433-5087,,,既存,,,,,,,,,001041004002001000000000000000,計上部門
株式会社やさしい手,会計系販売系サブシステム,00002,会計系販売系組織体系,2025/11/1,5 ,課,102030,家事紹介課,4 ,10201035,2022/7/1,9999/12/31,家事紹介課　港グループ,家事紹介港,ｶｼﾞｼｮｳｶｲﾐﾅﾄ,,,,間接部門,,,,03-5433-5086,03-5433-5087,,,既存,,,,,,,,,001041004002002000000000000000,計上部門
株式会社やさしい手,会計系販売系サブシステム,00002,会計系販売系組織体系,2025/11/1,5 ,課,102030,家事紹介課,4 ,10203010,2022/12/1,9999/12/31,O-tetsuKAJI家事,O-tetsuKAJI家事,ｵﾃﾂｶｼﾞｶｼﾞ,,,,間接部門,,,,,,,,既存,,,,,,,,,001041004002004000000000000000,計上部門
株式会社やさしい手,会計系販売系サブシステム,00002,会計系販売系組織体系,2025/11/1,4 ,部,1020,大橋ｻｰﾋﾞｽ,3 ,102040,2022/7/1,9999/12/31,キャリアサポート,ｷｬﾘｱｻﾎﾟｰﾄ,ｷｬﾘｱｻﾎﾟｰﾄ,,,,その他,,,,03-5433-5081,03-5433-5083,,,既存,,,,,,,,,001041004003000000000000000000,部門
株式会社やさしい手,会計系販売系サブシステム,00002,会計系販売系組織体系,2025/11/1,5 ,課,102040,ｷｬﾘｱｻﾎﾟｰﾄ,4 ,10204010,2022/7/1,9999/12/31,キャリアサポート,ｷｬﾘｱｻﾎﾟｰﾄ,ｷｬﾘｱｻﾎﾟｰﾄ,,,,間接部門,,,,03-5433-5081,03-5433-5083,,,既存,,,,,,,,,001041004003001000000000000000,計上部門
株式会社やさしい手,会計系販売系サブシステム,00002,会計系販売系組織体系,2025/11/1,3 ,本　部,16,ｺﾝｼｭｰﾏｰ事業ｻｰﾋﾞｽﾗｲﾝ,2 ,1040,2022/7/1,9999/12/31,【使用不可】大橋WM事業部,【不】大橋WM事業部,ｵｵﾊｼｳｪﾙﾌｪｱﾏﾈｼﾞﾒﾝﾄｼﾞｷ,,,,その他,,,,03-5433-5081,03-5433-5083,,,既存,,,,,,,,,001041005000000000000000000000,部門
株式会社やさしい手,会計系販売系サブシステム,00002,会計系販売系組織体系,2025/11/1,4 ,部,1040,【不】大橋WM事業部,3 ,104005,2022/7/1,9999/12/31,【使用不可】WM統括事業部,【不】WM統括事業部,ｳｪﾙﾌｪｱﾏﾈｼﾞﾒﾝﾄﾄｳｶﾂｼﾞｷ,,,,その他,,,,03-5433-5081,03-5433-5083,,,既存,,,,,,,,,001041005001000000000000000000,部門
株式会社やさしい手,会計系販売系サブシステム,00002,会計系販売系組織体系,2025/11/1,5 ,課,104005,【不】WM統括事業部,4 ,10400510,2022/7/1,9999/12/31,【使用不可】WM統括事業課,【不】WM統括事業課,ｳｪﾙﾌｪｱﾏﾈｼﾞﾒﾝﾄﾄｳｶﾂｼﾞｷ,,,,間接部門,,,,03-5433-5081,03-5433-5083,,,既存,,,,,,,,,001041005001001000000000000000,計上部門
株式会社やさしい手,会計系販売系サブシステム,00002,会計系販売系組織体系,2025/11/1,5 ,課,104005,【不】WM統括事業部,4 ,10400520,2022/7/1,9999/12/31,【使用不可】WM養成課,【不】WM養成課,ｳｪﾙﾌｪｱﾏﾈｼﾞﾒﾝﾄﾖｳｾｲｶ,,,,間接部門,,,,03-5433-5081,03-5433-5083,,,既存,,,,,,,,,001041005001002000000000000000,計上部門
株式会社やさしい手,会計系販売系サブシステム,00002,会計系販売系組織体系,2025/11/1,4 ,部,1040,【不】大橋WM事業部,3 ,104010,2022/7/1,9999/12/31,【使用不可】WM本店,【不】WM本店,ｳｪﾙﾌｪｱﾏﾈｼﾞﾒﾝﾄﾎﾝﾃﾝ,,,,その他,,,,03-5433-5081,03-5433-5083,,,既存,,,,,,,,,001041005002000000000000000000,部門
株式会社やさしい手,会計系販売系サブシステム,00002,会計系販売系組織体系,2025/11/1,5 ,課,104010,【不】WM本店,4 ,10401010,2022/7/1,9999/12/31,【使用不可】WM本店統括課,【不】WM本店統括課,ｳｪﾙﾌｪｱﾏﾈｼﾞﾒﾝﾄﾎﾝﾃﾝﾄｳｶ,,,,間接部門,,,,03-5433-5081,03-5433-5083,,,既存,,,,,,,,,001041005002001000000000000000,計上部門
株式会社やさしい手,会計系販売系サブシステム,00002,会計系販売系組織体系,2025/11/1,5 ,課,104010,【不】WM本店,4 ,10401006,2022/7/1,9999/12/31,【使用不可】WM本店,【不】WM本店,ｳｪﾙﾌｪｱﾏﾈｼﾞﾒﾝﾄﾎﾝﾃﾝ,,,,その他,,,,,,,,既存,,,,,,,,,001041005002002000000000000000,計上部門
株式会社やさしい手,会計系販売系サブシステム,00002,会計系販売系組織体系,2025/11/1,4 ,部,1040,【不】大橋WM事業部,3 ,104014,2022/7/1,9999/12/31,【使用不可】WM東京中央店,【不】WM東京中央店,ｳｪﾙﾌｪｱﾏﾈｼﾞﾒﾝﾄﾄｳｷｮｳﾁｭ,,,,その他,,,,03-5433-5084,03-5433-5085,,,既存,,,,,,,,,001041005003000000000000000000,部門
株式会社やさしい手,会計系販売系サブシステム,00002,会計系販売系組織体系,2025/11/1,5 ,課,104014,【不】WM東京中央店,4 ,10401017,2022/7/1,9999/12/31,【使用不可】WM東京中央ﾁｰﾑ,【不】WM東京中央,ｳｪﾙﾌｪｱﾏﾈｼﾞﾒﾝﾄﾄｳｷｮｳﾁｭｳｵｳﾁｰﾑ,,,,間接部門,,,,03-5433-5084,03-5433-5085,,,既存,,,,,,,,,001041005003001000000000000000,計上部門
株式会社やさしい手,会計系販売系サブシステム,00002,会計系販売系組織体系,2025/11/1,4 ,部,1040,【不】大橋WM事業部,3 ,104020,2022/7/1,9999/12/31,【使用不可】WM立川店,【不】WM立川店,ｳｪﾙﾌｪｱﾏﾈｼﾞﾒﾝﾄﾀﾁｶﾜﾃﾝ,,,,その他,,,,042-528-8341,042-528-8344,,,既存,,,,,,,,,001041005004000000000000000000,部門
株式会社やさしい手,会計系販売系サブシステム,00002,会計系販売系組織体系,2025/11/1,5 ,課,104020,【不】WM立川店,4 ,10401020,2022/7/1,9999/12/31,【使用不可】WM立川ﾁｰﾑ,【不】WM立川ﾁｰﾑ,ｳｪﾙﾌｪｱﾏﾈｼﾞﾒﾝﾄﾀﾁｶﾜﾁｰﾑ,,,,間接部門,,,,042-528-8341,042-528-8344,,,既存,,,,,,,,,001041005004001000000000000000,計上部門
株式会社やさしい手,会計系販売系サブシステム,00002,会計系販売系組織体系,2025/11/1,4 ,部,1040,【不】大橋WM事業部,3 ,104050,2022/7/1,9999/12/31,【使用不可】WM神奈川店,【不】WM神奈川店,ｳｪﾙﾌｪｱﾏﾈｼﾞﾒﾝﾄｶﾅｶﾞﾜﾃﾝ,,,,その他,,,,045-560-6271,045-560-6274,,,既存,,,,,,,,,001041005005000000000000000000,部門
株式会社やさしい手,会計系販売系サブシステム,00002,会計系販売系組織体系,2025/11/1,5 ,課,104050,【不】WM神奈川店,4 ,10401018,2022/7/1,9999/12/31,【使用不可】WM神奈川ﾁｰﾑ,【不】WM神奈川,ｳｪﾙﾌｪｱﾏﾈｼﾞﾒﾝﾄｶﾅｶﾞﾜﾁｰ,,,,間接部門,,,,045-560-6271,045-560-6274,,,既存,,,,,,,,,001041005005001000000000000000,計上部門
株式会社やさしい手,会計系販売系サブシステム,00002,会計系販売系組織体系,2025/11/1,5 ,課,104050,【不】WM神奈川店,4 ,10401050,2022/7/1,9999/12/31,【使用不可】WM横浜ﾁｰﾑ,【不】WM横浜ﾁｰﾑ,ｳｪﾙﾌｪｱﾏﾈｼﾞﾒﾝﾄﾖｺﾊﾏﾁｰﾑ,,,,間接部門,,,,045-560-6271,045-560-6274,,,既存,,,,,,,,,001041005005002000000000000000,計上部門
株式会社やさしい手,会計系販売系サブシステム,00002,会計系販売系組織体系,2025/11/1,3 ,本　部,16,ｺﾝｼｭｰﾏｰ事業ｻｰﾋﾞｽﾗｲﾝ,2 ,1060,2022/7/1,9999/12/31,おまかせ事業部,おまかせ事業部,ｵﾏｶｾｼﾞｷﾞｮｳﾌﾞ,,,,その他,,,,03-5790-5040,03-5790-5041,,,既存,,,,,,,,,001041006000000000000000000000,部門
株式会社やさしい手,会計系販売系サブシステム,00002,会計系販売系組織体系,2025/11/1,4 ,部,1060,おまかせ事業部,3 ,106010,2022/7/1,9999/12/31,おまかせ大橋店,おまかせ大橋店,ｵﾏｶｾｵｵﾊｼﾃﾝ,,,,その他,,,,03-5790-5040,03-5790-5041,,,既存,,,,,,,,,001041006001000000000000000000,部門
株式会社やさしい手,会計系販売系サブシステム,00002,会計系販売系組織体系,2025/11/1,5 ,課,106010,おまかせ大橋店,4 ,10601010,2022/7/1,9999/12/31,おまかせ大橋店,おまかせ大橋店,ｵﾏｶｾｵｵﾊｼﾃﾝ,,,,直接部門,,,,03-5790-5040,03-5790-5041,,,既存,,,,,,,,,001041006001001000000000000000,計上部門
株式会社やさしい手,会計系販売系サブシステム,00002,会計系販売系組織体系,2025/11/1,4 ,部,1060,おまかせ事業部,3 ,106040,2022/7/1,9999/12/31,在宅生活支援課,在宅生活支援課,ｻﾞｲﾀｸｾｲｶﾂｼｴﾝｶ,,,,その他,,,,03-5790-5040,03-5790-5041,,,既存,,,,,,,,,001041006002000000000000000000,部門
株式会社やさしい手,会計系販売系サブシステム,00002,会計系販売系組織体系,2025/11/1,5 ,課,106040,在宅生活支援課,4 ,10604010,2022/7/1,9999/12/31,在宅生活支援課,在宅生活支援課,ｻﾞｲﾀｸｾｲｶﾂｼｴﾝｶ,,,,直接部門,,,,03-5790-5040,03-5790-5041,,,既存,,,,,,,,,001041006002001000000000000000,計上部門
株式会社やさしい手,会計系販売系サブシステム,00002,会計系販売系組織体系,2025/11/1,5 ,課,106040,在宅生活支援課,4 ,20200602,2022/7/1,9999/12/31,在宅支援課,在宅支援課,ｻﾞｲﾀｸｼｴﾝｶ,,,,直接部門,,,,,,,,既存,,,,,,,,,001041006002002000000000000000,計上部門
株式会社やさしい手,会計系販売系サブシステム,00002,会計系販売系組織体系,2025/11/1,4 ,部,1060,おまかせ事業部,3 ,106070,2022/7/1,9999/12/31,おまかせ推進課,おまかせ推進課,ｵﾏｶｾｽｲｼﾝｶ,,,,その他,,,,03-5790-5040,03-5790-5041,,,既存,,,,,,,,,001041006003000000000000000000,部門
株式会社やさしい手,会計系販売系サブシステム,00002,会計系販売系組織体系,2025/11/1,5 ,課,106070,おまかせ推進課,4 ,10607010,2022/7/1,9999/12/31,おまかせ推進課,おまかせ推進課,ｵﾏｶｾｽｲｼﾝｶ,,,,間接部門,,,,03-5790-5040,03-5790-5041,,,既存,,,,,,,,,001041006003001000000000000000,計上部門
株式会社やさしい手,会計系販売系サブシステム,00002,会計系販売系組織体系,2025/11/1,4 ,部,1060,おまかせ事業部,3 ,106020,2022/7/1,9999/12/31,おまかせ三鷹店,おまかせ三鷹店,ｵﾏｶｾﾐﾀｶﾃﾝ,,,,その他,,,,,,,,既存,,,,,,,,,001041006004000000000000000000,部門
株式会社やさしい手,会計系販売系サブシステム,00002,会計系販売系組織体系,2025/11/1,5 ,課,106020,おまかせ三鷹店,4 ,10602010,2022/7/1,9999/12/31,おまかせ三鷹店,おまかせ三鷹店,ｵﾏｶｾﾐﾀｶﾃﾝ,,,,直接部門,,,,,,,,既存,,,,,,,,,001041006004001000000000000000,計上部門
株式会社やさしい手,会計系販売系サブシステム,00002,会計系販売系組織体系,2025/11/1,4 ,部,1060,おまかせ事業部,3 ,106030,2022/7/1,9999/12/31,おまかせ準備室3,おまかせ準備3,ｵﾏｶｾｼﾞｭﾝﾋﾞ3,,,,その他,,,,,,,,既存,,,,,,,,,001041006005000000000000000000,部門
株式会社やさしい手,会計系販売系サブシステム,00002,会計系販売系組織体系,2025/11/1,5 ,課,106030,おまかせ準備3,4 ,10603010,2022/7/1,9999/12/31,おまかせ準備室3,おまかせ準備3,ｵﾏｶｾｼﾞｭﾝﾋﾞ3,,,,間接部門,,,,03-5790-5040,03-5790-5041,,,既存,,,,,,,,,001041006005001000000000000000,計上部門
株式会社やさしい手,会計系販売系サブシステム,00002,会計系販売系組織体系,2025/11/1,4 ,部,1060,おまかせ事業部,3 ,106050,2022/7/1,9999/12/31,おまかせ準備室5,おまかせ準備5,ｵﾏｶｾｼﾞｭﾝﾋﾞ5,,,,その他,,,,,,,,既存,,,,,,,,,001041006006000000000000000000,部門
株式会社やさしい手,会計系販売系サブシステム,00002,会計系販売系組織体系,2025/11/1,5 ,課,106050,おまかせ準備5,4 ,10605010,2022/7/1,9999/12/31,おまかせ準備室5,おまかせ準備5,ｵﾏｶｾｼﾞｭﾝﾋﾞ5,,,,間接部門,,,,03-5790-5040,03-5790-5041,,,既存,,,,,,,,,001041006006001000000000000000,計上部門
株式会社やさしい手,会計系販売系サブシステム,00002,会計系販売系組織体系,2025/11/1,4 ,部,1060,おまかせ事業部,3 ,106060,2022/7/1,9999/12/31,おまかせ準備室6,おまかせ準備6,ｵﾏｶｾｼﾞｭﾝﾋﾞ6,,,,その他,,,,,,,,既存,,,,,,,,,001041006007000000000000000000,部門
株式会社やさしい手,会計系販売系サブシステム,00002,会計系販売系組織体系,2025/11/1,5 ,課,106060,おまかせ準備6,4 ,10606010,2022/7/1,9999/12/31,おまかせ準備室6,おまかせ準備6,ｵﾏｶｾｼﾞｭﾝﾋﾞ6,,,,間接部門,,,,03-5791-5040,03-5790-5041,,,既存,,,,,,,,,001041006007001000000000000000,計上部門
株式会社やさしい手,会計系販売系サブシステム,00002,会計系販売系組織体系,2025/11/1,4 ,部,1060,おまかせ事業部,3 ,106080,2022/7/1,9999/12/31,【使用不可】おまかせ小山店,【不】おまかせ小山店,ｵﾏｶｾｵﾔﾏﾃﾝ,,,,その他,,,,,,,,既存,,,,,,,,,001041006008000000000000000000,部門
株式会社やさしい手,会計系販売系サブシステム,00002,会計系販売系組織体系,2025/11/1,5 ,課,106080,【不】おまかせ小山店,4 ,10608010,2022/7/1,9999/12/31,【使用不可】おまかせ小山店,【不】おまかせ小山店,ｵﾏｶｾｵﾔﾏﾃﾝ,,,,直接部門,,,,,,,,既存,,,,,,,,,001041006008001000000000000000,計上部門
株式会社やさしい手,会計系販売系サブシステム,00002,会計系販売系組織体系,2025/11/1,3 ,本　部,16,ｺﾝｼｭｰﾏｰ事業ｻｰﾋﾞｽﾗｲﾝ,2 ,1070,2022/7/1,9999/12/31,レストラン事業部,レストラン事業部,ﾚｽﾄﾗﾝｼﾞｷﾞｮｳﾌﾞ,,,,その他,,,,,,,,既存,,,,,,,,,001041007000000000000000000000,部門
株式会社やさしい手,会計系販売系サブシステム,00002,会計系販売系組織体系,2025/11/1,4 ,部,1070,レストラン事業部,3 ,106090,2022/7/1,9999/12/31,【使用不可】地域交流ﾚｽﾄﾗﾝ事業課,【不】地域交流ﾚｽﾄﾗﾝ,ﾁｲｷｺｳﾘｭｳﾚｽﾄﾗﾝｼﾞｷﾞｮｳｶ,,,,間接部門,,,,,,,,既存,,,,,,,,,001041007001000000000000000000,部門
株式会社やさしい手,会計系販売系サブシステム,00002,会計系販売系組織体系,2025/11/1,5 ,課,106090,【不】地域交流ﾚｽﾄﾗﾝ,4 ,10609040,2022/7/1,9999/12/31,【使用不可】千歳烏山厨房準備室,【不】烏山厨房準備室,ﾁﾄｾｶﾗｽﾔﾏﾁｭｳﾎﾞｳｼﾞｭﾝﾋﾞｼﾂ,,,,直接部門,,,,,,,,既存,,,,,,,,,001041007001004000000000000000,計上部門
株式会社やさしい手,会計系販売系サブシステム,00002,会計系販売系組織体系,2025/11/1,5 ,課,106090,【不】地域交流ﾚｽﾄﾗﾝ,4 ,10609120,2022/7/1,9999/12/31,【使用不可】ふじみ野厨房,【不】ふじみ野厨房,ﾌｼﾞﾐﾉﾁｭｳｵｳ,,,,直接部門,,,,,,,,既存,,,,,,,,,001041007001012000000000000000,計上部門
株式会社やさしい手,会計系販売系サブシステム,00002,会計系販売系組織体系,2025/11/1,5 ,課,106090,【不】地域交流ﾚｽﾄﾗﾝ,4 ,10609360,2022/7/1,9999/12/31,【使用不可】成城北厨房,【不】成城北厨房,ｾｲｼﾞｮｳｷﾀﾁｭｳﾎﾞｳ,,,,直接部門,,,,,,,,既存,,,,,,,,,001041007001036000000000000000,計上部門
株式会社やさしい手,会計系販売系サブシステム,00002,会計系販売系組織体系,2025/11/1,5 ,課,106090,【不】地域交流ﾚｽﾄﾗﾝ,4 ,10609570,2022/7/1,9999/12/31,【使用不可】高見馬場厨房,【不】高見馬場厨房,ﾀｶﾐﾊﾞﾊﾞﾁｭｳﾎﾞｳ,,,,直接部門,,,,,,,,既存,,,,,,,,,001041007001057000000000000000,計上部門
株式会社やさしい手,会計系販売系サブシステム,00002,会計系販売系組織体系,2025/11/1,5 ,課,106090,【不】地域交流ﾚｽﾄﾗﾝ,4 ,10609670,2022/8/1,9999/12/31,【使用不可】川口芝高木厨房,【不】川口芝高木厨房,ｶﾜｸﾞﾁｼﾊﾞﾀｶｷﾞﾁｭｳﾎﾞｳ,,,,直接部門,,,,,,,,既存,,,,,,,,,001041007001067000000000000000,計上部門
株式会社やさしい手,会計系販売系サブシステム,00002,会計系販売系組織体系,2025/11/1,4 ,部,1070,レストラン事業部,3 ,107010,2022/7/1,9999/12/31,レストラン推進課,レストラン推進課,ﾚｽﾄﾗﾝｽｲｼﾝｶ,,,,その他,,,,,,,,既存,,,,,,,,,001041007002000000000000000000,部門
株式会社やさしい手,会計系販売系サブシステム,00002,会計系販売系組織体系,2025/11/1,5 ,課,107010,レストラン推進課,4 ,10701010,2022/7/1,9999/12/31,レストラン推進課,レストラン推進課,ﾚｽﾄﾗﾝｽｲｼﾝｶ,,,,間接部門,,,,,,,,既存,,,,,,,,,001041007002001000000000000000,計上部門
株式会社やさしい手,会計系販売系サブシステム,00002,会計系販売系組織体系,2025/11/1,4 ,部,1070,レストラン事業部,3 ,107020,2024/1/1,9999/12/31,委託厨房課,委託厨房課,ｲﾀｸﾁｭｳﾎﾞｳｶ,,,,その他,,,,,,,,既存,,,,,,,,,001041007003000000000000000000,部門
株式会社やさしい手,会計系販売系サブシステム,00002,会計系販売系組織体系,2025/11/1,5 ,課,107020,委託厨房課,4 ,10609370,2024/1/1,9999/12/31,書写厨房,書写厨房,ｼｮｼｬﾁｭｳﾎﾞｳ,,,,直接部門,,,,,,,,既存,,,,,,,,,001041007003001000000000000000,計上部門
株式会社やさしい手,会計系販売系サブシステム,00002,会計系販売系組織体系,2025/11/1,5 ,課,107020,委託厨房課,4 ,10609380,2024/1/1,9999/12/31,東辻井厨房,東辻井厨房,ﾋｶﾞｼﾂｼﾞｲﾁｭｳﾎﾞｳ,,,,直接部門,,,,,,,,既存,,,,,,,,,001041007003002000000000000000,計上部門
株式会社やさしい手,会計系販売系サブシステム,00002,会計系販売系組織体系,2025/11/1,5 ,課,107020,委託厨房課,4 ,10609390,2024/1/1,9999/12/31,辻井厨房,辻井厨房,ﾂｼﾞｲﾁｭｳﾎﾞｳ,,,,直接部門,,,,,,,,既存,,,,,,,,,001041007003003000000000000000,計上部門
株式会社やさしい手,会計系販売系サブシステム,00002,会計系販売系組織体系,2025/11/1,5 ,課,107020,委託厨房課,4 ,10609400,2024/1/1,9999/12/31,東姫路厨房,東姫路厨房,ﾋｶﾞｼﾋﾒｼﾞﾁｭｳﾎﾞｳ,,,,直接部門,,,,,,,,既存,,,,,,,,,001041007003004000000000000000,計上部門
株式会社やさしい手,会計系販売系サブシステム,00002,会計系販売系組織体系,2025/11/1,5 ,課,107020,委託厨房課,4 ,10609410,2024/1/1,9999/12/31,飾磨恵美酒厨房,飾磨恵美酒厨房,ｼｶﾏｴﾋﾞｽﾁｭｳﾎﾞｳ,,,,直接部門,,,,,,,,既存,,,,,,,,,001041007003005000000000000000,計上部門
株式会社やさしい手,会計系販売系サブシステム,00002,会計系販売系組織体系,2025/11/1,5 ,課,107020,委託厨房課,4 ,10609430,2024/1/1,9999/12/31,【使用不可】浅草厨房,【不】浅草厨房,ｱｻｸｻﾁｭｳﾎﾞｳ,,,,直接部門,,,,,,,,既存,,,,,,,,,001041007003006000000000000000,計上部門
株式会社やさしい手,会計系販売系サブシステム,00002,会計系販売系組織体系,2025/11/1,5 ,課,107020,委託厨房課,4 ,10609440,2024/1/1,9999/12/31,八幡厨房,八幡厨房,ﾔﾊﾀﾁｭｳﾎﾞｳ,,,,直接部門,,,,,,,,既存,,,,,,,,,001041007003007000000000000000,計上部門
株式会社やさしい手,会計系販売系サブシステム,00002,会計系販売系組織体系,2025/11/1,5 ,課,107020,委託厨房課,4 ,10609450,2024/1/1,9999/12/31,千歳烏山厨房,千歳烏山厨房,ﾁﾄｾｶﾗｽﾔﾏﾁｭｳﾎﾞｳ,,,,直接部門,,,,,,,,既存,,,,,,,,,001041007003008000000000000000,計上部門
株式会社やさしい手,会計系販売系サブシステム,00002,会計系販売系組織体系,2025/11/1,5 ,課,107020,委託厨房課,4 ,10609460,2024/1/1,9999/12/31,日野南平厨房,日野南平厨房,ﾋﾉﾐﾅﾐﾀﾞｲﾗﾁｭｳﾎﾞｳ,,,,直接部門,,,,,,,,既存,,,,,,,,,001041007003009000000000000000,計上部門
株式会社やさしい手,会計系販売系サブシステム,00002,会計系販売系組織体系,2025/11/1,5 ,課,107020,委託厨房課,4 ,10609470,2024/1/1,9999/12/31,【使用不可】西新井厨房,【不】西新井厨房,ﾆｼｱﾗｲﾁｭｳﾎﾞｳ,,,,直接部門,,,,,,,,既存,,,,,,,,,001041007003010000000000000000,計上部門
株式会社やさしい手,会計系販売系サブシステム,00002,会計系販売系組織体系,2025/11/1,5 ,課,107020,委託厨房課,4 ,10609480,2024/1/1,9999/12/31,上越厨房,上越厨房,ｼﾞｮｳｴﾂﾁｭｳﾎﾞｳ,,,,直接部門,,,,,,,,既存,,,,,,,,,001041007003011000000000000000,計上部門
株式会社やさしい手,会計系販売系サブシステム,00002,会計系販売系組織体系,2025/11/1,5 ,課,107020,委託厨房課,4 ,10609490,2024/1/1,9999/12/31,東城厨房,東城厨房,ﾋｶﾞｼｼﾛﾁｭｳﾎﾞｳ,,,,直接部門,,,,,,,,既存,,,,,,,,,001041007003012000000000000000,計上部門
株式会社やさしい手,会計系販売系サブシステム,00002,会計系販売系組織体系,2025/11/1,5 ,課,107020,委託厨房課,4 ,10609500,2024/1/1,9999/12/31,西明石厨房,西明石厨房,ﾆｼｱｶｼﾁｭｳﾎﾞｳ,,,,直接部門,,,,,,,,既存,,,,,,,,,001041007003013000000000000000,計上部門
株式会社やさしい手,会計系販売系サブシステム,00002,会計系販売系組織体系,2025/11/1,5 ,課,107020,委託厨房課,4 ,10609510,2024/1/1,9999/12/31,持子厨房,持子厨房,ﾓﾁｺﾁｭｳﾎﾞｳ,,,,直接部門,,,,,,,,既存,,,,,,,,,001041007003014000000000000000,計上部門
株式会社やさしい手,会計系販売系サブシステム,00002,会計系販売系組織体系,2025/11/1,5 ,課,107020,委託厨房課,4 ,10609520,2024/1/1,9999/12/31,川口芝高木厨房,川口芝高木厨房,ｶﾜｸﾞﾁｼﾊﾞﾀｶｷﾞﾁｭｳﾎﾞｳ,,,,直接部門,,,,,,,,既存,,,,,,,,,001041007003015000000000000000,計上部門
株式会社やさしい手,会計系販売系サブシステム,00002,会計系販売系組織体系,2025/11/1,5 ,課,107020,委託厨房課,4 ,10609530,2024/1/1,9999/12/31,結城厨房,結城厨房,ﾕｳｷﾁｭｳﾎﾞｳ,,,,直接部門,,,,,,,,既存,,,,,,,,,001041007003016000000000000000,計上部門
株式会社やさしい手,会計系販売系サブシステム,00002,会計系販売系組織体系,2025/11/1,5 ,課,107020,委託厨房課,4 ,10609540,2024/1/1,9999/12/31,明石大久保厨房,明石大久保厨房,ｱｶｼｵｵｸﾎﾞﾁｭｳﾎﾞｳ,,,,直接部門,,,,,,,,既存,,,,,,,,,001041007003017000000000000000,計上部門
株式会社やさしい手,会計系販売系サブシステム,00002,会計系販売系組織体系,2025/11/1,5 ,課,107020,委託厨房課,4 ,10609550,2024/1/1,9999/12/31,平之町厨房,平之町厨房,ﾋﾗﾉﾁｮｳﾁｭｳﾎﾞｳ,,,,直接部門,,,,,,,,既存,,,,,,,,,001041007003018000000000000000,計上部門
株式会社やさしい手,会計系販売系サブシステム,00002,会計系販売系組織体系,2025/11/1,4 ,部,1070,レストラン事業部,3 ,107030,2024/1/1,9999/12/31,直営厨房一課,直営厨房一課,ﾁｮｸｴｲﾁｭｳﾎﾞｳｲｯｶ,,,,その他,,,,,,,,既存,,,,,,,,,001041007004000000000000000000,部門
株式会社やさしい手,会計系販売系サブシステム,00002,会計系販売系組織体系,2025/11/1,5 ,課,107030,直営厨房一課,4 ,10609020,2024/1/1,9999/12/31,三鷹北野厨房,三鷹北野厨房,ﾐﾀｶｷﾀﾉﾁｭｳﾎﾞｳ,,,,直接部門,,,,,,,,既存,,,,,,,,,001041007004001000000000000000,計上部門
株式会社やさしい手,会計系販売系サブシステム,00002,会計系販売系組織体系,2025/11/1,5 ,課,107030,直営厨房一課,4 ,10609030,2024/1/1,9999/12/31,上板橋厨房,上板橋厨房,ｶﾐｲﾀﾊﾞｼﾁｭｳﾎﾞｳ,,,,直接部門,,,,,,,,既存,,,,,,,,,001041007004002000000000000000,計上部門
株式会社やさしい手,会計系販売系サブシステム,00002,会計系販売系組織体系,2025/11/1,5 ,課,107030,直営厨房一課,4 ,10609050,2024/1/1,9999/12/31,白鍬厨房,白鍬厨房,ｼﾗｸﾜﾁｭｳﾎﾞｳ,,,,直接部門,,,,,,,,既存,,,,,,,,,001041007004003000000000000000,計上部門
株式会社やさしい手,会計系販売系サブシステム,00002,会計系販売系組織体系,2025/11/1,5 ,課,107030,直営厨房一課,4 ,10609060,2024/1/1,9999/12/31,東大宮厨房,東大宮厨房,ﾋｶﾞｼｵｵﾐﾔﾁｭｳﾎﾞｳ,,,,直接部門,,,,,,,,既存,,,,,,,,,001041007004004000000000000000,計上部門
株式会社やさしい手,会計系販売系サブシステム,00002,会計系販売系組織体系,2025/11/1,5 ,課,107030,直営厨房一課,4 ,10609070,2024/1/1,9999/12/31,宮原厨房,宮原厨房,ﾐﾔﾊﾗﾁｭｳﾎﾞｳ,,,,直接部門,,,,,,,,既存,,,,,,,,,001041007004005000000000000000,計上部門
株式会社やさしい手,会計系販売系サブシステム,00002,会計系販売系組織体系,2025/11/1,5 ,課,107030,直営厨房一課,4 ,10609080,2024/1/1,9999/12/31,平尾厨房,平尾厨房,ﾋﾗｵﾁｭｳﾎﾞｳ,,,,直接部門,,,,,,,,既存,,,,,,,,,001041007004006000000000000000,計上部門
株式会社やさしい手,会計系販売系サブシステム,00002,会計系販売系組織体系,2025/11/1,5 ,課,107030,直営厨房一課,4 ,10609090,2024/1/1,9999/12/31,北烏山厨房,北烏山厨房,ｷﾀｶﾗｽﾔﾏﾁｭｳﾎﾞｳ,,,,直接部門,,,,,,,,既存,,,,,,,,,001041007004007000000000000000,計上部門
株式会社やさしい手,会計系販売系サブシステム,00002,会計系販売系組織体系,2025/11/1,5 ,課,107030,直営厨房一課,4 ,10609110,2024/1/1,9999/12/31,厨房②準備室,厨房②準備室,ｼﾞｭｳﾎﾞｳ2ｼﾞｭﾝﾋﾞｼﾂ,,,,直接部門,,,,,,,,既存,,,,,,,,,001041007004008000000000000000,計上部門
株式会社やさしい手,会計系販売系サブシステム,00002,会計系販売系組織体系,2025/11/1,5 ,課,107030,直営厨房一課,4 ,10609140,2024/1/1,9999/12/31,三鷹中原厨房,三鷹中原厨房,ﾐﾀｶﾅｶﾊﾗﾁｭｳﾎﾞｳ,,,,直接部門,,,,,,,,既存,,,,,,,,,001041007004009000000000000000,計上部門
株式会社やさしい手,会計系販売系サブシステム,00002,会計系販売系組織体系,2025/11/1,5 ,課,107030,直営厨房一課,4 ,10609170,2024/1/1,9999/12/31,上小町厨房,上小町厨房,ｶﾐｺﾁｮｳﾁｭｳﾎﾞｳ,,,,直接部門,,,,,,,,既存,,,,,,,,,001041007004010000000000000000,計上部門
株式会社やさしい手,会計系販売系サブシステム,00002,会計系販売系組織体系,2025/11/1,5 ,課,107030,直営厨房一課,4 ,10609180,2024/1/1,9999/12/31,上石神井厨房,上石神井厨房,ｶﾐｼｬｸｼﾞｲﾁｭｳﾎﾞｳ,,,,直接部門,,,,,,,,既存,,,,,,,,,001041007004011000000000000000,計上部門
株式会社やさしい手,会計系販売系サブシステム,00002,会計系販売系組織体系,2025/11/1,5 ,課,107030,直営厨房一課,4 ,10609230,2024/1/1,9999/12/31,小平厨房,小平厨房,ｺﾀﾞｲﾗﾁｭｳﾎﾞｳ,,,,直接部門,,,,,,,,既存,,,,,,,,,001041007004012000000000000000,計上部門
株式会社やさしい手,会計系販売系サブシステム,00002,会計系販売系組織体系,2025/11/1,5 ,課,107030,直営厨房一課,4 ,10609270,2024/1/1,9999/12/31,南古谷厨房,南古谷厨房,ﾐﾅﾐﾌﾙﾔﾁｭｳﾎﾞｳ,,,,直接部門,,,,,,,,既存,,,,,,,,,001041007004013000000000000000,計上部門
株式会社やさしい手,会計系販売系サブシステム,00002,会計系販売系組織体系,2025/11/1,5 ,課,107030,直営厨房一課,4 ,10609280,2024/1/1,9999/12/31,川口三ツ和厨房,川口三ツ和厨房,ｶﾜｸﾞﾁﾐﾂﾜﾁｭｳﾎﾞｳ,,,,直接部門,,,,,,,,既存,,,,,,,,,001041007004014000000000000000,計上部門
株式会社やさしい手,会計系販売系サブシステム,00002,会計系販売系組織体系,2025/11/1,5 ,課,107030,直営厨房一課,4 ,10609290,2024/1/1,9999/12/31,三軒茶屋厨房,三軒茶屋厨房,ｻﾝｹﾞﾝｼﾞｬﾔﾁｭｳﾎﾞｳ,,,,直接部門,,,,,,,,既存,,,,,,,,,001041007004015000000000000000,計上部門
株式会社やさしい手,会計系販売系サブシステム,00002,会計系販売系組織体系,2025/11/1,5 ,課,107030,直営厨房一課,4 ,10609300,2024/1/1,9999/12/31,西台厨房,西台厨房,ｲﾀﾊﾞｼﾆｼﾀﾞｲﾁｭｳﾎﾞｳ,,,,直接部門,,,,,,,,既存,,,,,,,,,001041007004016000000000000000,計上部門
株式会社やさしい手,会計系販売系サブシステム,00002,会計系販売系組織体系,2025/11/1,5 ,課,107030,直営厨房一課,4 ,10609590,2024/1/1,9999/12/31,加須厨房,加須厨房,ｶｿﾞﾁｭｳﾎﾞｳ,,,,直接部門,,,,,,,,既存,,,,,,,,,001041007004017000000000000000,計上部門
株式会社やさしい手,会計系販売系サブシステム,00002,会計系販売系組織体系,2025/11/1,5 ,課,107030,直営厨房一課,4 ,10609630,2024/1/1,9999/12/31,南烏山厨房,南烏山厨房,ﾐﾅﾐｶﾗｽﾔﾏﾁｭｳﾎﾞｳ,,,,直接部門,,,,,,,,既存,,,,,,,,,001041007004018000000000000000,計上部門
株式会社やさしい手,会計系販売系サブシステム,00002,会計系販売系組織体系,2025/11/1,4 ,部,1070,レストラン事業部,3 ,107040,2024/1/1,9999/12/31,直営厨房二課,直営厨房二課,ﾁｮｸｴｲﾁｭｳﾎﾞｳﾆｶ,,,,その他,,,,,,,,既存,,,,,,,,,001041007005000000000000000000,部門
株式会社やさしい手,会計系販売系サブシステム,00002,会計系販売系組織体系,2025/11/1,5 ,課,107040,直営厨房二課,4 ,10609130,2024/1/1,9999/12/31,松戸八柱厨房,松戸八柱厨房,ﾏﾂﾄﾞﾔﾊﾞｼﾗﾁｭｳﾎﾞｳ,,,,直接部門,,,,,,,,既存,,,,,,,,,001041007005001000000000000000,計上部門
株式会社やさしい手,会計系販売系サブシステム,00002,会計系販売系組織体系,2025/11/1,5 ,課,107040,直営厨房二課,4 ,10609190,2024/1/1,9999/12/31,新柏厨房,新柏厨房,ｼﾝｶｼﾜﾁｭｳﾎﾞｳ,,,,直接部門,,,,,,,,既存,,,,,,,,,001041007005002000000000000000,計上部門
株式会社やさしい手,会計系販売系サブシステム,00002,会計系販売系組織体系,2025/11/1,5 ,課,107040,直営厨房二課,4 ,10609210,2024/1/1,9999/12/31,柳沢厨房,柳沢厨房,ﾔﾅｷﾞｻﾜﾁｭｳﾎﾞｳ,,,,直接部門,,,,,,,,既存,,,,,,,,,001041007005003000000000000000,計上部門
株式会社やさしい手,会計系販売系サブシステム,00002,会計系販売系組織体系,2025/11/1,5 ,課,107040,直営厨房二課,4 ,10609220,2024/1/1,9999/12/31,青葉町厨房,青葉町厨房,ｱｵﾊﾞﾁｮｳﾁｭｳﾎﾞｳ,,,,直接部門,,,,,,,,既存,,,,,,,,,001041007005004000000000000000,計上部門
株式会社やさしい手,会計系販売系サブシステム,00002,会計系販売系組織体系,2025/11/1,5 ,課,107040,直営厨房二課,4 ,10609240,2024/1/1,9999/12/31,新高根厨房,新高根厨房,ｼﾝﾀｶﾈﾁｭｳﾎﾞｳ,,,,直接部門,,,,,,,,既存,,,,,,,,,001041007005005000000000000000,計上部門
株式会社やさしい手,会計系販売系サブシステム,00002,会計系販売系組織体系,2025/11/1,5 ,課,107040,直営厨房二課,4 ,10609250,2024/1/1,9999/12/31,都賀厨房,都賀厨房,ﾂｶﾞﾁｭｳﾎﾞｳ,,,,直接部門,,,,,,,,既存,,,,,,,,,001041007005006000000000000000,計上部門
株式会社やさしい手,会計系販売系サブシステム,00002,会計系販売系組織体系,2025/11/1,5 ,課,107040,直営厨房二課,4 ,10609260,2024/1/1,9999/12/31,浜野厨房,浜野厨房,ﾊﾏﾉﾁｭｳﾎﾞｳ,,,,直接部門,,,,,,,,既存,,,,,,,,,001041007005007000000000000000,計上部門
株式会社やさしい手,会計系販売系サブシステム,00002,会計系販売系組織体系,2025/11/1,5 ,課,107040,直営厨房二課,4 ,10609340,2024/1/1,9999/12/31,市川妙典厨房,市川妙典厨房,ｲﾁｶﾜﾐｮｳﾃﾞﾝﾁｭｳﾎﾞｳ,,,,直接部門,,,,,,,,既存,,,,,,,,,001041007005008000000000000000,計上部門
株式会社やさしい手,会計系販売系サブシステム,00002,会計系販売系組織体系,2025/11/1,5 ,課,107040,直営厨房二課,4 ,10609580,2024/1/1,9999/12/31,柏たなか厨房,柏たなか厨房,ｶｼﾜﾀﾅｶﾁｭｳﾎﾞｳ,,,,直接部門,,,,,,,,既存,,,,,,,,,001041007005009000000000000000,計上部門
株式会社やさしい手,会計系販売系サブシステム,00002,会計系販売系組織体系,2025/11/1,5 ,課,107040,直営厨房二課,4 ,10609610,2024/1/1,9999/12/31,墨田文花厨房,墨田文花厨房,ｽﾐﾀﾞﾌﾞﾝｶﾁｭｳﾎﾞｳ,,,,直接部門,,,,,,,,既存,,,,,,,,,001041007005010000000000000000,計上部門
株式会社やさしい手,会計系販売系サブシステム,00002,会計系販売系組織体系,2025/11/1,4 ,部,1070,レストラン事業部,3 ,107050,2024/1/1,9999/12/31,直営厨房三課,直営厨房三課,ﾁｮｸｴｲﾁｭｳﾎﾞｳｻﾝｶ,,,,その他,,,,,,,,既存,,,,,,,,,001041007006000000000000000000,部門
株式会社やさしい手,会計系販売系サブシステム,00002,会計系販売系組織体系,2025/11/1,5 ,課,107050,直営厨房三課,4 ,10609010,2024/1/1,9999/12/31,てらすチトカラ,てらすチトカラ,ﾃﾗｽﾁﾄｶﾗ,,,,直接部門,,,,,,,,既存,,,,,,,,,001041007006001000000000000000,計上部門
株式会社やさしい手,会計系販売系サブシステム,00002,会計系販売系組織体系,2025/11/1,5 ,課,107050,直営厨房三課,4 ,10609100,2024/1/1,9999/12/31,こもれビレッジひらお,こもれﾋﾞﾚｯｼﾞひらお,ｺﾓﾚﾋﾞﾚｯｼﾞﾋﾗｵ,,,,直接部門,,,,,,,,既存,,,,,,,,,001041007006002000000000000000,計上部門
株式会社やさしい手,会計系販売系サブシステム,00002,会計系販売系組織体系,2025/11/1,5 ,課,107050,直営厨房三課,4 ,10609150,2024/1/1,9999/12/31,楠厨房,楠厨房,ｸｽﾉｷﾁｭｳﾎﾞｳ,,,,直接部門,,,,,,,,既存,,,,,,,,,001041007006003000000000000000,計上部門
株式会社やさしい手,会計系販売系サブシステム,00002,会計系販売系組織体系,2025/11/1,5 ,課,107050,直営厨房三課,4 ,10609160,2024/1/1,9999/12/31,東灘厨房,東灘厨房,ﾋｶﾞｼﾅﾀﾞﾁｭｳﾎﾞｳ,,,,直接部門,,,,,,,,既存,,,,,,,,,001041007006004000000000000000,計上部門
株式会社やさしい手,会計系販売系サブシステム,00002,会計系販売系組織体系,2025/11/1,5 ,課,107050,直営厨房三課,4 ,10609200,2024/1/1,9999/12/31,長野北条厨房,長野北条厨房,ﾅｶﾞﾉｷﾀｼﾞｮｳﾁｭｳﾎﾞｳ,,,,直接部門,,,,,,,,既存,,,,,,,,,001041007006005000000000000000,計上部門
株式会社やさしい手,会計系販売系サブシステム,00002,会計系販売系組織体系,2025/11/1,5 ,課,107050,直営厨房三課,4 ,10609310,2024/1/1,9999/12/31,国府厨房,国府厨房,ｺｸﾌﾁｭｳﾎﾞｳ,,,,直接部門,,,,,,,,既存,,,,,,,,,001041007006006000000000000000,計上部門
株式会社やさしい手,会計系販売系サブシステム,00002,会計系販売系組織体系,2025/11/1,5 ,課,107050,直営厨房三課,4 ,10609320,2024/1/1,9999/12/31,長野高田厨房,長野高田厨房,ﾅｶﾞﾉﾀｶﾀﾁｭｳﾎﾞｳ,,,,直接部門,,,,,,,,既存,,,,,,,,,001041007006007000000000000000,計上部門
株式会社やさしい手,会計系販売系サブシステム,00002,会計系販売系組織体系,2025/11/1,5 ,課,107050,直営厨房三課,4 ,10609330,2024/1/1,9999/12/31,長野栗田厨房,長野栗田厨房,ﾅｶﾞﾉｸﾘﾀﾁｭｳﾎﾞｳ,,,,直接部門,,,,,,,,既存,,,,,,,,,001041007006008000000000000000,計上部門
株式会社やさしい手,会計系販売系サブシステム,00002,会計系販売系組織体系,2025/11/1,5 ,課,107050,直営厨房三課,4 ,10609350,2024/1/1,9999/12/31,姫路土山厨房,姫路土山厨房,ﾋﾒｼﾞﾂﾁﾔﾏﾁｭｳﾎﾞｳ,,,,直接部門,,,,,,,,既存,,,,,,,,,001041007006009000000000000000,計上部門
株式会社やさしい手,会計系販売系サブシステム,00002,会計系販売系組織体系,2025/11/1,5 ,課,107050,直営厨房三課,4 ,10609420,2024/1/1,9999/12/31,上郡厨房,上郡厨房,ｶﾐｺﾞｵﾘﾁｭｳﾎﾞｳ,,,,直接部門,,,,,,,,既存,,,,,,,,,001041007006010000000000000000,計上部門
株式会社やさしい手,会計系販売系サブシステム,00002,会計系販売系組織体系,2025/11/1,5 ,課,107050,直営厨房三課,4 ,10609560,2024/1/1,9999/12/31,宇宿厨房,宇宿厨房,ｳｽｷﾁｭｳﾎﾞｳ,,,,直接部門,,,,,,,,既存,,,,,,,,,001041007006011000000000000000,計上部門
株式会社やさしい手,会計系販売系サブシステム,00002,会計系販売系組織体系,2025/11/1,5 ,課,107050,直営厨房三課,4 ,10609600,2024/1/1,9999/12/31,南生田厨房,南生田厨房,ﾐﾅﾐｲｸﾀﾁｭｳﾎﾞｳ,,,,直接部門,,,,,,,,既存,,,,,,,,,001041007006012000000000000000,計上部門
株式会社やさしい手,会計系販売系サブシステム,00002,会計系販売系組織体系,2025/11/1,5 ,課,107050,直営厨房三課,4 ,10609620,2024/1/1,9999/12/31,中津厨房,中津厨房,ﾅｶﾂﾁｭｳﾎﾞｳ,,,,直接部門,,,,,,,,既存,,,,,,,,,001041007006013000000000000000,計上部門
株式会社やさしい手,会計系販売系サブシステム,00002,会計系販売系組織体系,2025/11/1,5 ,課,107050,直営厨房三課,4 ,10609640,2024/1/1,9999/12/31,柏崎厨房,柏崎厨房,ｶｼﾜｻﾞｷﾁｭｳﾎﾞｳ,,,,直接部門,,,,,,,,既存,,,,,,,,,001041007006014000000000000000,計上部門
株式会社やさしい手,会計系販売系サブシステム,00002,会計系販売系組織体系,2025/11/1,5 ,課,107050,直営厨房三課,4 ,10609650,2024/1/1,9999/12/31,駒生厨房,駒生厨房,ｺﾏﾆｭｳﾁｭｳﾎﾞｳ,,,,直接部門,,,,,,,,既存,,,,,,,,,001041007006015000000000000000,計上部門
株式会社やさしい手,会計系販売系サブシステム,00002,会計系販売系組織体系,2025/11/1,5 ,課,107050,直営厨房三課,4 ,10609660,2024/1/1,9999/12/31,鶴崎厨房,鶴崎厨房,ﾂﾙｻｷﾁｭｳﾎﾞｳ,,,,直接部門,,,,,,,,既存,,,,,,,,,001041007006016000000000000000,計上部門
株式会社やさしい手,会計系販売系サブシステム,00002,会計系販売系組織体系,2025/11/1,5 ,課,107050,直営厨房三課,4 ,10609680,2024/1/1,9999/12/31,加古川尾上厨房,加古川尾上厨房,ｶｺｶﾞﾜｵﾉｴﾁｭｳﾎﾞｳ,,,,直接部門,,,,,,,,既存,,,,,,,,,001041007006017000000000000000,計上部門
株式会社やさしい手,会計系販売系サブシステム,00002,会計系販売系組織体系,2025/11/1,5 ,課,107050,直営厨房三課,4 ,10609690,2024/1/1,9999/12/31,倉田厨房,倉田厨房,ｸﾗﾀﾁｭｳﾎﾞｳ,,,,直接部門,,,,,,,,既存,,,,,,,,,001041007006018000000000000000,計上部門
株式会社やさしい手,会計系販売系サブシステム,00002,会計系販売系組織体系,2025/11/1,5 ,課,107050,直営厨房三課,4 ,10609700,2024/1/1,9999/12/31,長岡厨房,長岡厨房,ﾅｶﾞｵｶﾁｭｳﾎﾞｳ,,,,直接部門,,,,,,,,既存,,,,,,,,,001041007006019000000000000000,計上部門
株式会社やさしい手,会計系販売系サブシステム,00002,会計系販売系組織体系,2025/11/1,5 ,課,107050,直営厨房三課,4 ,10609710,2025/4/1,9999/12/31,盛岡厨房,盛岡厨房,ﾓﾘｵｶﾁｭｳﾎﾞｳ,,,,直接部門,,,,,,,,既存,,,,,,,,,001041007006020000000000000000,計上部門
株式会社やさしい手,会計系販売系サブシステム,00002,会計系販売系組織体系,2025/11/1,2 ,本社／支社,0000000000,全社,1 ,17,2022/7/1,9999/12/31,住環境事業ｻｰﾋﾞｽﾗｲﾝ,住環境事業ｻｰﾋﾞｽﾗｲﾝ,ｼﾞｭｳｶﾝｷｮｳｼﾞｷﾞｮｳｻｰﾋﾞｽﾗｲﾝ,,,,その他,,,,,,,,既存,,,,,,,,,001042000000000000000000000000,部門
株式会社やさしい手,会計系販売系サブシステム,00002,会計系販売系組織体系,2025/11/1,3 ,本　部,17,住環境事業ｻｰﾋﾞｽﾗｲﾝ,2 ,1710,2022/8/1,9999/12/31,東日本住環境統括部,東日本住環境統括部,ﾋｶﾞｼﾆﾎﾝｼﾞｭｳｶﾝｷｮｳﾄｳｶﾂﾌﾞ,,,,その他,,,,,,,,既存,,,,,,,,,001042002000000000000000000000,部門
株式会社やさしい手,会計系販売系サブシステム,00002,会計系販売系組織体系,2025/11/1,4 ,部,1710,東日本住環境統括部,3 ,171010,2022/8/1,9999/12/31,東日本BC統括課,東日本BC統括課,ﾋｶﾞｼﾆﾎﾝﾋﾞｰｼｰﾄｳｶﾂｶ,,,,その他,,,,,,,,既存,,,,,,,,,001042002001000000000000000000,部門
株式会社やさしい手,会計系販売系サブシステム,00002,会計系販売系組織体系,2025/11/1,5 ,課,171010,東日本BC統括課,4 ,17101010,2022/8/1,9999/12/31,茨城グループ,茨城グループ,ｲﾊﾞﾗｷｸﾞﾙｰﾌﾟ,,,,間接部門,,,,,,,,既存,,,,,,,,,001042002001001000000000000000,計上部門
株式会社やさしい手,会計系販売系サブシステム,00002,会計系販売系組織体系,2025/11/1,5 ,課,171010,東日本BC統括課,4 ,17101020,2022/8/1,9999/12/31,長野グループ,長野グループ,ﾅｶﾞﾉｸﾞﾙｰﾌﾟ,,,,間接部門,,,,,,,,既存,,,,,,,,,001042002001002000000000000000,計上部門
株式会社やさしい手,会計系販売系サブシステム,00002,会計系販売系組織体系,2025/11/1,5 ,課,171010,東日本BC統括課,4 ,20252010,2022/8/1,9999/12/31,浦和ｸﾞﾙｰﾌﾟ,浦和G,ｳﾗﾜｸﾞﾙｰﾌﾟ,,,,間接部門,,,,,,,,既存,,,,,,,,,001042002001003000000000000000,計上部門
株式会社やさしい手,会計系販売系サブシステム,00002,会計系販売系組織体系,2025/11/1,5 ,課,171010,東日本BC統括課,4 ,50401020,2022/8/1,9999/12/31,上越ｸﾞﾙｰﾌﾟ,上越G,ｼﾞｮｳｴﾂｸﾞﾙｰﾌﾟ,,,,間接部門,,,,,,,,既存,,,,,,,,,001042002001004000000000000000,計上部門
株式会社やさしい手,会計系販売系サブシステム,00002,会計系販売系組織体系,2025/11/1,5 ,課,171010,東日本BC統括課,4 ,50451050,2022/8/1,9999/12/31,横浜ｸﾞﾙｰﾌﾟ,横浜G,ﾖｺﾊﾏｸﾞﾙｰﾌﾟ,,,,間接部門,,,,,,,,既存,,,,,,,,,001042002001005000000000000000,計上部門
株式会社やさしい手,会計系販売系サブシステム,00002,会計系販売系組織体系,2025/11/1,4 ,部,1710,東日本住環境統括部,3 ,171020,2022/8/1,9999/12/31,東日本住環境統括課,東日本住環境統括課,ﾋｶﾞｼﾆﾎﾝｼﾞｭｳｶﾝｷｮｳﾄｳｶﾂｶ,,,,その他,,,,,,,,既存,,,,,,,,,001042002002000000000000000000,部門
株式会社やさしい手,会計系販売系サブシステム,00002,会計系販売系組織体系,2025/11/1,5 ,課,171020,東日本住環境統括課,4 ,17102010,2022/8/1,9999/12/31,東日本住環境統括,東日本住環境統括,ﾋｶﾞｼﾆﾎﾝｼﾞｭｳｶﾝｷｮｳﾄｳｶﾂ,,,,間接部門,,,,,,,,既存,,,,,,,,,001042002002001000000000000000,計上部門
株式会社やさしい手,会計系販売系サブシステム,00002,会計系販売系組織体系,2025/11/1,4 ,部,1710,東日本住環境統括部,3 ,504510,2022/8/1,9999/12/31,【使用不可】世田谷・神奈川グループ,【不】世田谷神奈川,ｾﾀｶﾞﾔ･ｶﾅｶﾞﾜｸﾞﾙｰﾌﾟ,,,,その他,,,,,,,,既存,,,,,,,,,001042002004000000000000000000,部門
株式会社やさしい手,会計系販売系サブシステム,00002,会計系販売系組織体系,2025/11/1,5 ,課,504510,【不】世田谷神奈川,4 ,20101310,2022/8/1,9999/12/31,【使用不可】渋谷東営業,【不】渋谷東営業,ｼﾌﾞﾔﾋｶﾞｼｴｲｷﾞｮｳ,,,,間接部門,,,,,,,,既存,,,,,,,,,001042002004001000000000000000,計上部門
株式会社やさしい手,会計系販売系サブシステム,00002,会計系販売系組織体系,2025/11/1,5 ,課,504510,【不】世田谷神奈川,4 ,20102010,2022/8/1,9999/12/31,【使用不可】笹塚営業,【不】笹塚営業,ｻｻﾂﾞｶｴｲｷﾞｮｳ,,,,間接部門,,,,,,,,既存,,,,,,,,,001042002004002000000000000000,計上部門
株式会社やさしい手,会計系販売系サブシステム,00002,会計系販売系組織体系,2025/11/1,5 ,課,504510,【不】世田谷神奈川,4 ,20151010,2022/8/1,9999/12/31,【使用不可】三軒茶屋営業,【不】三軒茶屋営業,ｻﾝｹﾞﾝﾁﾞｬﾔｴｲｷﾞｮｳ,,,,間接部門,,,,,,,,既存,,,,,,,,,001042002004003000000000000000,計上部門
株式会社やさしい手,会計系販売系サブシステム,00002,会計系販売系組織体系,2025/11/1,5 ,課,504510,【不】世田谷神奈川,4 ,20153010,2022/8/1,9999/12/31,【使用不可】祖師谷営業,【不】祖師谷営業,ｿｼｶﾞﾔｴｲｷﾞｮｳ,,,,間接部門,,,,,,,,既存,,,,,,,,,001042002004004000000000000000,計上部門
株式会社やさしい手,会計系販売系サブシステム,00002,会計系販売系組織体系,2025/11/1,5 ,課,504510,【不】世田谷神奈川,4 ,20154010,2022/8/1,9999/12/31,【使用不可】下高井戸営業,【不】下高井戸営業,ｼﾓﾀｶｲﾄﾞｴｲｷﾞｮｳ,,,,間接部門,,,,,,,,既存,,,,,,,,,001042002004005000000000000000,計上部門
株式会社やさしい手,会計系販売系サブシステム,00002,会計系販売系組織体系,2025/11/1,5 ,課,504510,【不】世田谷神奈川,4 ,20155010,2022/8/1,9999/12/31,【使用不可】玉川営業,【不】玉川営業,ﾀﾏｶﾞﾜｴｲｷﾞｮｳ,,,,間接部門,,,,,,,,既存,,,,,,,,,001042002004006000000000000000,計上部門
株式会社やさしい手,会計系販売系サブシステム,00002,会計系販売系組織体系,2025/11/1,5 ,課,504510,【不】世田谷神奈川,4 ,20351010,2022/8/1,9999/12/31,【使用不可】あざみ野営業,【不】あざみ野営業,ｱｻﾞﾐﾉｴｲｷﾞｮｳ,,,,間接部門,,,,,,,,既存,,,,,,,,,001042002004007000000000000000,計上部門
株式会社やさしい手,会計系販売系サブシステム,00002,会計系販売系組織体系,2025/11/1,5 ,課,504510,【不】世田谷神奈川,4 ,20351510,2022/8/1,9999/12/31,【使用不可】青葉台営業,【不】青葉台営業,ｱｵﾊﾞﾀﾞｲｴｲｷﾞｮｳ,,,,間接部門,,,,,,,,既存,,,,,,,,,001042002004008000000000000000,計上部門
株式会社やさしい手,会計系販売系サブシステム,00002,会計系販売系組織体系,2025/11/1,5 ,課,504510,【不】世田谷神奈川,4 ,20352010,2022/8/1,9999/12/31,【使用不可】日吉営業,【不】日吉営業,ﾋﾖｼｴｲｷﾞｮｳ,,,,間接部門,,,,,,,,既存,,,,,,,,,001042002004009000000000000000,計上部門
株式会社やさしい手,会計系販売系サブシステム,00002,会計系販売系組織体系,2025/11/1,5 ,課,504510,【不】世田谷神奈川,4 ,20352510,2022/8/1,9999/12/31,【使用不可】菊名営業,【不】菊名営業,ｷｸﾅｴｲｷﾞｮｳ,,,,間接部門,,,,,,,,既存,,,,,,,,,001042002004010000000000000000,計上部門
株式会社やさしい手,会計系販売系サブシステム,00002,会計系販売系組織体系,2025/11/1,5 ,課,504510,【不】世田谷神奈川,4 ,20353010,2022/8/1,9999/12/31,【使用不可】逗子営業,【不】逗子営業,ｽﾞｼｴｲｷﾞｮｳ,,,,間接部門,,,,,,,,既存,,,,,,,,,001042002004011000000000000000,計上部門
株式会社やさしい手,会計系販売系サブシステム,00002,会計系販売系組織体系,2025/11/1,4 ,部,1710,東日本住環境統括部,3 ,505510,2022/8/1,9999/12/31,千葉住環境統括課,千葉住環境統括課,ﾁﾊﾞｼﾞｭｳｶﾝｷｮｳﾄｳｶﾂｶ,,,,その他,,,,,,,,既存,,,,,,,,,001042002006000000000000000000,部門
株式会社やさしい手,会計系販売系サブシステム,00002,会計系販売系組織体系,2025/11/1,5 ,課,505510,千葉住環境統括課,4 ,20202010,2022/8/1,9999/12/31,千葉ｸﾞﾙｰﾌﾟ,千葉G,ﾁﾊﾞｸﾞﾙｰﾌﾟ,,,,間接部門,,,,,,,,既存,,,,,,,,,001042002006001000000000000000,計上部門
株式会社やさしい手,会計系販売系サブシステム,00002,会計系販売系組織体系,2025/11/1,5 ,課,505510,千葉住環境統括課,4 ,50550510,2022/8/1,9999/12/31,千葉住環境統括,千葉住環境統括,ﾁﾊﾞｼﾞｭｳｶﾝｷｮｳﾄｳｶﾂ,,,,間接部門,,,,,,,,既存,,,,,,,,,001042002006002000000000000000,計上部門
株式会社やさしい手,会計系販売系サブシステム,00002,会計系販売系組織体系,2025/11/1,4 ,部,1710,東日本住環境統括部,3 ,507010,2022/8/1,9999/12/31,青森住環境統括課,青森住環境統括課,ｱｵﾓﾘｼﾞｭｳｶﾝｷｮｳﾄｳｶﾂｶ,,,,その他,,,,,,,,既存,,,,,,,,,001042002007000000000000000000,部門
株式会社やさしい手,会計系販売系サブシステム,00002,会計系販売系組織体系,2025/11/1,5 ,課,507010,青森住環境統括課,4 ,50701020,2022/8/1,9999/12/31,青森グループ,青森グループ,ｱｵﾓﾘｸﾞﾙｰﾌﾟ,,,,間接部門,,,,,,,,既存,,,,,,,,,001042002007001000000000000000,計上部門
株式会社やさしい手,会計系販売系サブシステム,00002,会計系販売系組織体系,2025/11/1,5 ,課,507010,青森住環境統括課,4 ,50701030,2022/8/1,9999/12/31,青森住環境統括,青森住環境統括,ｱｵﾓﾘｼﾞｭｳｶﾝｷｮｳﾄｳｶﾂｶ,,,,間接部門,,,,,,,,既存,,,,,,,,,001042002007002000000000000000,計上部門
株式会社やさしい手,会計系販売系サブシステム,00002,会計系販売系組織体系,2025/11/1,4 ,部,1710,東日本住環境統括部,3 ,505010,2022/8/1,9999/12/31,東住環境統括課,東住環境統括課,ﾋｶﾞｼｼﾞｭｳｶﾝｷｮｳﾄｳｶﾂｶ,,,,その他,,,,,,,,既存,,,,,,,,,001042002008000000000000000000,部門
株式会社やさしい手,会計系販売系サブシステム,00002,会計系販売系組織体系,2025/11/1,5 ,課,505010,東住環境統括課,4 ,20201010,2022/8/1,9999/12/31,葛飾ｸﾞﾙｰﾌﾟ,葛飾G,ｶﾂｼｶｸﾞﾙｰﾌﾟ,,,,間接部門,,,,,,,,既存,,,,,,,,,001042002008001000000000000000,計上部門
株式会社やさしい手,会計系販売系サブシステム,00002,会計系販売系組織体系,2025/11/1,5 ,課,505010,東住環境統括課,4 ,20203010,2022/8/1,9999/12/31,【使用不可】新小岩営業,【不】新小岩営業,ｼﾝｺｲﾜｴｲｷﾞｮｳ,,,,間接部門,,,,,,,,既存,,,,,,,,,001042002008002000000000000000,計上部門
株式会社やさしい手,会計系販売系サブシステム,00002,会計系販売系組織体系,2025/11/1,5 ,課,505010,東住環境統括課,4 ,20204010,2022/8/1,9999/12/31,【使用不可】旧日暮里営業,【不】旧日暮里営業,ｷｭｳﾆｯﾎﾟﾘｴｲｷﾞｮｳ,,,,間接部門,,,,,,,,既存,,,,,,,,,001042002008003000000000000000,計上部門
株式会社やさしい手,会計系販売系サブシステム,00002,会計系販売系組織体系,2025/11/1,5 ,課,505010,東住環境統括課,4 ,20251010,2022/8/1,9999/12/31,【使用不可】赤羽営業,【不】赤羽営業,ｱｶﾊﾞﾈｴｲｷﾞｮｳ,,,,間接部門,,,,,,,,既存,,,,,,,,,001042002008004000000000000000,計上部門
株式会社やさしい手,会計系販売系サブシステム,00002,会計系販売系組織体系,2025/11/1,5 ,課,505010,東住環境統括課,4 ,20251310,2022/8/1,9999/12/31,【使用不可】志村営業,【不】志村営業,ｼﾑﾗｴｲｷﾞｮｳ,,,,間接部門,,,,,,,,既存,,,,,,,,,001042002008005000000000000000,計上部門
株式会社やさしい手,会計系販売系サブシステム,00002,会計系販売系組織体系,2025/11/1,5 ,課,505010,東住環境統括課,4 ,20251510,2022/8/1,9999/12/31,【使用不可】王子営業,【不】王子営業,ｵｳｼﾞｴｲｷﾞｮｳ,,,,間接部門,,,,,,,,既存,,,,,,,,,001042002008006000000000000000,計上部門
株式会社やさしい手,会計系販売系サブシステム,00002,会計系販売系組織体系,2025/11/1,5 ,課,505010,東住環境統括課,4 ,20251710,2022/8/1,9999/12/31,【使用不可】巣鴨営業,【不】巣鴨営業,ｽｶﾞﾓｴｲｷﾞｮｳ,,,,間接部門,,,,,,,,既存,,,,,,,,,001042002008007000000000000000,計上部門
株式会社やさしい手,会計系販売系サブシステム,00002,会計系販売系組織体系,2025/11/1,5 ,課,505010,東住環境統括課,4 ,20253010,2022/8/1,9999/12/31,【使用不可】大宮営業,【不】大宮営業,ｵｵﾐﾔｴｲｷﾞｮｳ,,,,間接部門,,,,,,,,既存,,,,,,,,,001042002008008000000000000000,計上部門
株式会社やさしい手,会計系販売系サブシステム,00002,会計系販売系組織体系,2025/11/1,5 ,課,505010,東住環境統括課,4 ,50500510,2022/8/1,9999/12/31,東住環境統括,東住環境統括,ﾋｶﾞｼｼﾞｭｳｶﾝﾄｳｶﾂ,,,,間接部門,,,,03-5831-6901,03-5831-6902,,,既存,,,,,,,,,001042002008009000000000000000,計上部門
株式会社やさしい手,会計系販売系サブシステム,00002,会計系販売系組織体系,2025/11/1,5 ,課,505010,東住環境統括課,4 ,50501010,2022/8/1,9999/12/31,【使用不可】日暮里営業,【不】日暮里営業,ﾆｯﾎﾟﾘｴｲｷﾞｮｳ,,,,間接部門,,,,,,,,既存,,,,,,,,,001042002008010000000000000000,計上部門
株式会社やさしい手,会計系販売系サブシステム,00002,会計系販売系組織体系,2025/11/1,5 ,課,505010,東住環境統括課,4 ,50501020,2022/8/1,9999/12/31,足立ｸﾞﾙｰﾌﾟ,足立ｸﾞﾙｰﾌﾟ,ｱﾀﾞﾁｸﾞﾙｰﾌﾟ,,,,間接部門,,,,,,,,既存,,,,,,,,,001042002008011000000000000000,計上部門
株式会社やさしい手,会計系販売系サブシステム,00002,会計系販売系組織体系,2025/11/1,4 ,部,1710,東日本住環境統括部,3 ,504010,2022/8/1,9999/12/31,本部住環境統括課,本部住環境統括課,ﾎﾝﾌﾞｼﾞｭｳｶﾝｷｮｳﾄｳｶﾂｶ,,,,その他,,,,,,,,既存,,,,,,,,,001042002009000000000000000000,部門
株式会社やさしい手,会計系販売系サブシステム,00002,会計系販売系組織体系,2025/11/1,5 ,課,504010,本部住環境統括課,4 ,20101010,2022/8/1,9999/12/31,【使用不可】池尻大橋営業,【不】池尻大橋営業,ｲｹｼﾞﾘｵｵﾊｼｴｲｷﾞｮｳ,,,,間接部門,,,,,,,,既存,,,,,,,,,001042002009001000000000000000,計上部門
株式会社やさしい手,会計系販売系サブシステム,00002,会計系販売系組織体系,2025/11/1,5 ,課,504010,本部住環境統括課,4 ,20101610,2022/8/1,9999/12/31,【使用不可】学芸大学営業,【不】学芸大学営業,ｶﾞｸｹﾞｲﾀﾞｲｶﾞｸｴｲｷﾞｮｳ,,,,間接部門,,,,,,,,既存,,,,,,,,,001042002009002000000000000000,計上部門
株式会社やさしい手,会計系販売系サブシステム,00002,会計系販売系組織体系,2025/11/1,5 ,課,504010,本部住環境統括課,4 ,20103010,2022/8/1,9999/12/31,【使用不可】大田営業,【不】大田営業,ｵｵﾀｴｲｷﾞｮｳ,,,,間接部門,,,,,,,,既存,,,,,,,,,001042002009003000000000000000,計上部門
株式会社やさしい手,会計系販売系サブシステム,00002,会計系販売系組織体系,2025/11/1,5 ,課,504010,本部住環境統括課,4 ,20104010,2022/8/1,9999/12/31,【使用不可】自由が丘営業,【不】自由が丘営業,ｼﾞﾕｳｶﾞｵｶｴｲｷﾞｮｳ,,,,間接部門,,,,,,,,既存,,,,,,,,,001042002009004000000000000000,計上部門
株式会社やさしい手,会計系販売系サブシステム,00002,会計系販売系組織体系,2025/11/1,5 ,課,504010,本部住環境統括課,4 ,50351010,2022/8/1,9999/12/31,本部住環境統括,本部住環境統括,ﾎﾝﾌﾞｼﾞｭｳｶﾝｷｮｳﾄｳｶﾂ,,,,間接部門,,,,03-5725-9633,03-5725-9631,,,既存,,,,,,,,,001042002009005000000000000000,計上部門
株式会社やさしい手,会計系販売系サブシステム,00002,会計系販売系組織体系,2025/11/1,5 ,課,504010,本部住環境統括課,4 ,50401010,2022/8/1,9999/12/31,目黒ｸﾞﾙｰﾌﾟ,目黒ｸﾞﾙｰﾌﾟ,ﾒｸﾞﾛｸﾞﾙｰﾌﾟ,,,,間接部門,,,,,,,,既存,,,,,,,,,001042002009006000000000000000,計上部門
株式会社やさしい手,会計系販売系サブシステム,00002,会計系販売系組織体系,2025/11/1,5 ,課,504010,本部住環境統括課,4 ,50401015,2022/8/1,9999/12/31,大田ｸﾞﾙｰﾌﾟ,大田ｸﾞﾙｰﾌﾟ,ｵｵﾀｸﾞﾙｰﾌﾟ,,,,間接部門,,,,,,,,既存,,,,,,,,,001042002009007000000000000000,計上部門
株式会社やさしい手,会計系販売系サブシステム,00002,会計系販売系組織体系,2025/11/1,5 ,課,504010,本部住環境統括課,4 ,50451010,2022/8/1,9999/12/31,世田谷ｸﾞﾙｰﾌﾟ,世田谷ｸﾞﾙｰﾌﾟ,ｾﾀｶﾞﾔｸﾞﾙｰﾌﾟ,,,,間接部門,,,,,,,,既存,,,,,,,,,001042002009008000000000000000,計上部門
株式会社やさしい手,会計系販売系サブシステム,00002,会計系販売系組織体系,2025/11/1,5 ,課,504010,本部住環境統括課,4 ,50451015,2022/8/1,9999/12/31,世田谷B,世田谷B,ｾﾀｶﾞﾔﾋﾞｰ,,,,間接部門,,,,,,,,既存,,,,,,,,,001042002009009000000000000000,計上部門
株式会社やさしい手,会計系販売系サブシステム,00002,会計系販売系組織体系,2025/11/1,3 ,本　部,17,住環境事業ｻｰﾋﾞｽﾗｲﾝ,2 ,1720,2022/8/1,9999/12/31,西日本住環境統括部,西日本住環境統括部,ﾆｼﾆﾎﾝｼﾞｭｳｶﾝｷｮｳﾄｳｶﾂﾌﾞ,,,,その他,,,,,,,,既存,,,,,,,,,001042003000000000000000000000,部門
株式会社やさしい手,会計系販売系サブシステム,00002,会計系販売系組織体系,2025/11/1,4 ,部,1720,西日本住環境統括部,3 ,172010,2022/8/1,9999/12/31,西日本BC統括課,西日本BC統括課,ﾆｼﾆﾎﾝﾋﾞｰｼｰﾄｳｶﾂｶ,,,,その他,,,,,,,,既存,,,,,,,,,001042003001000000000000000000,部門
株式会社やさしい手,会計系販売系サブシステム,00002,会計系販売系組織体系,2025/11/1,5 ,課,172010,西日本BC統括課,4 ,17201010,2022/8/1,9999/12/31,名古屋グループ,名古屋グループ,ﾅｺﾞﾔｸﾞﾙｰﾌﾟ,,,,間接部門,,,,,,,,既存,,,,,,,,,001042003001001000000000000000,計上部門
株式会社やさしい手,会計系販売系サブシステム,00002,会計系販売系組織体系,2025/11/1,5 ,課,172010,西日本BC統括課,4 ,17201020,2022/8/1,9999/12/31,広島グループ,広島グループ,ﾋﾛｼﾏｸﾞﾙｰﾌﾟ,,,,間接部門,,,,,,,,既存,,,,,,,,,001042003001002000000000000000,計上部門
株式会社やさしい手,会計系販売系サブシステム,00002,会計系販売系組織体系,2025/11/1,5 ,課,172010,西日本BC統括課,4 ,50801030,2022/8/1,9999/12/31,大阪グループ,大阪グループ,ｵｵｻｶｸﾞﾙｰﾌﾟ,,,,間接部門,,,,,,,,既存,,,,,,,,,001042003001003000000000000000,計上部門
株式会社やさしい手,会計系販売系サブシステム,00002,会計系販売系組織体系,2025/11/1,4 ,部,1720,西日本住環境統括部,3 ,172020,2022/8/1,9999/12/31,西日本住環境統括課,西日本住環境統括課,ﾆｼﾆﾎﾝｼﾞｭｳｶﾝｷｮｳﾄｳｶﾂｶ,,,,その他,,,,,,,,既存,,,,,,,,,001042003002000000000000000000,部門
株式会社やさしい手,会計系販売系サブシステム,00002,会計系販売系組織体系,2025/11/1,5 ,課,172020,西日本住環境統括課,4 ,17202010,2022/8/1,9999/12/31,西日本住環境統括,西日本住環境統括,ﾆｼﾆﾎﾝｼﾞｭｳｶﾝｷｮｳﾄｳｶﾂ,,,,間接部門,,,,,,,,既存,,,,,,,,,001042003002001000000000000000,計上部門
株式会社やさしい手,会計系販売系サブシステム,00002,会計系販売系組織体系,2025/11/1,4 ,部,1720,西日本住環境統括部,3 ,506010,2022/8/1,9999/12/31,武蔵野住環境統括課,武蔵野住環境統括課,ﾑｻｼﾉｼﾞｭｳｶﾝｷｮｳﾄｳｶﾂｶ,,,,その他,,,,,,,,既存,,,,,,,,,001042003003000000000000000000,部門
株式会社やさしい手,会計系販売系サブシステム,00002,会計系販売系組織体系,2025/11/1,5 ,課,506010,武蔵野住環境統括課,4 ,20301010,2022/8/1,9999/12/31,【使用不可】中野北口営業,【不】中野北口営業,ﾅｶﾉｷﾀｸﾞﾁｴｲｷﾞｮｳ,,,,間接部門,,,,,,,,既存,,,,,,,,,001042003003001000000000000000,計上部門
株式会社やさしい手,会計系販売系サブシステム,00002,会計系販売系組織体系,2025/11/1,5 ,課,506010,武蔵野住環境統括課,4 ,20301510,2022/8/1,9999/12/31,【使用不可】中野南口営業,【不】中野南口営業,ﾅｶﾉﾐﾅﾐｸﾞﾁｴｲｷﾞｮｳ,,,,間接部門,,,,,,,,既存,,,,,,,,,001042003003002000000000000000,計上部門
株式会社やさしい手,会計系販売系サブシステム,00002,会計系販売系組織体系,2025/11/1,5 ,課,506010,武蔵野住環境統括課,4 ,20302010,2022/8/1,9999/12/31,【使用不可】荻窪営業,【不】荻窪営業,ｵｷﾞｸﾎﾞｴｲｷﾞｮｳ,,,,間接部門,,,,,,,,既存,,,,,,,,,001042003003003000000000000000,計上部門
株式会社やさしい手,会計系販売系サブシステム,00002,会計系販売系組織体系,2025/11/1,5 ,課,506010,武蔵野住環境統括課,4 ,20303010,2022/8/1,9999/12/31,【使用不可】新宿営業,【不】新宿営業,ｼﾝｼﾞｭｸｴｲｷﾞｮｳ,,,,間接部門,,,,,,,,既存,,,,,,,,,001042003003004000000000000000,計上部門
株式会社やさしい手,会計系販売系サブシステム,00002,会計系販売系組織体系,2025/11/1,5 ,課,506010,武蔵野住環境統括課,4 ,20304010,2022/8/1,9999/12/31,【使用不可】西新宿営業,【不】西新宿営業,ﾆｼｼﾝｼﾞｭｸｴｲｷﾞｮｳ,,,,間接部門,,,,,,,,既存,,,,,,,,,001042003003005000000000000000,計上部門
株式会社やさしい手,会計系販売系サブシステム,00002,会計系販売系組織体系,2025/11/1,5 ,課,506010,武蔵野住環境統括課,4 ,20305010,2022/8/1,9999/12/31,【使用不可】石神井公園営業,【不】石神井公園営業,ｼｬｸｼﾞｲｺｳｴﾝｴｲｷﾞｮｳ,,,,間接部門,,,,,,,,既存,,,,,,,,,001042003003006000000000000000,計上部門
株式会社やさしい手,会計系販売系サブシステム,00002,会計系販売系組織体系,2025/11/1,5 ,課,506010,武蔵野住環境統括課,4 ,20306010,2022/8/1,9999/12/31,練馬ｸﾞﾙｰﾌﾟ,練馬G,ﾈﾘﾏｸﾞﾙｰﾌﾟ,,,,間接部門,,,,,,,,既存,,,,,,,,,001042003003007000000000000000,計上部門
株式会社やさしい手,会計系販売系サブシステム,00002,会計系販売系組織体系,2025/11/1,5 ,課,506010,武蔵野住環境統括課,4 ,20401010,2022/8/1,9999/12/31,【使用不可】三鷹営業,【不】三鷹営業,ﾐﾀｶｴｲｷﾞｮｳ,,,,間接部門,,,,,,,,既存,,,,,,,,,001042003003008000000000000000,計上部門
株式会社やさしい手,会計系販売系サブシステム,00002,会計系販売系組織体系,2025/11/1,5 ,課,506010,武蔵野住環境統括課,4 ,20402010,2022/8/1,9999/12/31,【使用不可】旧吉祥寺営業,【不】旧吉祥寺営業,ｷｭｳｷﾁｼﾞｮｳｼﾞｴｲｷﾞｮｳ,,,,間接部門,,,,,,,,既存,,,,,,,,,001042003003009000000000000000,計上部門
株式会社やさしい手,会計系販売系サブシステム,00002,会計系販売系組織体系,2025/11/1,5 ,課,506010,武蔵野住環境統括課,4 ,20402510,2022/8/1,9999/12/31,【使用不可】武蔵境営業,【不】武蔵境営業,ﾑｻｼｻｶｲｴｲｷﾞｮｳ,,,,間接部門,,,,,,,,既存,,,,,,,,,001042003003010000000000000000,計上部門
株式会社やさしい手,会計系販売系サブシステム,00002,会計系販売系組織体系,2025/11/1,5 ,課,506010,武蔵野住環境統括課,4 ,20403010,2022/8/1,9999/12/31,【使用不可】日野営業,【不】日野営業,ﾋﾉｴｲｷﾞｮｳ,,,,間接部門,,,,,,,,既存,,,,,,,,,001042003003011000000000000000,計上部門
株式会社やさしい手,会計系販売系サブシステム,00002,会計系販売系組織体系,2025/11/1,5 ,課,506010,武蔵野住環境統括課,4 ,20404010,2022/8/1,9999/12/31,【使用不可】小平営業,【不】小平営業,ｺﾀﾞｲﾗｴｲｷﾞｮｳ,,,,間接部門,,,,,,,,既存,,,,,,,,,001042003003012000000000000000,計上部門
株式会社やさしい手,会計系販売系サブシステム,00002,会計系販売系組織体系,2025/11/1,5 ,課,506010,武蔵野住環境統括課,4 ,50600510,2022/8/1,9999/12/31,武蔵野住環境統括,武蔵野住環境統括,ﾑｻｼﾉｼﾞｭｳｶﾝｷｮｳﾄｳｶﾂｶ,,,,間接部門,,,,0422-60-2683,0422-60-2684,,,既存,,,,,,,,,001042003003013000000000000000,計上部門
株式会社やさしい手,会計系販売系サブシステム,00002,会計系販売系組織体系,2025/11/1,5 ,課,506010,武蔵野住環境統括課,4 ,50601010,2022/8/1,9999/12/31,吉祥寺ｸﾞﾙｰﾌﾟ,吉祥寺G,ｷﾁｼﾞｮｳｼﾞｸﾞﾙｰﾌﾟ,,,,間接部門,,,,,,,,既存,,,,,,,,,001042003003014000000000000000,計上部門
株式会社やさしい手,会計系販売系サブシステム,00002,会計系販売系組織体系,2025/11/1,5 ,課,506010,武蔵野住環境統括課,4 ,50602020,2022/8/1,9999/12/31,杉並ｸﾞﾙｰﾌﾟ,杉並ｸﾞﾙｰﾌﾟ,ｽｷﾞﾅﾐｸﾞﾙｰﾌﾟ,,,,間接部門,,,,,,,,既存,,,,,,,,,001042003003015000000000000000,計上部門
株式会社やさしい手,会計系販売系サブシステム,00002,会計系販売系組織体系,2025/11/1,4 ,部,1720,西日本住環境統括部,3 ,507510,2022/8/1,9999/12/31,鹿児島住環境統括課,鹿児島住環境統括課,ｶｺﾞｼﾏｼｼﾞｭｳｶﾝｷｮｳﾄｳｶﾂｶ,,,,その他,,,,,,,,既存,,,,,,,,,001042003004000000000000000000,部門
株式会社やさしい手,会計系販売系サブシステム,00002,会計系販売系組織体系,2025/11/1,5 ,課,507510,鹿児島住環境統括課,4 ,50751010,2022/8/1,9999/12/31,鹿児島グループ,鹿児島グループ,ｶｺﾞｼﾏｸﾞﾙｰﾌﾟ,,,,間接部門,,,,,,,,既存,,,,,,,,,001042003004001000000000000000,計上部門
株式会社やさしい手,会計系販売系サブシステム,00002,会計系販売系組織体系,2025/11/1,5 ,課,507510,鹿児島住環境統括課,4 ,50751020,2022/8/1,9999/12/31,鹿児島住環境統括,鹿児島住環境統括,ｶｺﾞｼﾏｼﾞｭｳｶﾝｷｮｳﾄｳｶﾂ,,,,間接部門,,,,,,,,既存,,,,,,,,,001042003004002000000000000000,計上部門
株式会社やさしい手,会計系販売系サブシステム,00002,会計系販売系組織体系,2025/11/1,4 ,部,1720,西日本住環境統括部,3 ,508010,2022/8/1,9999/12/31,神戸住環境統括課,神戸住環境統括課,ｺｳﾍﾞｼﾞｭｳｶﾝｷｮｳﾄｳｶﾂｶ,,,,その他,,,,,,,,既存,,,,,,,,,001042003005000000000000000000,部門
株式会社やさしい手,会計系販売系サブシステム,00002,会計系販売系組織体系,2025/11/1,5 ,課,508010,神戸住環境統括課,4 ,50801010,2022/8/1,9999/12/31,神戸グループ,神戸グループ,ｺｳﾍﾞｸﾞﾙｰﾌﾟ,,,,間接部門,,,,,,,,既存,,,,,,,,,001042003005001000000000000000,計上部門
株式会社やさしい手,会計系販売系サブシステム,00002,会計系販売系組織体系,2025/11/1,5 ,課,508010,神戸住環境統括課,4 ,50801020,2022/8/1,9999/12/31,神戸住環境統括,神戸住環境統括,ｺｳﾍﾞｼﾞｭｳｶﾝﾄｳｶﾂ,,,,間接部門,,,,,,,,既存,,,,,,,,,001042003005002000000000000000,計上部門
株式会社やさしい手,会計系販売系サブシステム,00002,会計系販売系組織体系,2025/11/1,3 ,本　部,17,住環境事業ｻｰﾋﾞｽﾗｲﾝ,2 ,1730,2022/8/1,9999/12/31,住環境統括部,住環境統括部,ｼﾞｭｳｶﾝｷｮｳﾄｳｶﾂﾌﾞ,,,,その他,,,,,,,,既存,,,,,,,,,001042004000000000000000000000,部門
株式会社やさしい手,会計系販売系サブシステム,00002,会計系販売系組織体系,2025/11/1,4 ,部,1730,住環境統括部,3 ,502510,2022/8/1,9999/12/31,EC・IoT課,EC・IoT課,ｲｰｼｰｱｲｵｳﾃｨｶ,,,,その他,,,,,,,,既存,,,,,,,,,001042004001000000000000000000,部門
株式会社やさしい手,会計系販売系サブシステム,00002,会計系販売系組織体系,2025/11/1,5 ,課,502510,EC・IoT課,4 ,20021010,2022/8/1,9999/12/31,WEBプロモーショングループ,WEBﾌﾟﾛﾓｰｼｮﾝG,ｳｪﾌﾞﾌﾟﾛﾓｰｼｮﾝｸﾞﾙｰﾌﾟ,,,,間接部門,,,,,,,,既存,,,,,,,,,001042004001001000000000000000,計上部門
株式会社やさしい手,会計系販売系サブシステム,00002,会計系販売系組織体系,2025/11/1,5 ,課,502510,EC・IoT課,4 ,50251020,2022/8/1,9999/12/31,開発グループ,開発グループ,ｶｲﾊﾂｸﾞﾙｰﾌﾟ,,,,間接部門,,,,,,,,既存,,,,,,,,,001042004001002000000000000000,計上部門
株式会社やさしい手,会計系販売系サブシステム,00002,会計系販売系組織体系,2025/11/1,4 ,部,1730,住環境統括部,3 ,502520,2022/8/1,9999/12/31,住環境統括課,住環境統括課,ｼﾞｭｳｶﾝｷｮｳﾄｳｶﾂｶ,,,,その他,,,,,,,,既存,,,,,,,,,001042004002000000000000000000,部門
株式会社やさしい手,会計系販売系サブシステム,00002,会計系販売系組織体系,2025/11/1,5 ,課,502520,住環境統括課,4 ,50252010,2022/8/1,9999/12/31,住環境統括課,住環境統括課,ｼﾞｭｳｶﾝｷｮｳﾄｳｶﾂｶ,,,,間接部門,,,,,,,,既存,,,,,,,,,001042004002001000000000000000,計上部門
株式会社やさしい手,会計系販売系サブシステム,00002,会計系販売系組織体系,2025/11/1,4 ,部,1730,住環境統括部,3 ,506510,2022/8/1,9999/12/31,小山住環境統括課,小山住環境統括課,ｵﾔﾏｼﾞｭｳｶﾝｷｮｳﾄｳｶﾂｶ,,,,その他,,,,,,,,既存,,,,,,,,,001042004003000000000000000000,部門
株式会社やさしい手,会計系販売系サブシステム,00002,会計系販売系組織体系,2025/11/1,5 ,課,506510,小山住環境統括課,4 ,50651010,2022/8/1,9999/12/31,小山グループ,小山G,ｵﾔﾏｸﾞﾙｰﾌﾟ,,,,間接部門,,,,,,,,既存,,,,,,,,,001042004003001000000000000000,計上部門
株式会社やさしい手,会計系販売系サブシステム,00002,会計系販売系組織体系,2025/11/1,5 ,課,506510,小山住環境統括課,4 ,50651020,2022/8/1,9999/12/31,小山住環境統括,小山住環境統括,ｵﾔﾏｼﾞｭｳｶﾝﾄｳｶﾂ,,,,間接部門,,,,,,,,既存,,,,,,,,,001042004003002000000000000000,計上部門
株式会社やさしい手,会計系販売系サブシステム,00002,会計系販売系組織体系,2025/11/1,4 ,部,1730,住環境統括部,3 ,509010,2022/8/1,9999/12/31,【使用不可】住宅改修課,【不】住宅改修課,ｼﾞｭｳﾀｸｶｲｼｭｳｶ,,,,その他,,,,03-5725-9633,03-5725-9631,,,既存,,,,,,,,,001042004004000000000000000000,部門
株式会社やさしい手,会計系販売系サブシステム,00002,会計系販売系組織体系,2025/11/1,5 ,課,509010,【不】住宅改修課,4 ,20152010,2022/8/1,9999/12/31,【使用不可】本社営業,【不】本社営業,ﾎﾝｼｬｴｲｷﾞｮｳ,,,,間接部門,,,,,,,,既存,,,,,,,,,001042004004001000000000000000,計上部門
株式会社やさしい手,会計系販売系サブシステム,00002,会計系販売系組織体系,2025/11/1,5 ,課,509010,【不】住宅改修課,4 ,20201510,2022/8/1,9999/12/31,【使用不可】日暮里営業（住改）,【不】日暮里営(住改),ﾆｯﾎﾟﾘｴｲｷﾞｮｳ(ｼﾞｭｳｶｲ),,,,間接部門,,,,,,,,既存,,,,,,,,,001042004004002000000000000000,計上部門
株式会社やさしい手,会計系販売系サブシステム,00002,会計系販売系組織体系,2025/11/1,5 ,課,509010,【不】住宅改修課,4 ,50607010,2022/8/1,9999/12/31,【使用不可】吉祥寺営業（住改）,【不】吉祥寺営(住改),ｷﾁｼﾞｮｳｼﾞｴｲｷﾞｮｳ(ｼﾞｭｳ),,,,間接部門,,,,,,,,既存,,,,,,,,,001042004004003000000000000000,計上部門
株式会社やさしい手,会計系販売系サブシステム,00002,会計系販売系組織体系,2025/11/1,5 ,課,509010,【不】住宅改修課,4 ,50901010,2022/8/1,9999/12/31,【使用不可】住宅改修統括ｸﾞﾙｰﾌﾟ,【不】住宅改修ｸﾞﾙｰﾌﾟ,ｼﾞｭｳﾀｸｶｲｼｭｳﾄｳｶﾂｸﾞﾙｰﾌﾟ,,,,間接部門,,,,03-5725-9633,03-5725-9631,,,既存,,,,,,,,,001042004004004000000000000000,計上部門
株式会社やさしい手,会計系販売系サブシステム,00002,会計系販売系組織体系,2025/11/1,5 ,課,509010,【不】住宅改修課,4 ,50902010,2022/8/1,9999/12/31,【使用不可】住宅改修ｸﾞﾙｰﾌﾟ,【不】住宅改修ｸﾞﾙｰﾌﾟ,ｼﾞｭｳﾀｸｶｲｼｭｳｸﾞﾙｰﾌﾟ,,,,間接部門,,,,03-5725-9633,03-5725-9631,,,既存,,,,,,,,,001042004004005000000000000000,計上部門
株式会社やさしい手,会計系販売系サブシステム,00002,会計系販売系組織体系,2025/11/1,2 ,本社／支社,0000000000,全社,1 ,71,2022/7/1,9999/12/31,【使用不可】世田谷西支部,【不】世田谷西支部,ｾﾀｶﾞﾔﾆｼｼﾌﾞ,,,,その他,,,,,,,,既存,,,,,,,,,001043000000000000000000000000,部門
株式会社やさしい手,会計系販売系サブシステム,00002,会計系販売系組織体系,2025/11/1,3 ,本　部,71,【不】世田谷西支部,2 ,7110,2022/7/1,9999/12/31,【使用不可】世田谷西支部統括部,【不】世田谷西統括,ｾﾀｶﾞﾔﾆｼｼﾌﾞﾄｳｶﾂﾌﾞ,,,,その他,,,,,,,,既存,,,,,,,,,001043001000000000000000000000,部門
株式会社やさしい手,会計系販売系サブシステム,00002,会計系販売系組織体系,2025/11/1,4 ,部,7110,【不】世田谷西統括,3 ,711010,2022/7/1,9999/12/31,【使用不可】世田谷西支部統括課,【不】世田谷西統括,ｾﾀｶﾞﾔﾆｼｼﾌﾞﾄｳｶﾂｶ,,,,その他,,,,,,,,既存,,,,,,,,,001043001001000000000000000000,部門
株式会社やさしい手,会計系販売系サブシステム,00002,会計系販売系組織体系,2025/11/1,5 ,課,711010,【不】世田谷西統括,4 ,70101020,2022/7/1,9999/12/31,【使用不可】世田谷西支部統括課,【不】世田谷西統括,ｾﾀｶﾞﾔﾆｼｼﾌﾞﾄｳｶﾂｶ,,,,間接部門,,,,,,,,既存,,,,,,,,,001043001001001000000000000000,計上部門
株式会社やさしい手,会計系販売系サブシステム,00002,会計系販売系組織体系,2025/11/1,3 ,本　部,71,【不】世田谷西支部,2 ,7130,2022/7/1,9999/12/31,【使用不可】世田谷西支部訪問高住事業部,【不】世田谷西訪高,ｾﾀｶﾞﾔﾆｼｼﾌﾞﾎｳﾓﾝｺｳｼﾞｭｳ,,,,その他,,,,,,,,既存,,,,,,,,,001043003000000000000000000000,部門
株式会社やさしい手,会計系販売系サブシステム,00002,会計系販売系組織体系,2025/11/1,4 ,部,7130,【不】世田谷西訪高,3 ,704020,2022/7/1,9999/12/31,【使用不可】南烏山訪問高住拠点,【不】南烏山訪問高住,ﾐﾅﾐｶﾗｽﾔﾏｼﾞｷﾞｮｼｮ,,,,その他,,,,,,,,既存,,,,,,,,,001043003002000000000000000000,部門
株式会社やさしい手,会計系販売系サブシステム,00002,会計系販売系組織体系,2025/11/1,5 ,課,704020,【不】南烏山訪問高住,4 ,70402010,2022/7/1,9999/12/31,【使用不可】南烏山訪問介護部門,【不】南烏山訪問介護,ﾐﾅﾐｶﾗｽﾔﾏﾎｳﾓﾝｶｲｺﾞﾌﾞﾓﾝ,,,,直接部門,,,,,,,,既存,,,,,,,,,001043003002001000000000000000,計上部門
株式会社やさしい手,会計系販売系サブシステム,00002,会計系販売系組織体系,2025/11/1,5 ,課,704020,【不】南烏山訪問高住,4 ,70402020,2022/7/1,9999/12/31,【使用不可】南烏山住宅役務部門,【不】南烏山住宅役務,ﾐﾅﾐｶﾗｽﾔﾏｼﾞｭｳﾀｸｴｷﾑﾌﾞﾓﾝ,,,,直接部門,,,,,,,,既存,,,,,,,,,001043003002002000000000000000,計上部門
株式会社やさしい手,会計系販売系サブシステム,00002,会計系販売系組織体系,2025/11/1,3 ,本　部,71,【不】世田谷西支部,2 ,7150,2022/7/1,9999/12/31,【使用不可】世田谷西支部看護事業部,【不】世田谷西看護,ｾﾀｶﾞﾔﾆｼｶﾝｺﾞｼﾞｷﾞｮｳﾌﾞ,,,,その他,,,,,,,,既存,,,,,,,,,001043005000000000000000000000,部門
株式会社やさしい手,会計系販売系サブシステム,00002,会計系販売系組織体系,2025/11/1,4 ,部,7150,【不】世田谷西看護,3 ,209190,2022/7/1,9999/12/31,【使用不可】烏山入浴課,【不】烏山入浴課,ｶﾗｽﾔﾏﾆｭｳﾖｸｶ,,,,その他,,,,,,,,既存,,,,,,,,,001043005001000000000000000000,部門
株式会社やさしい手,会計系販売系サブシステム,00002,会計系販売系組織体系,2025/11/1,5 ,課,209190,【不】烏山入浴課,4 ,20919050,2022/7/1,9999/12/31,【使用不可】烏山訪問入浴事業所,【不】烏山訪問入浴,ｶﾗｽﾔﾏﾆｭｳﾖｸｼﾞｷﾞｮｳｼｮｼﾞ,,,,直接部門,,,,,,,,既存,,,,,,,,,001043005001001000000000000000,計上部門
株式会社やさしい手,会計系販売系サブシステム,00002,会計系販売系組織体系,2025/11/1,4 ,部,7150,【不】世田谷西看護,3 ,707040,2022/7/1,9999/12/31,【使用不可】南烏山訪問看護拠点かえりえ,【不】南烏山訪問看護,ﾐﾅﾐｶﾗｽﾔﾏﾎｳﾓﾝｶﾝｺﾞｷｮﾃﾝｶｴﾘｴ,,,,その他,,,,,,,,既存,,,,,,,,,001043005003000000000000000000,部門
株式会社やさしい手,会計系販売系サブシステム,00002,会計系販売系組織体系,2025/11/1,5 ,課,707040,【不】南烏山訪問看護,4 ,70704010,2022/7/1,9999/12/31,【使用不可】南烏山訪問看護医療保険,【不】南烏山訪看医療,ﾐﾅﾐｶﾗｽﾔﾏﾎｳｶﾝｲﾘｮｳ,,,,直接部門,,,,,,,,既存,,,,,,,,,001043005003001000000000000000,計上部門
株式会社やさしい手,会計系販売系サブシステム,00002,会計系販売系組織体系,2025/11/1,5 ,課,707040,【不】南烏山訪問看護,4 ,70704020,2022/7/1,9999/12/31,【使用不可】南烏山訪問看護かえりえ,【不】南烏山訪問看護,ﾐﾅﾐｶﾗｽﾔﾏﾎｳﾓﾝｶﾝｺﾞ,,,,直接部門,,,,,,,,既存,,,,,,,,,001043005003002000000000000000,計上部門
株式会社やさしい手,会計系販売系サブシステム,00002,会計系販売系組織体系,2025/11/1,2 ,本社／支社,0000000000,全社,1 ,43,2022/12/1,9999/12/31,【使用不可】南東北支部,【不】南東北支部,ﾐﾅﾐﾄｳﾎｸｼﾌﾞ,,,,その他,,,,,,,,既存,,,,,,,,,001044000000000000000000000000,部門
株式会社やさしい手,会計系販売系サブシステム,00002,会計系販売系組織体系,2025/11/1,3 ,本　部,43,【不】南東北支部,2 ,4310,2022/12/1,9999/12/31,【使用不可】南東北支部統括部,【不】南東北支部統括,ﾐﾅﾐﾄｳﾎｸｼﾌﾞﾄｳｶﾂﾌﾞ,,,,その他,,,,,,,,既存,,,,,,,,,001044001000000000000000000000,部門
株式会社やさしい手,会計系販売系サブシステム,00002,会計系販売系組織体系,2025/11/1,4 ,部,4310,【不】南東北支部統括,3 ,431010,2022/12/1,9999/12/31,【使用不可】南東北支部統括課,【不】南東北支部統括,ﾐﾅﾐﾄｳﾎｸｼﾌﾞﾄｳｶﾂｶ,,,,その他,,,,,,,,既存,,,,,,,,,001044001001000000000000000000,部門
株式会社やさしい手,会計系販売系サブシステム,00002,会計系販売系組織体系,2025/11/1,5 ,課,431010,【不】南東北支部統括,4 ,43101010,2022/12/1,9999/12/31,【使用不可】南東北支部統括課,【不】南東北支部統括,ﾐﾅﾐﾄｳﾎｸｼﾌﾞﾄｳｶﾂｶ,,,,間接部門,,,,,,,,既存,,,,,,,,,001044001001001000000000000000,計上部門
株式会社やさしい手,会計系販売系サブシステム,00002,会計系販売系組織体系,2025/11/1,2 ,本社／支社,0000000000,全社,1 ,59,2024/3/1,9999/12/31,【使用不可】（仮称）中国支部,【不】(仮称)中国支部,ﾁｭｳｺﾞｸｼﾌﾞ,,,,その他,,,,,,,,既存,,,,,,,,,001045000000000000000000000000,計上部門
株式会社やさしい手,会計系販売系サブシステム,00002,会計系販売系組織体系,2025/11/1,2 ,本社／支社,0000000000,全社,1 ,51,2024/3/1,9999/12/31,訪問介護ｻｰﾋﾞｽﾗｲﾝ,訪問介護ｻｰﾋﾞｽﾗｲﾝ,ﾎｳﾓﾝｶｲｺﾞｻｰﾋﾞｽﾗｲﾝ,,,,その他,,,,,,,,既存,,,,,,,,,001046000000000000000000000000,部門
株式会社やさしい手,会計系販売系サブシステム,00002,会計系販売系組織体系,2025/11/1,3 ,本　部,51,訪問介護ｻｰﾋﾞｽﾗｲﾝ,2 ,5101,2024/3/1,9999/12/31,訪問介護第1ｴﾘｱ,訪問介護第1ｴﾘｱ,ﾎｳﾓﾝｶｲｺﾞﾀﾞｲｲﾁｴﾘｱ,,,,その他,,,,,,,,既存,,,,,,,,,001046001000000000000000000000,部門
株式会社やさしい手,会計系販売系サブシステム,00002,会計系販売系組織体系,2025/11/1,4 ,部,5101,訪問介護第1ｴﾘｱ,3 ,201013,2024/3/1,9999/12/31,渋谷東訪問介護拠点,渋谷東訪問介護拠点,ｼﾌﾞﾔﾋｶﾞｼｼﾞｷﾞｮｳｼｮ,,,,その他,,,,03-5464-1980,03-5464-1985,,,既存,,,,,,,,,001046001001000000000000000000,部門
株式会社やさしい手,会計系販売系サブシステム,00002,会計系販売系組織体系,2025/11/1,5 ,課,201013,渋谷東訪問介護拠点,4 ,20101330,2024/3/1,9999/12/31,渋谷東訪問介護部門,渋谷東訪問介護部門,ｼﾌﾞﾔﾋｶﾞｼﾎｳﾓﾝｶｲｺﾞﾌﾞﾓﾝ,,,,直接部門,,,,,,,,既存,,,,,,,,,001046001001001000000000000000,計上部門
株式会社やさしい手,会計系販売系サブシステム,00002,会計系販売系組織体系,2025/11/1,5 ,課,201013,渋谷東訪問介護拠点,4 ,20101340,2024/3/1,9999/12/31,【使用不可】笹塚定巡ｻﾃ渋谷東,【不】笹塚ｻﾃ渋谷東,ｻｻﾂﾞｶﾃｲｷｼﾞｭﾝｶｲｻﾃｼﾌﾞﾔﾋｶﾞｼ,,,,直接部門,,,,,,,,既存,,,,,,,,,001046001001002000000000000000,計上部門
株式会社やさしい手,会計系販売系サブシステム,00002,会計系販売系組織体系,2025/11/1,4 ,部,5101,訪問介護第1ｴﾘｱ,3 ,201030,2024/3/1,9999/12/31,大田訪問介護拠点,大田訪問介護拠点,ｵｵﾀｼﾞｷﾞｮｳｼｮ,,,,その他,,,,03-5713-0921,03-5713-0922,,,既存,,,,,,,,,001046001002000000000000000000,部門
株式会社やさしい手,会計系販売系サブシステム,00002,会計系販売系組織体系,2025/11/1,5 ,課,201030,大田訪問介護拠点,4 ,20103030,2024/3/1,9999/12/31,大田訪問介護部門,大田訪問介護部門,ｵｵﾀﾎｳﾓﾝｶｲｺﾞﾌﾞﾓﾝ,,,,直接部門,,,,,,,,既存,,,,,,,,,001046001002001000000000000000,計上部門
株式会社やさしい手,会計系販売系サブシステム,00002,会計系販売系組織体系,2025/11/1,4 ,部,5101,訪問介護第1ｴﾘｱ,3 ,201040,2024/3/1,9999/12/31,自由が丘訪問介護拠点,自由が丘訪問介護拠点,ｼﾞﾕｳｶﾞｵｶｼﾞｷﾞｮｳｼｮ,,,,その他,,,,03-5726-0866,03-5726-0860,,,既存,,,,,,,,,001046001003000000000000000000,部門
株式会社やさしい手,会計系販売系サブシステム,00002,会計系販売系組織体系,2025/11/1,5 ,課,201040,自由が丘訪問介護拠点,4 ,20104030,2024/3/1,9999/12/31,自由が丘訪問介護部門,自由が丘訪問介護部門,ｼﾞﾕｳｶﾞｵｶﾎｳﾓﾝｶｲｺﾞﾌﾞﾓﾝ,,,,直接部門,,,,,,,,既存,,,,,,,,,001046001003001000000000000000,計上部門
株式会社やさしい手,会計系販売系サブシステム,00002,会計系販売系組織体系,2025/11/1,4 ,部,5101,訪問介護第1ｴﾘｱ,3 ,209530,2024/3/1,9999/12/31,【使用不可】笹塚訪問介護拠点,【不】笹塚訪介拠点,ｻｻﾂﾞｶｼﾞｷﾞｮｳｼｮ,,,,その他,,,,,,,,既存,,,,,,,,,001046001013000000000000000000,部門
株式会社やさしい手,会計系販売系サブシステム,00002,会計系販売系組織体系,2025/11/1,5 ,課,209530,【不】笹塚訪介拠点,4 ,20102045,2024/3/1,9999/12/31,【使用不可】笹塚訪問介護部門,【不】笹塚訪介部門,ｻｻﾂﾞｶﾎｳﾓﾝｶｲｺﾞﾌﾞﾓﾝ,,,,直接部門,,,,,,,,既存,,,,,,,,,001046001013001000000000000000,計上部門
株式会社やさしい手,会計系販売系サブシステム,00002,会計系販売系組織体系,2025/11/1,4 ,部,5101,訪問介護第1ｴﾘｱ,3 ,209532,2024/3/1,9999/12/31,学芸大学訪問介護拠点,学芸大学訪問介護拠点,ｶﾞｸｹﾞｲﾀﾞｲｶﾞｸｼﾞｷﾞｮｳｼｮ,,,,その他,,,,,,,,既存,,,,,,,,,001046001014000000000000000000,部門
株式会社やさしい手,会計系販売系サブシステム,00002,会計系販売系組織体系,2025/11/1,5 ,課,209532,学芸大学訪問介護拠点,4 ,20953240,2024/3/1,9999/12/31,目黒定期巡回部門,目黒定期巡回部門,ﾒｸﾞﾛﾃｲｷｼﾞｭﾝｶｲﾌﾞﾓﾝ,,,,直接部門,,,,,,,,既存,,,,,,,,,001046001014001000000000000000,計上部門
株式会社やさしい手,会計系販売系サブシステム,00002,会計系販売系組織体系,2025/11/1,5 ,課,209532,学芸大学訪問介護拠点,4 ,20957040,2024/3/1,9999/12/31,学芸大学訪問介護部門,学芸大学訪問介護部門,ｶﾞｸｹﾞｲﾀﾞｲｶﾞｸﾎｳﾓﾝｶｲｺﾞﾌﾞﾓﾝ,,,,直接部門,,,,,,,,既存,,,,,,,,,001046001014002000000000000000,計上部門
株式会社やさしい手,会計系販売系サブシステム,00002,会計系販売系組織体系,2025/11/1,4 ,部,5101,訪問介護第1ｴﾘｱ,3 ,510101,2024/3/1,9999/12/31,訪問介護第1ｴﾘｱ統括課,訪問介護第1ｴﾘｱ統括課,ﾎｳﾓﾝｶｲｺﾞﾀﾞｲｲﾁｴﾘｱﾄｳｶﾂｶ,,,,その他,,,,,,,,既存,,,,,,,,,001046001015000000000000000000,部門
株式会社やさしい手,会計系販売系サブシステム,00002,会計系販売系組織体系,2025/11/1,5 ,課,510101,訪問介護第1ｴﾘｱ統括課,4 ,51010101,2024/3/1,9999/12/31,訪問介護第1ｴﾘｱ統括課,訪問介護第1ｴﾘｱ統括課,ﾎｳﾓﾝｶｲｺﾞﾀﾞｲｲﾁｴﾘｱﾄｳｶﾂｶ,,,,間接部門,,,,,,,,既存,,,,,,,,,001046001015001000000000000000,計上部門
株式会社やさしい手,会計系販売系サブシステム,00002,会計系販売系組織体系,2025/11/1,4 ,部,5101,訪問介護第1ｴﾘｱ,3 ,202010,2024/4/1,9999/12/31,葛飾訪問介護拠点,葛飾訪問介護拠点,ｶﾂｼｶｼﾞｷﾞｮｳｼｮ,,,,その他,,,,03-5648-7666,03-5648-7644,,,既存,,,,,,,,,001046001016000000000000000000,部門
株式会社やさしい手,会計系販売系サブシステム,00002,会計系販売系組織体系,2025/11/1,5 ,課,202010,葛飾訪問介護拠点,4 ,20201030,2024/4/1,9999/12/31,葛飾訪問介護部門,葛飾訪問介護部門,ｶﾂｼｶﾎｳﾓﾝｶｲｺﾞﾌﾞﾓﾝ,,,,直接部門,,,,03-5648-7666,03-5648-7644,,,既存,,,,,,,,,001046001016001000000000000000,計上部門
株式会社やさしい手,会計系販売系サブシステム,00002,会計系販売系組織体系,2025/11/1,4 ,部,5101,訪問介護第1ｴﾘｱ,3 ,202020,2024/4/1,9999/12/31,千葉訪問介護拠点,千葉訪問介護拠点,ﾁﾊﾞﾎｳﾓﾝｶｲｺﾞｷｮﾃﾝ,,,,その他,,,,043-203-0981,043-203-0983,,,既存,,,,,,,,,001046001017000000000000000000,部門
株式会社やさしい手,会計系販売系サブシステム,00002,会計系販売系組織体系,2025/11/1,5 ,課,202020,千葉訪問介護拠点,4 ,20202030,2024/4/1,9999/12/31,千葉訪問介護部門,千葉訪問介護部門,ﾁﾊﾞﾎｳﾓﾝｶｲｺﾞﾌﾞﾓﾝ,,,,直接部門,,,,043-203-0981,043-203-0983,,,既存,,,,,,,,,001046001017001000000000000000,計上部門
株式会社やさしい手,会計系販売系サブシステム,00002,会計系販売系組織体系,2025/11/1,5 ,課,202020,千葉訪問介護拠点,4 ,20202230,2024/4/1,9999/12/31,千葉新田町定期巡回部門,千葉新田町定期巡回,ﾁﾊﾞｼﾝﾃﾞﾝﾁｮｳﾃｲｷｼﾞｭﾝｶｲﾌﾞﾓﾝ,,,,直接部門,,,,043-203-0981,043-203-0983,,,既存,,,,,,,,,001046001017002000000000000000,計上部門
株式会社やさしい手,会計系販売系サブシステム,00002,会計系販売系組織体系,2025/11/1,5 ,課,202020,千葉訪問介護拠点,4 ,20202430,2024/4/1,9999/12/31,千葉新田町訪問介護部門,千葉新田町訪問介護,ﾁﾊﾞｼﾝﾃﾞﾝﾁｮｳﾎｳﾓﾝｶｲｺﾞﾌﾞﾓﾝ,,,,直接部門,,,,043-203-0981,043-203-0983,,,既存,,,,,,,,,001046001017003000000000000000,計上部門
株式会社やさしい手,会計系販売系サブシステム,00002,会計系販売系組織体系,2025/11/1,4 ,部,5101,訪問介護第1ｴﾘｱ,3 ,202030,2024/4/1,9999/12/31,新小岩訪問介護拠点,新小岩訪問介護拠点,ｼﾝｺｲﾜｼﾞｷﾞｮｳｼｮ,,,,その他,,,,03-6880-3600,03-6880-3605,,,既存,,,,,,,,,001046001018000000000000000000,部門
株式会社やさしい手,会計系販売系サブシステム,00002,会計系販売系組織体系,2025/11/1,5 ,課,202030,新小岩訪問介護拠点,4 ,20203030,2024/4/1,9999/12/31,新小岩訪問介護部門,新小岩訪問介護部門,ｼﾝｺｲﾜﾎｳﾓﾝｶｲｺﾞﾌﾞﾓﾝ,,,,直接部門,,,,03-5672-0400,03-5672-0405,,,既存,,,,,,,,,001046001018001000000000000000,計上部門
株式会社やさしい手,会計系販売系サブシステム,00002,会計系販売系組織体系,2025/11/1,4 ,部,5101,訪問介護第1ｴﾘｱ,3 ,203030,2024/4/1,9999/12/31,新宿訪問介護拠点,新宿訪問介護拠点,ｼﾝｼﾞｭｸｼﾞｷﾞｮｳｼｮ,,,,その他,,,,03-5337-2370,03-5337-3260,,,既存,,,,,,,,,001046001019000000000000000000,部門
株式会社やさしい手,会計系販売系サブシステム,00002,会計系販売系組織体系,2025/11/1,5 ,課,203030,新宿訪問介護拠点,4 ,20303030,2024/4/1,9999/12/31,新宿訪問介護部門,新宿訪問介護部門,ｼﾝｼﾞｭｸﾎｳﾓﾝｶｲｺﾞﾌﾞﾓﾝ,,,,直接部門,,,,,,,,既存,,,,,,,,,001046001019001000000000000000,計上部門
株式会社やさしい手,会計系販売系サブシステム,00002,会計系販売系組織体系,2025/11/1,4 ,部,5101,訪問介護第1ｴﾘｱ,3 ,203050,2024/4/1,9999/12/31,石神井公園訪問介護拠点,石神井公園訪問介護拠,ｼｬｸｼﾞｲｺｳｴﾝｼﾞｷﾞｮｳｼｮ,,,,その他,,,,03-5910-3777,03-5910-3755,,,既存,,,,,,,,,001046001020000000000000000000,部門
株式会社やさしい手,会計系販売系サブシステム,00002,会計系販売系組織体系,2025/11/1,5 ,課,203050,石神井公園訪問介護拠,4 ,20305030,2024/4/1,9999/12/31,石神井公園訪問介護部門,石神井公園訪介部門,ｼｬｸｼﾞｲｺｳｴﾝﾎｳﾓﾝｶｲｺﾞﾌﾞﾓﾝ,,,,直接部門,,,,,,,,既存,,,,,,,,,001046001020001000000000000000,計上部門
株式会社やさしい手,会計系販売系サブシステム,00002,会計系販売系組織体系,2025/11/1,4 ,部,5101,訪問介護第1ｴﾘｱ,3 ,203060,2024/4/1,9999/12/31,練馬訪問介護拠点,練馬訪問介護拠点,ﾈﾘﾏｼﾞｷﾞｮｳｼｮ,,,,その他,,,,03-5912-6629,03-5912-6625,,,既存,,,,,,,,,001046001022000000000000000000,部門
株式会社やさしい手,会計系販売系サブシステム,00002,会計系販売系組織体系,2025/11/1,5 ,課,203060,練馬訪問介護拠点,4 ,20306030,2024/4/1,9999/12/31,練馬訪問介護部門,練馬訪問介護部門,ﾈﾘﾏﾎｳﾓﾝｶｲｺﾞﾌﾞﾓﾝ,,,,直接部門,,,,,,,,既存,,,,,,,,,001046001022001000000000000000,計上部門
株式会社やさしい手,会計系販売系サブシステム,00002,会計系販売系組織体系,2025/11/1,4 ,部,5101,訪問介護第1ｴﾘｱ,3 ,207820,2025/2/1,9999/12/31,小山訪問介護拠点,小山訪問介護拠点,ｵﾔﾏｼﾞｷﾞｮｳｼｮ,,,,その他,,,,,,,,既存,,,,,,,,,001046001023000000000000000000,部門
株式会社やさしい手,会計系販売系サブシステム,00002,会計系販売系組織体系,2025/11/1,5 ,課,207820,小山訪問介護拠点,4 ,20782010,2025/2/1,9999/12/31,小山訪問介護部門,小山訪問介護部門,ｵﾔﾏﾎｳﾓﾝｶｲｺﾞﾌﾞﾓﾝ,,,,直接部門,,,,,,,,既存,,,,,,,,,001046001023001000000000000000,計上部門
株式会社やさしい手,会計系販売系サブシステム,00002,会計系販売系組織体系,2025/11/1,3 ,本　部,51,訪問介護ｻｰﾋﾞｽﾗｲﾝ,2 ,5102,2024/3/1,9999/12/31,訪問介護第2ｴﾘｱ,訪問介護第2ｴﾘｱ,ﾎｳﾓﾝｶｲｺﾞﾀﾞｲﾆｴﾘｱ,,,,その他,,,,,,,,既存,,,,,,,,,001046002000000000000000000000,部門
株式会社やさしい手,会計系販売系サブシステム,00002,会計系販売系組織体系,2025/11/1,4 ,部,5102,訪問介護第2ｴﾘｱ,3 ,510201,2024/3/1,9999/12/31,訪問介護第2ｴﾘｱ統括課,訪問介護第2ｴﾘｱ統括課,ﾎｳﾓﾝｶｲｺﾞﾀﾞｲﾆｴﾘｱﾄｳｶﾂｶ,,,,その他,,,,,,,,既存,,,,,,,,,001046002012000000000000000000,部門
株式会社やさしい手,会計系販売系サブシステム,00002,会計系販売系組織体系,2025/11/1,5 ,課,510201,訪問介護第2ｴﾘｱ統括課,4 ,51020101,2024/3/1,9999/12/31,訪問介護第2ｴﾘｱ統括課,訪問介護第2ｴﾘｱ統括課,ﾎｳﾓﾝｶｲｺﾞﾀﾞｲﾆｴﾘｱﾄｳｶﾂｶ,,,,間接部門,,,,,,,,既存,,,,,,,,,001046002012001000000000000000,計上部門
株式会社やさしい手,会計系販売系サブシステム,00002,会計系販売系組織体系,2025/11/1,4 ,部,5102,訪問介護第2ｴﾘｱ,3 ,203510,2024/4/1,9999/12/31,あざみ野訪問介護拠点,あざみ野訪問介護拠点,ｱｻﾞﾐﾉｼﾞｷﾞｮｳｼｮ,,,,その他,,,,045-905-5491,045-905-5494,,,既存,,,,,,,,,001046002013000000000000000000,部門
株式会社やさしい手,会計系販売系サブシステム,00002,会計系販売系組織体系,2025/11/1,5 ,課,203510,あざみ野訪問介護拠点,4 ,20351030,2024/4/1,9999/12/31,あざみ野訪問介護部門,あざみ野訪問介護部門,ｱｻﾞﾐﾉﾎｳﾓﾝｶｲｺﾞﾌﾞﾓﾝ,,,,直接部門,,,,,,,,既存,,,,,,,,,001046002013001000000000000000,計上部門
株式会社やさしい手,会計系販売系サブシステム,00002,会計系販売系組織体系,2025/11/1,4 ,部,5102,訪問介護第2ｴﾘｱ,3 ,203515,2024/4/1,9999/12/31,青葉台訪問介護拠点,青葉台訪問介護拠点,ｱｵﾊﾞﾀﾞｲｼﾞｷﾞｮｳｼｮ,,,,その他,,,,045-989-5671,045-989-5676,,,既存,,,,,,,,,001046002014000000000000000000,部門
株式会社やさしい手,会計系販売系サブシステム,00002,会計系販売系組織体系,2025/11/1,5 ,課,203515,青葉台訪問介護拠点,4 ,20351530,2024/4/1,9999/12/31,青葉台訪問介護部門,青葉台訪問介護部門,ｱｵﾊﾞﾀﾞｲﾎｳﾓﾝｶｲｺﾞｶ,,,,直接部門,,,,,,,,既存,,,,,,,,,001046002014001000000000000000,計上部門
株式会社やさしい手,会計系販売系サブシステム,00002,会計系販売系組織体系,2025/11/1,4 ,部,5102,訪問介護第2ｴﾘｱ,3 ,203520,2024/4/1,9999/12/31,日吉訪問介護拠点,日吉訪問介護拠点,ﾋﾖｼｼﾞｷﾞｮｳｼｮ,,,,その他,,,,045-560-6271,045-560-6274,,,既存,,,,,,,,,001046002015000000000000000000,部門
株式会社やさしい手,会計系販売系サブシステム,00002,会計系販売系組織体系,2025/11/1,5 ,課,203520,日吉訪問介護拠点,4 ,20352030,2024/4/1,9999/12/31,日吉訪問介護部門,日吉訪問介護部門,ﾋﾖｼﾎｳﾓﾝｶｲｺﾞｶ,,,,直接部門,,,,,,,,既存,,,,,,,,,001046002015001000000000000000,計上部門
株式会社やさしい手,会計系販売系サブシステム,00002,会計系販売系組織体系,2025/11/1,4 ,部,5102,訪問介護第2ｴﾘｱ,3 ,203525,2024/4/1,9999/12/31,菊名訪問介護拠点,菊名訪問介護拠点,ｷｸﾅｼﾞｷﾞｮｳｼｮ,,,,その他,,,,045-438-0051,045-438-0053,,,既存,,,,,,,,,001046002016000000000000000000,部門
株式会社やさしい手,会計系販売系サブシステム,00002,会計系販売系組織体系,2025/11/1,5 ,課,203525,菊名訪問介護拠点,4 ,20352530,2024/4/1,9999/12/31,菊名訪問介護部門,菊名訪問介護部門,ｷｸﾅﾎｳﾓﾝｶｲｺﾞﾌﾞﾓﾝ,,,,直接部門,,,,,,,,既存,,,,,,,,,001046002016001000000000000000,計上部門
株式会社やさしい手,会計系販売系サブシステム,00002,会計系販売系組織体系,2025/11/1,4 ,部,5102,訪問介護第2ｴﾘｱ,3 ,203530,2024/4/1,9999/12/31,逗子訪問介護拠点,逗子訪問介護拠点,ｽﾞｼｼﾞｷﾞｮｳｼｮ,,,,その他,,,,046-870-3365,046-870-3265,,,既存,,,,,,,,,001046002017000000000000000000,部門
株式会社やさしい手,会計系販売系サブシステム,00002,会計系販売系組織体系,2025/11/1,5 ,課,203530,逗子訪問介護拠点,4 ,20353030,2024/4/1,9999/12/31,逗子訪問介護部門,逗子訪問介護部門,ｽﾞｼﾎｳﾓﾝｶｲｺﾞﾌﾞﾓﾝ,,,,直接部門,,,,,,,,既存,,,,,,,,,001046002017001000000000000000,計上部門
株式会社やさしい手,会計系販売系サブシステム,00002,会計系販売系組織体系,2025/11/1,4 ,部,5102,訪問介護第2ｴﾘｱ,3 ,203540,2024/4/1,9999/12/31,金沢文庫訪問介護拠点,金沢文庫訪問介護拠点,ｶﾅｻﾞﾜﾌﾞﾝｺｼﾞｷﾞｮｳｼｮ,,,,その他,,,,045-790-1091,045-790-1092,,,既存,,,,,,,,,001046002018000000000000000000,部門
株式会社やさしい手,会計系販売系サブシステム,00002,会計系販売系組織体系,2025/11/1,5 ,課,203540,金沢文庫訪問介護拠点,4 ,20354030,2024/4/1,9999/12/31,金沢文庫訪問介護部門,金沢文庫訪問介護部門,ｶﾅｻﾞﾜﾌﾞﾝｺﾎｳﾓﾝｶｲｺﾞﾌﾞﾓﾝ,,,,直接部門,,,,045-790-1091,045-790-1092,,,既存,,,,,,,,,001046002018001000000000000000,計上部門
株式会社やさしい手,会計系販売系サブシステム,00002,会計系販売系組織体系,2025/11/1,4 ,部,5102,訪問介護第2ｴﾘｱ,3 ,203560,2024/4/1,9999/12/31,新横浜訪問介護拠点,新横浜訪問介護拠点,ｼﾝﾖｺﾊﾏｼﾞｷﾞｮｳｼｮ,,,,その他,,,,,,,,既存,,,,,,,,,001046002019000000000000000000,部門
株式会社やさしい手,会計系販売系サブシステム,00002,会計系販売系組織体系,2025/11/1,5 ,課,203560,新横浜訪問介護拠点,4 ,20356040,2024/4/1,9999/12/31,新横浜訪問介護部門,新横浜訪問介護部門,ｼﾝﾖｺﾊﾏﾎｳﾓﾝｶｲｺﾞﾌﾞﾓﾝ,,,,直接部門,,,,,,,,既存,,,,,,,,,001046002019001000000000000000,計上部門
株式会社やさしい手,会計系販売系サブシステム,00002,会計系販売系組織体系,2025/11/1,5 ,課,203560,新横浜訪問介護拠点,4 ,20356050,2024/4/1,9999/12/31,新横浜住宅役務部門,新横浜住宅役務部門,ｼﾝﾖｺﾊﾏｼﾞｭｳﾀｸｴｷﾑﾌﾞﾓﾝ,,,,直接部門,,,,,,,,既存,,,,,,,,,001046002019002000000000000000,計上部門
株式会社やさしい手,会計系販売系サブシステム,00002,会計系販売系組織体系,2025/11/1,4 ,部,5102,訪問介護第2ｴﾘｱ,3 ,203580,2024/4/1,9999/12/31,磯子訪問介護拠点,磯子訪問介護拠点,ｲｿｺﾞｼﾞｷﾞｮｳｼｮ,,,,その他,,,,,,,,既存,,,,,,,,,001046002020000000000000000000,部門
株式会社やさしい手,会計系販売系サブシステム,00002,会計系販売系組織体系,2025/11/1,5 ,課,203580,磯子訪問介護拠点,4 ,20358040,2024/4/1,9999/12/31,磯子訪問介護部門,磯子訪問介護部門,ｲｿｺﾞﾎｳﾓﾝｶｲｺﾞﾌﾞﾓﾝ,,,,直接部門,,,,,,,,既存,,,,,,,,,001046002020001000000000000000,計上部門
株式会社やさしい手,会計系販売系サブシステム,00002,会計系販売系組織体系,2025/11/1,5 ,課,203580,磯子訪問介護拠点,4 ,20358050,2024/4/1,9999/12/31,磯子住宅役務部門,磯子住宅役務部門,ｲｿｺﾞｼﾞｭｳﾀｸｴｷﾑﾌﾞﾓﾝ,,,,直接部門,,,,,,,,既存,,,,,,,,,001046002020002000000000000000,計上部門
株式会社やさしい手,会計系販売系サブシステム,00002,会計系販売系組織体系,2025/11/1,5 ,課,203580,磯子訪問介護拠点,4 ,20358060,2024/4/1,9999/12/31,磯子定期巡回部門準備室,磯子定期巡回部門準備,ｲｿｺﾞﾃｲｷｼﾞｭﾝｶｲﾌﾞﾓﾝ,,,,直接部門,,,,,,,,既存,,,,,,,,,001046002020003000000000000000,計上部門
株式会社やさしい手,会計系販売系サブシステム,00002,会計系販売系組織体系,2025/11/1,4 ,部,5102,訪問介護第2ｴﾘｱ,3 ,203590,2024/4/1,9999/12/31,横須賀訪問介護拠点,横須賀訪問介護拠点,ﾖｺｽｶｼﾞｷﾞｮｳｼｮ,,,,その他,,,,,,,,既存,,,,,,,,,001046002021000000000000000000,部門
株式会社やさしい手,会計系販売系サブシステム,00002,会計系販売系組織体系,2025/11/1,5 ,課,203590,横須賀訪問介護拠点,4 ,20359030,2024/4/1,9999/12/31,横須賀訪問介護部門,横須賀訪問介護部門,ﾖｺｽｶﾎｳﾓﾝｶｲｺﾞﾌﾞﾓﾝ,,,,直接部門,,,,,,,,既存,,,,,,,,,001046002021001000000000000000,計上部門
株式会社やさしい手,会計系販売系サブシステム,00002,会計系販売系組織体系,2025/11/1,3 ,本　部,51,訪問介護ｻｰﾋﾞｽﾗｲﾝ,2 ,5103,2024/3/1,9999/12/31,訪問介護第3ｴﾘｱ,訪問介護第3ｴﾘｱ,ﾎｳﾓﾝｶｲｺﾞﾀﾞｲｻﾝｴﾘｱ,,,,その他,,,,,,,,既存,,,,,,,,,001046003000000000000000000000,部門
株式会社やさしい手,会計系販売系サブシステム,00002,会計系販売系組織体系,2025/11/1,4 ,部,5103,訪問介護第3ｴﾘｱ,3 ,202040,2024/3/1,9999/12/31,日暮里訪問介護拠点,日暮里訪問介護拠点,ﾆｯﾎﾟﾘｼﾞｷﾞｮｳｼｮ,,,,その他,,,,03-5850-1501,03-5850-1502,,,既存,,,,,,,,,001046003002000000000000000000,部門
株式会社やさしい手,会計系販売系サブシステム,00002,会計系販売系組織体系,2025/11/1,5 ,課,202040,日暮里訪問介護拠点,4 ,20204030,2024/3/1,9999/12/31,日暮里訪問介護部門,日暮里訪問介護部門,ﾆｯﾎﾟﾘﾎｳﾓﾝｶｲｺﾞﾌﾞﾓﾝ,,,,直接部門,,,,03-5850-1501,03-5850-1502,,,既存,,,,,,,,,001046003002001000000000000000,計上部門
株式会社やさしい手,会計系販売系サブシステム,00002,会計系販売系組織体系,2025/11/1,5 ,課,202040,日暮里訪問介護拠点,4 ,20204050,2024/3/1,9999/12/31,日暮里定期巡回部門,日暮里定期巡回部門,ﾆｯﾎﾟﾘﾃｲｷｼﾞｭﾝｶｲﾌﾞﾓﾝ,,,,直接部門,,,,,,,,既存,,,,,,,,,001046003002002000000000000000,計上部門
株式会社やさしい手,会計系販売系サブシステム,00002,会計系販売系組織体系,2025/11/1,4 ,部,5103,訪問介護第3ｴﾘｱ,3 ,202510,2024/3/1,9999/12/31,赤羽訪問介護拠点,赤羽訪問介護拠点,ｱｶﾊﾞﾈｼﾞｷﾞｮｳｼｮ,,,,その他,,,,03-3598-8102,03-3598-8104,,,既存,,,,,,,,,001046003003000000000000000000,部門
株式会社やさしい手,会計系販売系サブシステム,00002,会計系販売系組織体系,2025/11/1,5 ,課,202510,赤羽訪問介護拠点,4 ,20251030,2024/3/1,9999/12/31,赤羽訪問介護部門,赤羽訪問介護部門,ｱｶﾊﾞﾈﾎｳﾓﾝｶｲｺﾞﾌﾞﾓﾝ,,,,直接部門,,,,03-3598-8102,03-3598-8104,,,既存,,,,,,,,,001046003003001000000000000000,計上部門
株式会社やさしい手,会計系販売系サブシステム,00002,会計系販売系組織体系,2025/11/1,4 ,部,5103,訪問介護第3ｴﾘｱ,3 ,202520,2024/3/1,9999/12/31,川口芝新町訪問介護拠点,川口芝新町訪問介護拠,ｶﾜｸﾞﾁｼﾊﾞｼﾝﾏﾁｼﾞｷﾞｮｳｼｮ,,,,その他,,,,048-263-0113,048-263-0110,,,既存,,,,,,,,,001046003004000000000000000000,部門
株式会社やさしい手,会計系販売系サブシステム,00002,会計系販売系組織体系,2025/11/1,5 ,課,202520,川口芝新町訪問介護拠,4 ,20252030,2024/3/1,9999/12/31,川口芝新町訪問介護部門,川口芝新町訪介部門,ｶﾜｸﾞﾁｼﾊﾞｼﾝﾏﾁﾎｳﾓﾝｶｲｺﾞﾌﾞﾓﾝ,,,,直接部門,,,,048-263-0113,048-263-0110,,,既存,,,,,,,,,001046003004001000000000000000,計上部門
株式会社やさしい手,会計系販売系サブシステム,00002,会計系販売系組織体系,2025/11/1,4 ,部,5103,訪問介護第3ｴﾘｱ,3 ,202525,2024/3/1,9999/12/31,浦和北訪問介護拠点,浦和北訪問介護拠点,ｳﾗﾜｷﾀｼﾞｷﾞｮｳｼｮ,,,,その他,,,,048-827-3131,048-827-3144,,,既存,,,,,,,,,001046003005000000000000000000,部門
株式会社やさしい手,会計系販売系サブシステム,00002,会計系販売系組織体系,2025/11/1,5 ,課,202525,浦和北訪問介護拠点,4 ,20252530,2024/3/1,9999/12/31,浦和北訪問介護部門,浦和北訪問介護部門,ｳﾗﾜｷﾀﾎｳﾓﾝｶｲｺﾞﾌﾞﾓﾝ,,,,直接部門,,,,048-827-3131,048-827-3144,,,既存,,,,,,,,,001046003005001000000000000000,計上部門
株式会社やさしい手,会計系販売系サブシステム,00002,会計系販売系組織体系,2025/11/1,4 ,部,5103,訪問介護第3ｴﾘｱ,3 ,202530,2024/3/1,9999/12/31,大宮訪問介護拠点,大宮訪問介護拠点,ｵｵﾐﾔｼﾞｷﾞｮｳｼｮ,,,,その他,,,,048-640-4880,048-640-4884,,,既存,,,,,,,,,001046003006000000000000000000,部門
株式会社やさしい手,会計系販売系サブシステム,00002,会計系販売系組織体系,2025/11/1,5 ,課,202530,大宮訪問介護拠点,4 ,20253030,2024/3/1,9999/12/31,大宮訪問介護部門,大宮訪問介護部門,ｵｵﾐﾔﾎｳﾓﾝｶｲｺﾞﾌﾞﾓﾝ,,,,直接部門,,,,048-640-4880,048-640-4884,,,既存,,,,,,,,,001046003006001000000000000000,計上部門
株式会社やさしい手,会計系販売系サブシステム,00002,会計系販売系組織体系,2025/11/1,4 ,部,5103,訪問介護第3ｴﾘｱ,3 ,202810,2024/3/1,9999/12/31,川越訪問介護拠点,川越訪問介護拠点,ｶﾜｺﾞｴｼﾞｷﾞｮｳｼｮ,,,,その他,,,,049-227-8905,049-227-8906,,,既存,,,,,,,,,001046003007000000000000000000,部門
株式会社やさしい手,会計系販売系サブシステム,00002,会計系販売系組織体系,2025/11/1,5 ,課,202810,川越訪問介護拠点,4 ,20281030,2024/3/1,9999/12/31,川越訪問介護部門,川越訪問介護部門,ｶﾜｺﾞｴﾎｳﾓﾝｶｲｺﾞﾌﾞﾓﾝ,,,,直接部門,,,,049-227-8905,049-227-8906,,,既存,,,,,,,,,001046003007001000000000000000,計上部門
株式会社やさしい手,会計系販売系サブシステム,00002,会計系販売系組織体系,2025/11/1,5 ,課,202810,川越訪問介護拠点,4 ,20281060,2024/3/1,9999/12/31,川越定期巡回部門,川越定期巡回部門,ｶﾜｺﾞｴﾃｲｷｼﾞｭﾝｶｲﾌﾞﾓﾝ,,,,直接部門,,,,,,,,既存,,,,,,,,,001046003007002000000000000000,計上部門
株式会社やさしい手,会計系販売系サブシステム,00002,会計系販売系組織体系,2025/11/1,4 ,部,5103,訪問介護第3ｴﾘｱ,3 ,202820,2024/3/1,9999/12/31,上尾訪問介護拠点,上尾訪問介護拠点,ｱｹﾞｵｼﾞｷﾞｮｳｼｮ,,,,その他,,,,048-778-0350,048-778-0351,,,既存,,,,,,,,,001046003008000000000000000000,部門
株式会社やさしい手,会計系販売系サブシステム,00002,会計系販売系組織体系,2025/11/1,5 ,課,202820,上尾訪問介護拠点,4 ,20282030,2024/3/1,9999/12/31,上尾訪問介護部門,上尾訪問介護部門,ｱｹﾞｵﾎｳﾓﾝｶｲｺﾞﾌﾞﾓﾝ,,,,直接部門,,,,048-778-0350,048-778-0351,,,既存,,,,,,,,,001046003008001000000000000000,計上部門
株式会社やさしい手,会計系販売系サブシステム,00002,会計系販売系組織体系,2025/11/1,4 ,部,5103,訪問介護第3ｴﾘｱ,3 ,202830,2024/3/1,9999/12/31,川口幸町訪問介護拠点,川口幸町訪問介護拠点,ｶﾜｸﾞﾁｻｲﾜｲﾁｮｳｼﾞｷﾞｮｳｼｮ,,,,その他,,,,048-271-5930,048-271-5931,,,既存,,,,,,,,,001046003009000000000000000000,部門
株式会社やさしい手,会計系販売系サブシステム,00002,会計系販売系組織体系,2025/11/1,5 ,課,202830,川口幸町訪問介護拠点,4 ,20283030,2024/3/1,9999/12/31,川口幸町訪問介護部門,川口幸町訪問介護部門,ｶﾜｸﾞﾁｻｲﾜｲﾁｮｳﾎｳﾓﾝｶｲｺﾞﾌﾞﾓﾝ,,,,直接部門,,,,048-271-5930,048-271-5931,,,既存,,,,,,,,,001046003009001000000000000000,計上部門
株式会社やさしい手,会計系販売系サブシステム,00002,会計系販売系組織体系,2025/11/1,4 ,部,5103,訪問介護第3ｴﾘｱ,3 ,209596,2024/3/1,9999/12/31,竹ノ塚訪問介護拠点,竹ノ塚訪問介護拠点,ﾀｹﾉﾂﾞｶｼﾞｷﾞｮｳｼｮ,,,,その他,,,,,,,,既存,,,,,,,,,001046003011000000000000000000,部門
株式会社やさしい手,会計系販売系サブシステム,00002,会計系販売系組織体系,2025/11/1,5 ,課,209596,竹ノ塚訪問介護拠点,4 ,20959640,2024/3/1,9999/12/31,竹ノ塚訪問介護部門,竹ノ塚訪問介護部門,ﾀｹﾉﾂﾞｶﾎｳﾓﾝｶｲｺﾞﾌﾞﾓﾝ,,,,直接部門,,,,,,,,既存,,,,,,,,,001046003011001000000000000000,計上部門
株式会社やさしい手,会計系販売系サブシステム,00002,会計系販売系組織体系,2025/11/1,5 ,課,209596,竹ノ塚訪問介護拠点,4 ,20959650,2024/3/1,9999/12/31,【使用不可】竹ノ塚定期巡回部門,【不】竹ノ塚定巡部門,ﾀｹﾉﾂﾞｶﾃｲｷｼﾞｭﾝｶｲﾌﾞﾓﾝ,,,,直接部門,,,,,,,,既存,,,,,,,,,001046003011002000000000000000,計上部門
株式会社やさしい手,会計系販売系サブシステム,00002,会計系販売系組織体系,2025/11/1,5 ,課,209596,竹ノ塚訪問介護拠点,4 ,20959660,2024/3/1,9999/12/31,【使用不可】西新井住宅役務部門,【不】西新井住役部門,ﾆｼｱﾗｲｼﾞｭｳﾀｸｴｷﾑﾌﾞﾓﾝ,,,,直接部門,,,,,,,,既存,,,,,,,,,001046003011003000000000000000,計上部門
株式会社やさしい手,会計系販売系サブシステム,00002,会計系販売系組織体系,2025/11/1,4 ,部,5103,訪問介護第3ｴﾘｱ,3 ,510301,2024/3/1,9999/12/31,訪問介護第3ｴﾘｱ統括課,訪問介護第3ｴﾘｱ統括課,ﾎｳﾓﾝｶｲｺﾞﾀﾞｲｻﾝｴﾘｱﾄｳｶﾂｶ,,,,その他,,,,,,,,既存,,,,,,,,,001046003012000000000000000000,部門
株式会社やさしい手,会計系販売系サブシステム,00002,会計系販売系組織体系,2025/11/1,5 ,課,510301,訪問介護第3ｴﾘｱ統括課,4 ,51030101,2024/3/1,9999/12/31,訪問介護第3ｴﾘｱ統括課,訪問介護第3ｴﾘｱ統括課,ﾎｳﾓﾝｶｲｺﾞﾀﾞｲｻﾝｴﾘｱﾄｳｶﾂｶ,,,,間接部門,,,,,,,,既存,,,,,,,,,001046003012001000000000000000,計上部門
株式会社やさしい手,会計系販売系サブシステム,00002,会計系販売系組織体系,2025/11/1,4 ,部,5103,訪問介護第3ｴﾘｱ,3 ,209590,2024/10/1,9999/12/31,浅草訪問介護拠点,浅草訪問介護拠点,ｱｻｸｻｼﾞｷﾞｮｳｼｮ,,,,その他,,,,03-5806-0283,03-5806-0284,,,既存,,,,,,,,,001046003013000000000000000000,部門
株式会社やさしい手,会計系販売系サブシステム,00002,会計系販売系組織体系,2025/11/1,5 ,課,209590,浅草訪問介護拠点,4 ,07381010,2024/10/1,9999/12/31,【使用不可】浅草住宅役務部門,【不】浅草住役部門,ｱｻｸｻｼﾞｭｳﾀｸｴｷﾑﾌﾞﾓﾝ,,,,直接部門,,,,,,,,既存,,,,,,,,,001046003013001000000000000000,計上部門
株式会社やさしい手,会計系販売系サブシステム,00002,会計系販売系組織体系,2025/11/1,5 ,課,209590,浅草訪問介護拠点,4 ,20959040,2024/10/1,9999/12/31,浅草訪問介護部門,浅草訪問介護部門,ｱｻｸｻﾎｳﾓﾝｶｲｺﾞﾌﾞﾓﾝ,,,,直接部門,,,,03-5806-0283,03-5806-0284,,,既存,,,,,,,,,001046003013002000000000000000,計上部門
株式会社やさしい手,会計系販売系サブシステム,00002,会計系販売系組織体系,2025/11/1,3 ,本　部,51,訪問介護ｻｰﾋﾞｽﾗｲﾝ,2 ,5104,2024/3/1,9999/12/31,訪問介護第4ｴﾘｱ,訪問介護第4ｴﾘｱ,ﾎｳﾓﾝｶｲｺﾞﾀﾞｲﾖﾝｴﾘｱ,,,,その他,,,,,,,,既存,,,,,,,,,001046004000000000000000000000,部門
株式会社やさしい手,会計系販売系サブシステム,00002,会計系販売系組織体系,2025/11/1,4 ,部,5104,訪問介護第4ｴﾘｱ,3 ,510401,2024/3/1,9999/12/31,訪問介護第4ｴﾘｱ統括課,訪問介護第4ｴﾘｱ統括課,ﾎｳﾓﾝｶｲｺﾞﾀﾞｲﾖﾝｴﾘｱﾄｳｶﾂｶ,,,,その他,,,,,,,,既存,,,,,,,,,001046004010000000000000000000,部門
株式会社やさしい手,会計系販売系サブシステム,00002,会計系販売系組織体系,2025/11/1,5 ,課,510401,訪問介護第4ｴﾘｱ統括課,4 ,51040101,2024/3/1,9999/12/31,訪問介護第4ｴﾘｱ統括課,訪問介護第4ｴﾘｱ統括課,ﾎｳﾓﾝｶｲｺﾞﾀﾞｲﾖﾝｴﾘｱﾄｳｶﾂｶ,,,,間接部門,,,,,,,,既存,,,,,,,,,001046004010001000000000000000,計上部門
株式会社やさしい手,会計系販売系サブシステム,00002,会計系販売系組織体系,2025/11/1,4 ,部,5104,訪問介護第4ｴﾘｱ,3 ,201510,2024/4/1,9999/12/31,三軒茶屋訪問介護拠点,三軒茶屋訪問介護拠点,ｻﾝｹﾞﾝﾁﾞｬﾔｼﾞｷﾞｮｳｼｮ,,,,その他,,,,03-5433-5518,03-5433-5510,,,既存,,,,,,,,,001046004011000000000000000000,部門
株式会社やさしい手,会計系販売系サブシステム,00002,会計系販売系組織体系,2025/11/1,5 ,課,201510,三軒茶屋訪問介護拠点,4 ,20151030,2024/4/1,9999/12/31,三軒茶屋訪問介護部門,三軒茶屋訪問介護部門,ｻﾝｹﾞﾝｼﾞｬﾔﾎｳﾓﾝｶｲｺﾞﾌﾞﾓﾝ,,,,直接部門,,,,,,,,既存,,,,,,,,,001046004011001000000000000000,計上部門
株式会社やさしい手,会計系販売系サブシステム,00002,会計系販売系組織体系,2025/11/1,5 ,課,201510,三軒茶屋訪問介護拠点,4 ,20151040,2024/4/1,9999/12/31,用賀定期巡回ｻﾃﾗｲﾄ三軒茶屋,用賀定巡ｻﾃ三茶,ﾖｳｶﾞﾃｲｷｼﾞｭﾝｶｲｻﾃﾗｲﾄｻﾝ,,,,直接部門,,,,03-5433-5518,03-5433-5510,,,既存,,,,,,,,,001046004011002000000000000000,計上部門
株式会社やさしい手,会計系販売系サブシステム,00002,会計系販売系組織体系,2025/11/1,4 ,部,5104,訪問介護第4ｴﾘｱ,3 ,201530,2024/4/1,9999/12/31,祖師谷訪問介護拠点,祖師谷訪問介護拠点,ｿｼｶﾞﾔｼﾞｷﾞｮｳｼｮ,,,,その他,,,,03-5429-9199,03-5429-9195,,,既存,,,,,,,,,001046004012000000000000000000,部門
株式会社やさしい手,会計系販売系サブシステム,00002,会計系販売系組織体系,2025/11/1,5 ,課,201530,祖師谷訪問介護拠点,4 ,20153030,2024/4/1,9999/12/31,祖師谷訪問介護部門,祖師谷訪問介護部門,ｿｼｶﾞﾔﾎｳﾓﾝｶｲｺﾞｶ,,,,直接部門,,,,,,,,既存,,,,,,,,,001046004012001000000000000000,計上部門
株式会社やさしい手,会計系販売系サブシステム,00002,会計系販売系組織体系,2025/11/1,5 ,課,201530,祖師谷訪問介護拠点,4 ,20153040,2024/4/1,9999/12/31,祖師谷訪問介護ｻﾃﾗｲﾄ給田,祖師谷訪介ｻﾃ給田,ｿｼｶﾞﾔﾎｳﾓﾝｶｲｺﾞｻﾃﾗｲﾄｷｭｳﾃﾞﾝ,,,,その他,,,,,,,,既存,,,,,,,,,001046004012002000000000000000,計上部門
株式会社やさしい手,会計系販売系サブシステム,00002,会計系販売系組織体系,2025/11/1,4 ,部,5104,訪問介護第4ｴﾘｱ,3 ,201540,2024/4/1,9999/12/31,下高井戸訪問介護拠点,下高井戸訪問介護拠点,ｼﾓﾀｶｲﾄﾞｼﾞｷﾞｮｳｼｮ,,,,その他,,,,03-5329-3070,03-5329-3072,,,既存,,,,,,,,,001046004013000000000000000000,部門
株式会社やさしい手,会計系販売系サブシステム,00002,会計系販売系組織体系,2025/11/1,5 ,課,201540,下高井戸訪問介護拠点,4 ,20154030,2024/4/1,9999/12/31,下高井戸訪問介護部門,下高井戸訪問介護部門,ｼﾓﾀｶｲﾄﾞﾎｳﾓﾝｶｲｺﾞｶ,,,,直接部門,,,,,,,,既存,,,,,,,,,001046004013001000000000000000,計上部門
株式会社やさしい手,会計系販売系サブシステム,00002,会計系販売系組織体系,2025/11/1,4 ,部,5104,訪問介護第4ｴﾘｱ,3 ,201560,2024/4/1,9999/12/31,東松原訪問介護拠点,東松原訪問介護拠点,ﾋｶﾞｼﾏﾂﾊﾞﾗｼﾞｷﾞｮｳｼｮ,,,,その他,,,,,,,,既存,,,,,,,,,001046004014000000000000000000,部門
株式会社やさしい手,会計系販売系サブシステム,00002,会計系販売系組織体系,2025/11/1,5 ,課,201560,東松原訪問介護拠点,4 ,20156030,2024/4/1,9999/12/31,東松原訪問介護部門,東松原訪問介護部門,ﾋｶﾞｼﾏﾂﾊﾞﾗﾎｳﾓﾝｶｲｺﾞﾌﾞﾓﾝ,,,,直接部門,,,,,,,,既存,,,,,,,,,001046004014001000000000000000,計上部門
株式会社やさしい手,会計系販売系サブシステム,00002,会計系販売系組織体系,2025/11/1,4 ,部,5104,訪問介護第4ｴﾘｱ,3 ,201580,2024/4/1,9999/12/31,【使用不可】経堂訪問介護拠点,【不】経堂訪介拠点,ｷｮｳﾄﾞｳｼﾞｷﾞｮｳｼｮ,,,,その他,,,,,,,,既存,,,,,,,,,001046004015000000000000000000,部門
株式会社やさしい手,会計系販売系サブシステム,00002,会計系販売系組織体系,2025/11/1,5 ,課,201580,【不】経堂訪介拠点,4 ,20158030,2024/4/1,9999/12/31,【使用不可】経堂訪問介護部門,【不】経堂訪介部門,ｷｮｳﾄﾞｳﾎｳﾓﾝｶｲｺﾞｶ,,,,直接部門,,,,,,,,既存,,,,,,,,,001046004015001000000000000000,計上部門
株式会社やさしい手,会計系販売系サブシステム,00002,会計系販売系組織体系,2025/11/1,4 ,部,5104,訪問介護第4ｴﾘｱ,3 ,203518,2024/4/1,9999/12/31,用賀訪問介護拠点,用賀訪問介護拠点,ﾖｳｶﾞｼﾞｷﾞｮｳｼｮ,,,,その他,,,,03-5491-6168,03-5491-6170,,,既存,,,,,,,,,001046004016000000000000000000,部門
株式会社やさしい手,会計系販売系サブシステム,00002,会計系販売系組織体系,2025/11/1,5 ,課,203518,用賀訪問介護拠点,4 ,20152540,2024/4/1,9999/12/31,用賀定期巡回部門,用賀定期巡回部門,ﾖｳｶﾞﾃｲｷｼﾞｭﾝｶｲﾌﾞﾓﾝ,,,,直接部門,,,,03-5491-6168,03-5491-6170,,,既存,,,,,,,,,001046004016001000000000000000,計上部門
株式会社やさしい手,会計系販売系サブシステム,00002,会計系販売系組織体系,2025/11/1,5 ,課,203518,用賀訪問介護拠点,4 ,20155030,2024/4/1,9999/12/31,用賀訪問介護部門,用賀訪問介護部門,ﾖｳｶﾞﾎｳﾓﾝｶｲｺﾞｶ,,,,直接部門,,,,03-5491-6168,03-5491-6170,,,既存,,,,,,,,,001046004016002000000000000000,計上部門
株式会社やさしい手,会計系販売系サブシステム,00002,会計系販売系組織体系,2025/11/1,4 ,部,5104,訪問介護第4ｴﾘｱ,3 ,702010,2024/4/1,9999/12/31,【使用不可】給田訪問介護拠点,【不】給田訪介拠点,ｷｭｳﾃﾞﾝｼﾞｷﾞｮｳｼｮ,,,,その他,,,,,,,,既存,,,,,,,,,001046004017000000000000000000,部門
株式会社やさしい手,会計系販売系サブシステム,00002,会計系販売系組織体系,2025/11/1,5 ,課,702010,【不】給田訪介拠点,4 ,70201010,2024/4/1,9999/12/31,【使用不可】給田訪問介護部門,【不】給田訪介部門,ｷｭｳﾃﾞﾝﾎｳﾓﾝｶｲｺﾞﾌﾞﾓﾝ,,,,直接部門,,,,,,,,既存,,,,,,,,,001046004017001000000000000000,計上部門
株式会社やさしい手,会計系販売系サブシステム,00002,会計系販売系組織体系,2025/11/1,3 ,本　部,51,訪問介護ｻｰﾋﾞｽﾗｲﾝ,2 ,5105,2024/3/1,9999/12/31,訪問介護第5ｴﾘｱ,訪問介護第5ｴﾘｱ,ﾎｳﾓﾝｶｲｺﾞﾀﾞｲｺﾞｴﾘｱ,,,,その他,,,,,,,,既存,,,,,,,,,001046005000000000000000000000,部門
株式会社やさしい手,会計系販売系サブシステム,00002,会計系販売系組織体系,2025/11/1,4 ,部,5105,訪問介護第5ｴﾘｱ,3 ,151010,2024/3/1,9999/12/31,江坂訪問介護拠点,江坂訪問介護拠点,ｴｻｶｼﾞｷﾞｮｳｼｮ,,,,その他,,,,06-6193-7881,06-6193-7882,,,既存,,,,,,,,,001046005001000000000000000000,部門
株式会社やさしい手,会計系販売系サブシステム,00002,会計系販売系組織体系,2025/11/1,5 ,課,151010,江坂訪問介護拠点,4 ,15101030,2024/3/1,9999/12/31,江坂訪問介護部門,江坂訪問介護部門,ｴｻｶﾎｳﾓﾝｶｲｺﾞﾌﾞﾓﾝ,,,,直接部門,,,,06-6193-7881,06-6193-7882,,,既存,,,,,,,,,001046005001001000000000000000,計上部門
株式会社やさしい手,会計系販売系サブシステム,00002,会計系販売系組織体系,2025/11/1,4 ,部,5105,訪問介護第5ｴﾘｱ,3 ,151015,2024/3/1,9999/12/31,豊中岡町訪問介護拠点,豊中岡町訪問介護拠点,ﾄﾖﾅｶｵｶﾏﾁｼﾞｷﾞｮｳｼｮ,,,,直接部門,,,,,,,,既存,,,,,,,,,001046005002000000000000000000,部門
株式会社やさしい手,会計系販売系サブシステム,00002,会計系販売系組織体系,2025/11/1,5 ,課,151015,豊中岡町訪問介護拠点,4 ,15101530,2024/3/1,9999/12/31,豊中岡町訪問介護部門,豊中岡町訪問介護部門,ﾄﾖﾅｶｵｶﾏﾁﾎｳﾓﾝｶｲｺﾞﾌﾞﾓﾝ,,,,直接部門,,,,,,,,既存,,,,,,,,,001046005002001000000000000000,計上部門
株式会社やさしい手,会計系販売系サブシステム,00002,会計系販売系組織体系,2025/11/1,4 ,部,5105,訪問介護第5ｴﾘｱ,3 ,151020,2024/3/1,9999/12/31,東淀川訪問介護拠点,東淀川訪問介護拠点,ﾋｶﾞｼﾖﾄﾞｶﾞﾜｼﾞｷﾞｮｳｼｮ,,,,間接部門,,,,,,,,既存,,,,,,,,,001046005003000000000000000000,部門
株式会社やさしい手,会計系販売系サブシステム,00002,会計系販売系組織体系,2025/11/1,5 ,課,151020,東淀川訪問介護拠点,4 ,15102030,2024/3/1,9999/12/31,【使用不可】旧三木訪問介護課,【不】旧三木訪問介護,ｷｭｳﾐｷﾎｳﾓﾝｶｲｺﾞｶ,,,,その他,,,,,,,,既存,,,,,,,,,001046005003001000000000000000,計上部門
株式会社やさしい手,会計系販売系サブシステム,00002,会計系販売系組織体系,2025/11/1,5 ,課,151020,東淀川訪問介護拠点,4 ,15102040,2024/3/1,9999/12/31,東淀川訪問介護部門,東淀川訪問介護部門,ﾋｶﾞｼﾖﾄﾞｶﾞﾜﾎｳﾓﾝｶｲｺﾞﾌﾞﾓﾝ,,,,直接部門,,,,,,,,既存,,,,,,,,,001046005003002000000000000000,計上部門
株式会社やさしい手,会計系販売系サブシステム,00002,会計系販売系組織体系,2025/11/1,4 ,部,5105,訪問介護第5ｴﾘｱ,3 ,151025,2024/3/1,9999/12/31,茨木訪問介護拠点,茨木訪問介護拠点,ｲﾊﾞﾗｷｼﾞｷﾞｮｳｼｮ,,,,その他,,,,072-657-1212,072-657-1213,,,既存,,,,,,,,,001046005004000000000000000000,部門
株式会社やさしい手,会計系販売系サブシステム,00002,会計系販売系組織体系,2025/11/1,5 ,課,151025,茨木訪問介護拠点,4 ,15102530,2024/3/1,9999/12/31,茨木訪問介護部門,茨木訪問介護部門,ｲﾊﾞﾗｷﾎｳﾓﾝｶｲｺﾞﾌﾞﾓﾝ,,,,直接部門,,,,072-657-1212,072-657-1213,,,既存,,,,,,,,,001046005004001000000000000000,計上部門
株式会社やさしい手,会計系販売系サブシステム,00002,会計系販売系組織体系,2025/11/1,4 ,部,5105,訪問介護第5ｴﾘｱ,3 ,151030,2024/3/1,9999/12/31,神戸西訪問介護拠点,神戸西訪問介護拠点,ｺｳﾍﾞﾆｼｼﾞｷﾞｮｳｼｮ,,,,その他,,,,078-996-7050,078-996-7051,,,既存,,,,,,,,,001046005005000000000000000000,部門
株式会社やさしい手,会計系販売系サブシステム,00002,会計系販売系組織体系,2025/11/1,5 ,課,151030,神戸西訪問介護拠点,4 ,15103030,2024/3/1,9999/12/31,神戸西訪問介護部門,神戸西訪問介護部門,ｺｳﾍﾞﾆｼﾎｳﾓﾝｶｲｺﾞﾌﾞﾓﾝ,,,,直接部門,,,,078-996-7050,078-996-7051,,,既存,,,,,,,,,001046005005001000000000000000,計上部門
株式会社やさしい手,会計系販売系サブシステム,00002,会計系販売系組織体系,2025/11/1,4 ,部,5105,訪問介護第5ｴﾘｱ,3 ,151050,2024/3/1,9999/12/31,西明石訪問介護拠点,西明石訪問介護拠点,ﾆｼｱｶｼｼﾞｷﾞｮｳｼｮ,,,,その他,,,,078-922-9005,078-922-9007,,,既存,,,,,,,,,001046005006000000000000000000,部門
株式会社やさしい手,会計系販売系サブシステム,00002,会計系販売系組織体系,2025/11/1,5 ,課,151050,西明石訪問介護拠点,4 ,15105030,2024/3/1,9999/12/31,西明石訪問介護部門,西明石訪問介護部門,ﾆｼｱｶｼﾎｳﾓﾝｶｲｺﾞﾌﾞﾓﾝ,,,,直接部門,,,,078-922-9005,078-922-9007,,,既存,,,,,,,,,001046005006001000000000000000,計上部門
株式会社やさしい手,会計系販売系サブシステム,00002,会計系販売系組織体系,2025/11/1,4 ,部,5105,訪問介護第5ｴﾘｱ,3 ,510501,2024/3/1,9999/12/31,訪問介護第5ｴﾘｱ統括課,訪問介護第5ｴﾘｱ統括課,ﾎｳﾓﾝｶｲｺﾞﾀﾞｲｺﾞｴﾘｱﾄｳｶﾂｶ,,,,その他,,,,,,,,既存,,,,,,,,,001046005010000000000000000000,部門
株式会社やさしい手,会計系販売系サブシステム,00002,会計系販売系組織体系,2025/11/1,5 ,課,510501,訪問介護第5ｴﾘｱ統括課,4 ,51050101,2024/3/1,9999/12/31,訪問介護第5ｴﾘｱ統括課,訪問介護第5ｴﾘｱ統括課,ﾎｳﾓﾝｶｲｺﾞﾀﾞｲｺﾞｴﾘｱﾄｳｶﾂｶ,,,,間接部門,,,,,,,,既存,,,,,,,,,001046005010001000000000000000,計上部門
株式会社やさしい手,会計系販売系サブシステム,00002,会計系販売系組織体系,2025/11/1,3 ,本　部,51,訪問介護ｻｰﾋﾞｽﾗｲﾝ,2 ,5110,2024/3/1,9999/12/31,訪問介護ｻｰﾋﾞｽﾗｲﾝ統括部,訪介ｻｰﾋﾞｽﾗｲﾝ統括部,ﾎｳﾓﾝｶｲｺﾞｻｰﾋﾞｽﾗｲﾝﾄｳｶﾂﾌﾞ,,,,その他,,,,,,,,既存,,,,,,,,,001046006000000000000000000000,部門
株式会社やさしい手,会計系販売系サブシステム,00002,会計系販売系組織体系,2025/11/1,4 ,部,5110,訪介ｻｰﾋﾞｽﾗｲﾝ統括部,3 ,511001,2024/3/1,9999/12/31,訪問介護ｻｰﾋﾞｽﾗｲﾝ統括課,訪介ｻｰﾋﾞｽﾗｲﾝ統括課,ﾎｳﾓﾝｶｲｺﾞｻｰﾋﾞｽﾗｲﾝﾄｳｶﾂｶ,,,,その他,,,,,,,,既存,,,,,,,,,001046006001000000000000000000,部門
株式会社やさしい手,会計系販売系サブシステム,00002,会計系販売系組織体系,2025/11/1,5 ,課,511001,訪介ｻｰﾋﾞｽﾗｲﾝ統括課,4 ,51100101,2024/3/1,9999/12/31,訪問介護ｻｰﾋﾞｽﾗｲﾝ統括課,訪介ｻｰﾋﾞｽﾗｲﾝ統括課,ﾎｳﾓﾝｶｲｺﾞｻｰﾋﾞｽﾗｲﾝﾄｳｶﾂｶ,,,,間接部門,,,,,,,,既存,,,,,,,,,001046006001001000000000000000,計上部門
株式会社やさしい手,会計系販売系サブシステム,00002,会計系販売系組織体系,2025/11/1,3 ,本　部,51,訪問介護ｻｰﾋﾞｽﾗｲﾝ,2 ,5106,2024/4/1,9999/12/31,訪問介護第6ｴﾘｱ,訪問介護第6ｴﾘｱ,ﾎｳﾓﾝｶｲｺﾞﾀﾞｲﾛｸｴﾘｱ,,,,その他,,,,,,,,既存,,,,,,,,,001046007000000000000000000000,部門
株式会社やさしい手,会計系販売系サブシステム,00002,会計系販売系組織体系,2025/11/1,4 ,部,5106,訪問介護第6ｴﾘｱ,3 ,203010,2024/4/1,9999/12/31,中野北口訪問介護拠点,中野北口訪問介護拠点,ﾅｶﾉｷﾀｸﾞﾁﾎｳﾓﾝｶｲｺﾞｷｮﾃﾝ,,,,その他,,,,03-5318-3855,03-5318-6933,,,既存,,,,,,,,,001046007001000000000000000000,部門
株式会社やさしい手,会計系販売系サブシステム,00002,会計系販売系組織体系,2025/11/1,5 ,課,203010,中野北口訪問介護拠点,4 ,20301030,2024/4/1,9999/12/31,中野北口訪問介護部門,中野北口訪問介護部門,ﾅｶﾉｷﾀｸﾞﾁﾎｳﾓﾝｶｲｺﾞｶﾌﾞﾓﾝ,,,,直接部門,,,,,,,,既存,,,,,,,,,001046007001001000000000000000,計上部門
株式会社やさしい手,会計系販売系サブシステム,00002,会計系販売系組織体系,2025/11/1,4 ,部,5106,訪問介護第6ｴﾘｱ,3 ,203015,2024/4/1,9999/12/31,中野南口訪問介護拠点,中野南口訪問介護拠点,ﾅｶﾉﾐﾅﾐｸﾞﾁﾎｳﾓﾝｶｲｺﾞｷｮﾃﾝ,,,,その他,,,,03-5337-9814,03-5337-9819,,,既存,,,,,,,,,001046007002000000000000000000,部門
株式会社やさしい手,会計系販売系サブシステム,00002,会計系販売系組織体系,2025/11/1,5 ,課,203015,中野南口訪問介護拠点,4 ,20301530,2024/4/1,9999/12/31,中野南口訪問介護部門,中野南口訪問介護部門,ﾅｶﾉﾐﾅﾐｸﾞﾁﾎｳﾓﾝｶｲｺﾞﾌﾞﾓﾝ,,,,直接部門,,,,,,,,既存,,,,,,,,,001046007002001000000000000000,計上部門
株式会社やさしい手,会計系販売系サブシステム,00002,会計系販売系組織体系,2025/11/1,5 ,課,203015,中野南口訪問介護拠点,4 ,20301540,2024/4/1,9999/12/31,中野南口定期巡回部門,中野南口定期巡回部門,ﾅｶﾉﾐﾅﾐｸﾞﾁﾃｲｷｼﾞｭﾝｶｲﾞﾌﾞﾓﾝ,,,,直接部門,,,,,,,,既存,,,,,,,,,001046007002002000000000000000,計上部門
株式会社やさしい手,会計系販売系サブシステム,00002,会計系販売系組織体系,2025/11/1,4 ,部,5106,訪問介護第6ｴﾘｱ,3 ,203020,2024/4/1,9999/12/31,荻窪訪問介護拠点,荻窪訪問介護拠点,ｵｷﾞｸﾎﾞｼﾞｷﾞｮｳｼｮ,,,,その他,,,,03-5335-5880,03-5335-5883,,,既存,,,,,,,,,001046007003000000000000000000,部門
株式会社やさしい手,会計系販売系サブシステム,00002,会計系販売系組織体系,2025/11/1,5 ,課,203020,荻窪訪問介護拠点,4 ,20302030,2024/4/1,9999/12/31,荻窪訪問介護部門,荻窪訪問介護部門,ｵｷﾞｸﾎﾞﾎｳﾓﾝｶｲｺﾞｶ,,,,直接部門,,,,,,,,既存,,,,,,,,,001046007003001000000000000000,計上部門
株式会社やさしい手,会計系販売系サブシステム,00002,会計系販売系組織体系,2025/11/1,4 ,部,5106,訪問介護第6ｴﾘｱ,3 ,204010,2024/4/1,9999/12/31,三鷹訪問介護拠点,三鷹訪問介護拠点,ﾐﾀｶｼﾞｷﾞｮｳｼｮ,,,,その他,,,,0422-41-1830,0422-72-1430,,,既存,,,,,,,,,001046007004000000000000000000,部門
株式会社やさしい手,会計系販売系サブシステム,00002,会計系販売系組織体系,2025/11/1,5 ,課,204010,三鷹訪問介護拠点,4 ,20401030,2024/4/1,9999/12/31,三鷹訪問介護部門,三鷹訪問介護部門,ﾐﾀｶﾎｳﾓﾝｶｲｺﾞｶ,,,,直接部門,,,,,,,,既存,,,,,,,,,001046007004001000000000000000,計上部門
株式会社やさしい手,会計系販売系サブシステム,00002,会計系販売系組織体系,2025/11/1,4 ,部,5106,訪問介護第6ｴﾘｱ,3 ,204020,2024/4/1,9999/12/31,吉祥寺訪問介護拠点,吉祥寺訪問介護拠点,ｷﾁｼﾞｮｳｼﾞｼﾞｷﾞｮｳｼｮ,,,,その他,,,,0422-28-6800,0422-28-6801,,,既存,,,,,,,,,001046007005000000000000000000,部門
株式会社やさしい手,会計系販売系サブシステム,00002,会計系販売系組織体系,2025/11/1,5 ,課,204020,吉祥寺訪問介護拠点,4 ,20402030,2024/4/1,9999/12/31,吉祥寺訪問介護部門,吉祥寺訪問介護部門,ｷﾁｼﾞｮｳｼﾞﾎｳﾓﾝｶｲｺﾞﾌﾞﾓﾝ,,,,直接部門,,,,,,,,既存,,,,,,,,,001046007005001000000000000000,計上部門
株式会社やさしい手,会計系販売系サブシステム,00002,会計系販売系組織体系,2025/11/1,5 ,課,204020,吉祥寺訪問介護拠点,4 ,20402040,2024/4/1,9999/12/31,吉祥寺定期巡回部門,吉祥寺定期巡回部門,ｷﾁｼﾞｮｳｼﾞﾃｲｷｼﾞｭﾝｶｲﾌﾞﾓﾝ,,,,直接部門,,,,,,,,既存,,,,,,,,,001046007005002000000000000000,計上部門
株式会社やさしい手,会計系販売系サブシステム,00002,会計系販売系組織体系,2025/11/1,4 ,部,5106,訪問介護第6ｴﾘｱ,3 ,204025,2024/4/1,9999/12/31,武蔵境訪問介護拠点,武蔵境訪問介護拠点,ﾑｻｼｻﾞｶｲｼﾞｷﾞｮｳｼｮ,,,,その他,,,,0422-39-5603,0422-39-5606,,,既存,,,,,,,,,001046007006000000000000000000,部門
株式会社やさしい手,会計系販売系サブシステム,00002,会計系販売系組織体系,2025/11/1,5 ,課,204025,武蔵境訪問介護拠点,4 ,20402530,2024/4/1,9999/12/31,武蔵境訪問介護部門,武蔵境訪問介護部門,ﾑｻｼｻﾞｶｲﾎｳﾓﾝｶｲｺﾞｶ,,,,直接部門,,,,,,,,既存,,,,,,,,,001046007006001000000000000000,計上部門
株式会社やさしい手,会計系販売系サブシステム,00002,会計系販売系組織体系,2025/11/1,4 ,部,5106,訪問介護第6ｴﾘｱ,3 ,204030,2024/4/1,9999/12/31,日野訪問介護拠点,日野訪問介護拠点,ﾋﾉｼﾞｷﾞｮｳｼｮ,,,,その他,,,,042-582-7471,042-582-7473,,,既存,,,,,,,,,001046007007000000000000000000,部門
株式会社やさしい手,会計系販売系サブシステム,00002,会計系販売系組織体系,2025/11/1,5 ,課,204030,日野訪問介護拠点,4 ,20403030,2024/4/1,9999/12/31,日野訪問介護部門,日野訪問介護部門,ﾋﾉﾎｳﾓﾝｶｲｺﾞﾌﾞﾓﾝ,,,,直接部門,,,,,,,,既存,,,,,,,,,001046007007001000000000000000,計上部門
株式会社やさしい手,会計系販売系サブシステム,00002,会計系販売系組織体系,2025/11/1,4 ,部,5106,訪問介護第6ｴﾘｱ,3 ,204040,2024/4/1,9999/12/31,小平訪問介護拠点,小平訪問介護拠点,ｺﾀﾞｲﾗｼﾞｷﾞｮｼｮ,,,,その他,,,,042-348-4155,042-348-4156,,,既存,,,,,,,,,001046007008000000000000000000,部門
株式会社やさしい手,会計系販売系サブシステム,00002,会計系販売系組織体系,2025/11/1,5 ,課,204040,小平訪問介護拠点,4 ,20404030,2024/4/1,9999/12/31,小平訪問介護部門,小平訪問介護部門,ｺﾀﾞｲﾗﾎｳﾓﾝｶｲｺﾞﾌﾞﾓﾝ,,,,直接部門,,,,,,,,既存,,,,,,,,,001046007008001000000000000000,計上部門
株式会社やさしい手,会計系販売系サブシステム,00002,会計系販売系組織体系,2025/11/1,5 ,課,204040,小平訪問介護拠点,4 ,20406030,2024/4/1,9999/12/31,小平分割訪問介護課準備室,小平分割訪介準備室,ｺﾀﾞｲﾗﾌﾞﾝｶﾂﾎｳﾓﾝｶｲｺﾞｶｼﾞｭﾝﾋﾞｼﾂ,,,,直接部門,,,,,,,,既存,,,,,,,,,001046007008002000000000000000,計上部門
株式会社やさしい手,会計系販売系サブシステム,00002,会計系販売系組織体系,2025/11/1,4 ,部,5106,訪問介護第6ｴﾘｱ,3 ,510601,2024/4/1,9999/12/31,訪問介護第6ｴﾘｱ統括課,訪問介護第6ｴﾘｱ統括課,ﾎｳﾓﾝｶｲｺﾞﾀﾞｲﾛｸｴﾘｱﾄｳｶﾂｶ,,,,その他,,,,,,,,既存,,,,,,,,,001046007009000000000000000000,部門
株式会社やさしい手,会計系販売系サブシステム,00002,会計系販売系組織体系,2025/11/1,5 ,課,510601,訪問介護第6ｴﾘｱ統括課,4 ,51060101,2024/4/1,9999/12/31,訪問介護第6ｴﾘｱ統括課,訪問介護第6ｴﾘｱ統括課,ﾎｳﾓﾝｶｲｺﾞﾀﾞｲﾛｸｴﾘｱﾄｳｶﾂｶ,,,,間接部門,,,,,,,,既存,,,,,,,,,001046007009001000000000000000,計上部門
株式会社やさしい手,会計系販売系サブシステム,00002,会計系販売系組織体系,2025/11/1,3 ,本　部,51,訪問介護ｻｰﾋﾞｽﾗｲﾝ,2 ,5107,2024/11/1,9999/12/31,訪問介護第7ｴﾘｱ,訪問介護第7ｴﾘｱ,ﾎｳﾓﾝｶｲｺﾞﾀﾞｲﾅﾅｴﾘｱ,,,,その他,,,,,,,,既存,,,,,,,,,001046008000000000000000000000,部門
株式会社やさしい手,会計系販売系サブシステム,00002,会計系販売系組織体系,2025/11/1,4 ,部,5107,訪問介護第7ｴﾘｱ,3 ,206010,2024/11/1,9999/12/31,平安通訪問介護拠点,平安通訪問介護拠点,ﾍｲｱﾝﾄﾞｵﾘｼﾞｷﾞｮｳｼｮ,,,,その他,,,,052-910-3773,052-910-3774,,,既存,,,,,,,,,001046008001000000000000000000,部門
株式会社やさしい手,会計系販売系サブシステム,00002,会計系販売系組織体系,2025/11/1,5 ,課,206010,平安通訪問介護拠点,4 ,20601030,2024/11/1,9999/12/31,平安通訪問介護部門,平安通訪問介護部門,ﾍｲｱﾝﾄﾞｵﾘﾎｳﾓﾝｶｲｺﾞﾌﾞﾓﾝ,,,,直接部門,,,,,,,,既存,,,,,,,,,001046008001001000000000000000,計上部門
株式会社やさしい手,会計系販売系サブシステム,00002,会計系販売系組織体系,2025/11/1,5 ,課,206010,平安通訪問介護拠点,4 ,20601230,2024/11/1,9999/12/31,【使用不可】平安通訪問介護部門準備室,【不】平安通巡回準備,ﾍｲｱﾝﾄﾞｵﾘｼﾞｭﾝｶｲｸﾞﾙｰﾌﾟ,,,,直接部門,,,,052-910-3773,052-910-3774,,,既存,,,,,,,,,001046008001002000000000000000,計上部門
株式会社やさしい手,会計系販売系サブシステム,00002,会計系販売系組織体系,2025/11/1,5 ,課,206010,平安通訪問介護拠点,4 ,20601430,2024/11/1,9999/12/31,【使用不可】平安通定期巡回部門準備室,【不】平安通定巡部門,ﾍｲｱﾝﾄﾞｵﾘﾃｲｷｼﾞｭﾝｶｲﾌﾞﾓﾝ,,,,直接部門,,,,052-910-3773,052-910-3774,,,既存,,,,,,,,,001046008001003000000000000000,計上部門
株式会社やさしい手,会計系販売系サブシステム,00002,会計系販売系組織体系,2025/11/1,4 ,部,5107,訪問介護第7ｴﾘｱ,3 ,206020,2024/11/1,9999/12/31,小幡訪問介護拠点,小幡訪問介護拠点,ｵﾊﾞﾀｼﾞｷﾞｮｳｼｮ,,,,その他,,,,052-797-5025,052-797-5030,,,既存,,,,,,,,,001046008002000000000000000000,部門
株式会社やさしい手,会計系販売系サブシステム,00002,会計系販売系組織体系,2025/11/1,5 ,課,206020,小幡訪問介護拠点,4 ,20602030,2024/11/1,9999/12/31,小幡訪問介護部門,小幡訪問介護部門,ｵﾊﾞﾀﾎｳﾓﾝｶｲｺﾞﾌﾞﾓﾝ,,,,直接部門,,,,,,,,既存,,,,,,,,,001046008002001000000000000000,計上部門
株式会社やさしい手,会計系販売系サブシステム,00002,会計系販売系組織体系,2025/11/1,4 ,部,5107,訪問介護第7ｴﾘｱ,3 ,206030,2024/11/1,9999/12/31,庄内通訪問介護拠点,庄内通訪問介護拠点,ｼｮｳﾅｲﾄﾞｵﾘｼﾞｷﾞｮｳｼｮ,,,,その他,,,,052-528-5617,052-528-5618,,,既存,,,,,,,,,001046008003000000000000000000,部門
株式会社やさしい手,会計系販売系サブシステム,00002,会計系販売系組織体系,2025/11/1,5 ,課,206030,庄内通訪問介護拠点,4 ,20603030,2024/11/1,9999/12/31,庄内通訪問介護部門,庄内通訪問介護部門,ｼｮｳﾅｲﾄﾞｵﾘﾎｳﾓﾝｶｲｺﾞﾌﾞﾓﾝ,,,,直接部門,,,,052-528-5617,,,,既存,,,,,,,,,001046008003001000000000000000,計上部門
株式会社やさしい手,会計系販売系サブシステム,00002,会計系販売系組織体系,2025/11/1,4 ,部,5107,訪問介護第7ｴﾘｱ,3 ,510701,2024/11/1,9999/12/31,訪問介護第7ｴﾘｱ統括課,訪問介護第7ｴﾘｱ統括課,ﾎｳﾓﾝｶｲｺﾞﾀﾞｲﾅﾅｴﾘｱﾄｳｶﾂｶ,,,,その他,,,,,,,,既存,,,,,,,,,001046008004000000000000000000,部門
株式会社やさしい手,会計系販売系サブシステム,00002,会計系販売系組織体系,2025/11/1,5 ,課,510701,訪問介護第7ｴﾘｱ統括課,4 ,51070101,2024/11/1,9999/12/31,訪問介護第7ｴﾘｱ統括課,訪問介護第7ｴﾘｱ統括課,ﾎｳﾓﾝｶｲｺﾞﾀﾞｲﾅﾅｴﾘｱﾄｳｶﾂｶ,,,,間接部門,,,,,,,,既存,,,,,,,,,001046008004001000000000000000,計上部門
株式会社やさしい手,会計系販売系サブシステム,00002,会計系販売系組織体系,2025/11/1,3 ,本　部,51,訪問介護ｻｰﾋﾞｽﾗｲﾝ,2 ,5108,2025/5/1,9999/12/31,訪問介護第8ｴﾘｱ,訪問介護第8ｴﾘｱ,ﾎｳﾓﾝｶｲｺﾞﾀﾞｲﾊﾁｴﾘｱ,,,,その他,,,,,,,,既存,,,,,,,,,001046009000000000000000000000,部門
株式会社やさしい手,会計系販売系サブシステム,00002,会計系販売系組織体系,2025/11/1,4 ,部,5108,訪問介護第8ｴﾘｱ,3 ,203610,2025/5/1,9999/12/31,小田急相模原訪問介護拠点,小田急相模原訪介拠点,ｵﾀﾞｷｭｳｻｶﾞﾐﾊﾗｼﾞｷﾞｮｳｼｮ,,,,その他,,,,,,,,既存,,,,,,,,,001046009001000000000000000000,部門
株式会社やさしい手,会計系販売系サブシステム,00002,会計系販売系組織体系,2025/11/1,5 ,課,203610,小田急相模原訪介拠点,4 ,20361010,2025/5/1,9999/12/31,小田急相模原訪問介護部門,小田急相模原訪介部門,ｵﾀﾞｷｭｳｻｶﾞﾐﾊﾗﾎｳﾓﾝｶｲｺﾞﾌﾞﾓﾝ,,,,直接部門,,,,,,,,既存,,,,,,,,,001046009001001000000000000000,計上部門
株式会社やさしい手,会計系販売系サブシステム,00002,会計系販売系組織体系,2025/11/1,4 ,部,5108,訪問介護第8ｴﾘｱ,3 ,203620,2025/5/1,9999/12/31,横浜南訪問介護拠点,横浜南訪問介護拠点,ﾖｺﾊﾏﾐﾅﾐｼﾞｷﾞｮｳｼｮ,,,,その他,,,,,,,,既存,,,,,,,,,001046009002000000000000000000,部門
株式会社やさしい手,会計系販売系サブシステム,00002,会計系販売系組織体系,2025/11/1,5 ,課,203620,横浜南訪問介護拠点,4 ,20362010,2025/5/1,9999/12/31,横浜南訪問介護部門,横浜南訪問介護部門,ﾖｺﾊﾏﾐﾅﾐﾎｳﾓﾝｶｲｺﾞﾌﾞﾓﾝ,,,,直接部門,,,,,,,,既存,,,,,,,,,001046009002001000000000000000,計上部門
株式会社やさしい手,会計系販売系サブシステム,00002,会計系販売系組織体系,2025/11/1,4 ,部,5108,訪問介護第8ｴﾘｱ,3 ,203630,2025/5/1,9999/12/31,辻堂訪問介護拠点,辻堂訪問介護拠点,ﾂｼﾞﾄﾞｳｼﾞｷﾞｮｳｼｮ,,,,その他,,,,,,,,既存,,,,,,,,,001046009003000000000000000000,部門
株式会社やさしい手,会計系販売系サブシステム,00002,会計系販売系組織体系,2025/11/1,5 ,課,203630,辻堂訪問介護拠点,4 ,20363010,2025/5/1,9999/12/31,辻堂訪問介護部門,辻堂訪問介護部門,ﾂｼﾞﾄﾞｳﾎｳﾓﾝｶｲｺﾞﾌﾞﾓﾝ,,,,直接部門,,,,,,,,既存,,,,,,,,,001046009003001000000000000000,計上部門
株式会社やさしい手,会計系販売系サブシステム,00002,会計系販売系組織体系,2025/11/1,4 ,部,5108,訪問介護第8ｴﾘｱ,3 ,510801,2025/5/1,9999/12/31,訪問介護第8ｴﾘｱ統括課,訪問介護第8ｴﾘｱ統括課,ﾎｳﾓﾝｶｲｺﾞﾀﾞｲﾊﾁｴﾘｱﾄｳｶﾂｶ,,,,その他,,,,,,,,既存,,,,,,,,,001046009004000000000000000000,部門
株式会社やさしい手,会計系販売系サブシステム,00002,会計系販売系組織体系,2025/11/1,5 ,課,510801,訪問介護第8ｴﾘｱ統括課,4 ,51080101,2025/5/1,9999/12/31,訪問介護第8ｴﾘｱ統括課,訪問介護第8ｴﾘｱ統括課,ﾎｳﾓﾝｶｲｺﾞﾀﾞｲﾊﾁｴﾘｱﾄｳｶﾂｶ,,,,間接部門,,,,,,,,既存,,,,,,,,,001046009004001000000000000000,計上部門
株式会社やさしい手,会計系販売系サブシステム,00002,会計系販売系組織体系,2025/11/1,2 ,本社／支社,0000000000,全社,1 ,52,2024/3/1,9999/12/31,訪問高住ｻｰﾋﾞｽﾗｲﾝ,訪問高住ｻｰﾋﾞｽﾗｲﾝ,ﾎｳﾓﾝｺｳｼﾞｭｳｻｰﾋﾞｽﾗｲﾝ,,,,その他,,,,,,,,既存,,,,,,,,,001047000000000000000000000000,部門
株式会社やさしい手,会計系販売系サブシステム,00002,会計系販売系組織体系,2025/11/1,3 ,本　部,52,訪問高住ｻｰﾋﾞｽﾗｲﾝ,2 ,5201,2024/3/1,9999/12/31,訪問高住第1ｴﾘｱ,訪問高住第1ｴﾘｱ,ﾎｳﾓﾝｺｳｼﾞｭｳﾀﾞｲｲﾁｴﾘｱ,,,,その他,,,,,,,,既存,,,,,,,,,001047001000000000000000000000,部門
株式会社やさしい手,会計系販売系サブシステム,00002,会計系販売系組織体系,2025/11/1,4 ,部,5201,訪問高住第1ｴﾘｱ,3 ,209220,2024/3/1,9999/12/31,上石神井訪問高住拠点,上石神井訪問高住拠点,ｶﾐｼｬｸｼﾞｲﾎｳﾓﾝｺｳｼﾞｭｳｷｮﾃﾝ,,,,その他,,,,,,,,既存,,,,,,,,,001047001001000000000000000000,部門
株式会社やさしい手,会計系販売系サブシステム,00002,会計系販売系組織体系,2025/11/1,5 ,課,209220,上石神井訪問高住拠点,4 ,20922010,2024/3/1,9999/12/31,上石神井訪問介護部門,上石神井訪問介護部門,ｶﾐｼｬｸｼﾞｲﾎｳﾓﾝｶｲｺﾞﾌﾞﾓﾝ,,,,直接部門,,,,,,,,既存,,,,,,,,,001047001001001000000000000000,計上部門
株式会社やさしい手,会計系販売系サブシステム,00002,会計系販売系組織体系,2025/11/1,5 ,課,209220,上石神井訪問高住拠点,4 ,20922011,2024/3/1,9999/12/31,上石神井住宅役務部門,上石神井住宅役務部門,ｶﾐｼｬｸｼﾞｲｼﾞｭｳﾀｸｴｷﾑﾌﾞﾓﾝ,,,,直接部門,,,,,,,,既存,,,,,,,,,001047001001002000000000000000,計上部門
株式会社やさしい手,会計系販売系サブシステム,00002,会計系販売系組織体系,2025/11/1,5 ,課,209220,上石神井訪問高住拠点,4 ,20922012,2024/3/1,9999/12/31,上石神井定期巡回部門,上石神井定期巡回部門,ｶﾐｼｬｸｼﾞｲﾃｲｷｼﾞｭﾝｶｲﾌﾞﾓﾝ,,,,直接部門,,,,,,,,既存,,,,,,,,,001047001001003000000000000000,計上部門
株式会社やさしい手,会計系販売系サブシステム,00002,会計系販売系組織体系,2025/11/1,4 ,部,5201,訪問高住第1ｴﾘｱ,3 ,209240,2024/3/1,9999/12/31,西台訪問高住拠点,西台訪問高住拠点,ｲﾀﾊﾞｼﾆｼﾀﾞｲﾎｳﾓﾝｺｳｼﾞｭｳｷｮﾃﾝ,,,,その他,,,,,,,,既存,,,,,,,,,001047001002000000000000000000,部門
株式会社やさしい手,会計系販売系サブシステム,00002,会計系販売系組織体系,2025/11/1,5 ,課,209240,西台訪問高住拠点,4 ,20924010,2024/3/1,9999/12/31,西台訪問介護部門,西台訪問介護部門,ｲﾀﾊﾞｼﾆｼﾀﾞｲﾎｳﾓﾝｶｲｺﾞﾌﾞﾓﾝ,,,,直接部門,,,,,,,,既存,,,,,,,,,001047001002001000000000000000,計上部門
株式会社やさしい手,会計系販売系サブシステム,00002,会計系販売系組織体系,2025/11/1,5 ,課,209240,西台訪問高住拠点,4 ,20924020,2024/3/1,9999/12/31,西台住宅役務部門,西台住宅役務部門,ｲﾀﾊﾞｼﾆｼﾀﾞｲｼﾞｭｳﾀｸｴｷﾑﾌﾞﾓﾝ,,,,直接部門,,,,,,,,既存,,,,,,,,,001047001002002000000000000000,計上部門
株式会社やさしい手,会計系販売系サブシステム,00002,会計系販売系組織体系,2025/11/1,4 ,部,5201,訪問高住第1ｴﾘｱ,3 ,209565,2024/3/1,9999/12/31,日野南平訪問高住拠点,日野南平訪問高住拠点,ﾋﾉﾐﾅﾐｴﾀﾞｲﾗﾎｳﾓﾝｺｳｼﾞｭｳｷｮﾃﾝ,,,,その他,,,,,,,,既存,,,,,,,,,001047001003000000000000000000,部門
株式会社やさしい手,会計系販売系サブシステム,00002,会計系販売系組織体系,2025/11/1,5 ,課,209565,日野南平訪問高住拠点,4 ,20956510,2024/3/1,9999/12/31,日野南平訪問介護部門,日野南平訪問介護部門,ﾋﾉﾐﾅﾐﾀﾞｲﾗﾎｳﾓﾝｶｲｺﾞﾌﾞﾓﾝ,,,,直接部門,,,,,,,,既存,,,,,,,,,001047001003001000000000000000,計上部門
株式会社やさしい手,会計系販売系サブシステム,00002,会計系販売系組織体系,2025/11/1,5 ,課,209565,日野南平訪問高住拠点,4 ,20956530,2024/3/1,9999/12/31,日野南平定期巡回部門,日野南平定期巡回部門,ﾋﾉﾐﾅﾐﾀﾞｲﾗﾃｲｷｼﾞｭﾝｶｲﾌﾞﾓﾝ,,,,直接部門,,,,,,,,既存,,,,,,,,,001047001003002000000000000000,計上部門
株式会社やさしい手,会計系販売系サブシステム,00002,会計系販売系組織体系,2025/11/1,5 ,課,209565,日野南平訪問高住拠点,4 ,20956550,2024/3/1,9999/12/31,日野南平住宅役務部門,日野南平住宅役務部門,ﾋﾉﾐﾅﾐﾀﾞｲﾗｼﾞｭｳﾀｸｴｷﾑﾌﾞﾓﾝ,,,,直接部門,,,,,,,,既存,,,,,,,,,001047001003003000000000000000,計上部門
株式会社やさしい手,会計系販売系サブシステム,00002,会計系販売系組織体系,2025/11/1,4 ,部,5201,訪問高住第1ｴﾘｱ,3 ,209566,2024/3/1,9999/12/31,平尾訪問高住拠点,平尾訪問高住拠点,ﾋﾗｵｺｳｼﾞｭｷｮﾃﾝｷｮﾃﾝ,,,,その他,,,,,,,,既存,,,,,,,,,001047001004000000000000000000,部門
株式会社やさしい手,会計系販売系サブシステム,00002,会計系販売系組織体系,2025/11/1,5 ,課,209566,平尾訪問高住拠点,4 ,20956640,2024/3/1,9999/12/31,平尾訪問介護部門,平尾訪問介護部門,ﾋﾗｵﾎｳﾓﾝｶｲｺﾞﾌﾞﾓﾝ,,,,直接部門,,,,,,,,既存,,,,,,,,,001047001004001000000000000000,計上部門
株式会社やさしい手,会計系販売系サブシステム,00002,会計系販売系組織体系,2025/11/1,5 ,課,209566,平尾訪問高住拠点,4 ,20956650,2024/3/1,9999/12/31,平尾定期巡回部門,平尾定期巡回部門,ﾋﾗｵﾃｲｷｼﾞｭﾝｶｲﾌﾞﾓﾝ,,,,直接部門,,,,,,,,既存,,,,,,,,,001047001004002000000000000000,計上部門
株式会社やさしい手,会計系販売系サブシステム,00002,会計系販売系組織体系,2025/11/1,5 ,課,209566,平尾訪問高住拠点,4 ,20956660,2024/3/1,9999/12/31,平尾住宅役務部門,平尾住宅役務部門,ﾋﾗｵｼﾞｭｳﾀｸｴｷﾑﾌﾞﾓﾝ,,,,直接部門,,,,,,,,既存,,,,,,,,,001047001004003000000000000000,計上部門
株式会社やさしい手,会計系販売系サブシステム,00002,会計系販売系組織体系,2025/11/1,4 ,部,5201,訪問高住第1ｴﾘｱ,3 ,209567,2024/3/1,9999/12/31,三鷹北野訪問高住拠点,三鷹北野訪問高住拠点,ﾐﾀｶｷﾀﾉﾎｳﾓﾝｺｳｼﾞｭｳｷｮﾃﾝ,,,,その他,,,,,,,,既存,,,,,,,,,001047001005000000000000000000,部門
株式会社やさしい手,会計系販売系サブシステム,00002,会計系販売系組織体系,2025/11/1,5 ,課,209567,三鷹北野訪問高住拠点,4 ,20956740,2024/3/1,9999/12/31,三鷹北野訪問介護部門,三鷹北野訪問介護部門,ﾐﾀｶｷﾀﾉﾎｳﾓﾝｶｲｺﾞﾌﾞﾓﾝ,,,,直接部門,,,,,,,,既存,,,,,,,,,001047001005001000000000000000,計上部門
株式会社やさしい手,会計系販売系サブシステム,00002,会計系販売系組織体系,2025/11/1,5 ,課,209567,三鷹北野訪問高住拠点,4 ,20956750,2024/3/1,9999/12/31,三鷹北野定期巡回部門,三鷹北野定期巡回部門,ﾐﾀｶｷﾀﾉﾃｲｷｼﾞｭﾝｶｲﾌﾞﾓﾝ,,,,直接部門,,,,,,,,既存,,,,,,,,,001047001005002000000000000000,計上部門
株式会社やさしい手,会計系販売系サブシステム,00002,会計系販売系組織体系,2025/11/1,5 ,課,209567,三鷹北野訪問高住拠点,4 ,20956760,2024/3/1,9999/12/31,三鷹北野住宅役務部門,三鷹北野住宅役務部門,ﾐﾀｶｷﾀﾉｼﾞｭｳﾀｸｴｷﾑﾌﾞﾓﾝ,,,,直接部門,,,,,,,,既存,,,,,,,,,001047001005003000000000000000,計上部門
株式会社やさしい手,会計系販売系サブシステム,00002,会計系販売系組織体系,2025/11/1,4 ,部,5201,訪問高住第1ｴﾘｱ,3 ,209569,2024/3/1,9999/12/31,北烏山訪問高住拠点,北烏山訪問高住拠点,ｷﾀｶﾗｽﾔﾏｺｳｼﾞｭｳｷｮﾃﾝ,,,,直接部門,,,,,,,,既存,,,,,,,,,001047001006000000000000000000,部門
株式会社やさしい手,会計系販売系サブシステム,00002,会計系販売系組織体系,2025/11/1,5 ,課,209569,北烏山訪問高住拠点,4 ,20956940,2024/3/1,9999/12/31,北烏山訪問介護部門,北烏山訪問介護部門,ｷﾀｶﾗｽﾔﾏﾎｳﾓﾝｶｲｺﾞﾌﾞﾓﾝ,,,,直接部門,,,,,,,,既存,,,,,,,,,001047001006001000000000000000,計上部門
株式会社やさしい手,会計系販売系サブシステム,00002,会計系販売系組織体系,2025/11/1,5 ,課,209569,北烏山訪問高住拠点,4 ,20956950,2024/3/1,9999/12/31,北烏山定期巡回部門準備室,北烏山定期巡回部門,ｷﾀｶﾗｽﾔﾏﾃｲｷｼﾞｭﾝｶｲﾌﾞﾓﾝ,,,,直接部門,,,,,,,,既存,,,,,,,,,001047001006002000000000000000,計上部門
株式会社やさしい手,会計系販売系サブシステム,00002,会計系販売系組織体系,2025/11/1,5 ,課,209569,北烏山訪問高住拠点,4 ,20956960,2024/3/1,9999/12/31,北烏山住宅役務部門,北烏山住宅役務部門,ｷﾀｶﾗｽﾔﾏｼﾞｭｳﾀｸｴｷﾑﾌﾞﾓﾝ,,,,直接部門,,,,,,,,既存,,,,,,,,,001047001006003000000000000000,計上部門
株式会社やさしい手,会計系販売系サブシステム,00002,会計系販売系組織体系,2025/11/1,4 ,部,5201,訪問高住第1ｴﾘｱ,3 ,209610,2024/3/1,9999/12/31,新柏訪問高住拠点,新柏訪問高住拠点,ｼﾝｶｼﾜﾎｳﾓﾝｺｳｼﾞｭｳｷｮﾃﾝ,,,,その他,,,,,,,,既存,,,,,,,,,001047001007000000000000000000,部門
株式会社やさしい手,会計系販売系サブシステム,00002,会計系販売系組織体系,2025/11/1,5 ,課,209610,新柏訪問高住拠点,4 ,20961040,2024/3/1,9999/12/31,新柏訪問介護部門,新柏訪問介護部門,ｼﾝｶｼﾜﾎｳﾓﾝｶｲｺﾞﾌﾞﾓﾝ,,,,直接部門,,,,,,,,既存,,,,,,,,,001047001007001000000000000000,計上部門
株式会社やさしい手,会計系販売系サブシステム,00002,会計系販売系組織体系,2025/11/1,5 ,課,209610,新柏訪問高住拠点,4 ,20961050,2024/3/1,9999/12/31,新柏住宅役務部門,新柏住宅役務部門,ｼﾝｶｼﾜｼﾞｭｳﾀｸｴｷﾑﾌﾞﾓﾝ,,,,直接部門,,,,,,,,既存,,,,,,,,,001047001007002000000000000000,計上部門
株式会社やさしい手,会計系販売系サブシステム,00002,会計系販売系組織体系,2025/11/1,5 ,課,209610,新柏訪問高住拠点,4 ,20961060,2024/3/1,9999/12/31,新柏定期巡回部門,新柏定期巡回部門,ｼﾝｶｼﾜﾃｲｷｼﾞｭﾝｶｲﾌﾞﾓﾝ,,,,直接部門,,,,,,,,既存,,,,,,,,,001047001007003000000000000000,計上部門
株式会社やさしい手,会計系販売系サブシステム,00002,会計系販売系組織体系,2025/11/1,4 ,部,5201,訪問高住第1ｴﾘｱ,3 ,209665,2024/3/1,9999/12/31,南古谷訪問高住拠点,南古谷訪問高住拠点,ﾐﾅﾐﾌﾙﾔｼﾞｷﾞｮｳｼｮ,,,,その他,,,,,,,,既存,,,,,,,,,001047001008000000000000000000,部門
株式会社やさしい手,会計系販売系サブシステム,00002,会計系販売系組織体系,2025/11/1,5 ,課,209665,南古谷訪問高住拠点,4 ,20966510,2024/3/1,9999/12/31,南古谷訪問介護部門,南古谷訪問介護部門,ﾐﾅﾐﾌﾙﾔﾎｳﾓﾝｶｲｺﾞﾌﾞﾓﾝ,,,,直接部門,,,,,,,,既存,,,,,,,,,001047001008001000000000000000,計上部門
株式会社やさしい手,会計系販売系サブシステム,00002,会計系販売系組織体系,2025/11/1,5 ,課,209665,南古谷訪問高住拠点,4 ,20966520,2024/3/1,9999/12/31,南古谷住宅役務部門,南古谷住宅役務部門,ﾐﾅﾐﾌﾙﾔｼﾞｭｳﾀｸｴｷﾑﾌﾞﾓﾝ,,,,直接部門,,,,,,,,既存,,,,,,,,,001047001008002000000000000000,計上部門
株式会社やさしい手,会計系販売系サブシステム,00002,会計系販売系組織体系,2025/11/1,4 ,部,5201,訪問高住第1ｴﾘｱ,3 ,209700,2024/3/1,9999/12/31,三鷹中原訪問高住拠点,三鷹中原訪問高住拠点,ﾐﾀｶﾅｶﾊﾗﾎｳﾓﾝｺｳｼﾞｭｳｷｮﾃﾝ,,,,その他,,,,,,,,既存,,,,,,,,,001047001009000000000000000000,部門
株式会社やさしい手,会計系販売系サブシステム,00002,会計系販売系組織体系,2025/11/1,5 ,課,209700,三鷹中原訪問高住拠点,4 ,20970040,2024/3/1,9999/12/31,【使用不可】三鷹中原訪問介護部門,【不】三鷹中原訪介,ﾐﾀｶﾅｶﾊﾗﾎｳﾓﾝｶｲｺﾞﾌﾞﾓﾝ,,,,直接部門,,,,,,,,既存,,,,,,,,,001047001009001000000000000000,計上部門
株式会社やさしい手,会計系販売系サブシステム,00002,会計系販売系組織体系,2025/11/1,5 ,課,209700,三鷹中原訪問高住拠点,4 ,20970045,2024/3/1,9999/12/31,三鷹中原訪問介護部門,三鷹中原訪問介護部門,ﾐﾀｶﾅｶﾊﾗﾎｳﾓﾝｶｲｺﾞﾌﾞﾓﾝ,,,,直接部門,,,,,,,,既存,,,,,,,,,001047001009002000000000000000,計上部門
株式会社やさしい手,会計系販売系サブシステム,00002,会計系販売系組織体系,2025/11/1,5 ,課,209700,三鷹中原訪問高住拠点,4 ,20970050,2024/3/1,9999/12/31,【使用不可】三鷹中原定期巡回部門,【不】三鷹中原定巡,ﾐﾀｶﾅｶﾊﾗﾃｲｷｼﾞｭﾝｶｲﾌﾞﾓﾝ,,,,直接部門,,,,,,,,既存,,,,,,,,,001047001009003000000000000000,計上部門
株式会社やさしい手,会計系販売系サブシステム,00002,会計系販売系組織体系,2025/11/1,5 ,課,209700,三鷹中原訪問高住拠点,4 ,20970060,2024/3/1,9999/12/31,三鷹中原住宅役務部門,三鷹中原住宅役務部門,ﾐﾀｶﾅｶﾊﾗｼﾞｭｳﾀｸｴｷﾑﾌﾞﾓﾝ,,,,直接部門,,,,,,,,既存,,,,,,,,,001047001009004000000000000000,計上部門
株式会社やさしい手,会計系販売系サブシステム,00002,会計系販売系組織体系,2025/11/1,4 ,部,5201,訪問高住第1ｴﾘｱ,3 ,264010,2024/3/1,9999/12/31,柏たなか訪問高住拠点,柏たなか訪問高住拠点,ｶｼﾜﾀﾅｶﾎｳﾓﾝｺｳｼﾞｭｳｷｮﾃﾝ,,,,その他,,,,,,,,既存,,,,,,,,,001047001010000000000000000000,部門
株式会社やさしい手,会計系販売系サブシステム,00002,会計系販売系組織体系,2025/11/1,5 ,課,264010,柏たなか訪問高住拠点,4 ,26401010,2024/3/1,9999/12/31,柏たなか訪問介護部門,柏たなか訪問介護部門,ｶｼﾜﾀﾅｶﾎｳﾓﾝｶｲｺﾞﾌﾞﾓﾝ,,,,直接部門,,,,,,,,既存,,,,,,,,,001047001010001000000000000000,計上部門
株式会社やさしい手,会計系販売系サブシステム,00002,会計系販売系組織体系,2025/11/1,5 ,課,264010,柏たなか訪問高住拠点,4 ,26401020,2024/3/1,9999/12/31,柏たなか住宅役務部門,柏たなか住宅役務部門,ｶｼﾜﾀﾅｶｼﾞｭｳﾀｸｴｷﾑﾌﾞﾓﾝ,,,,直接部門,,,,,,,,既存,,,,,,,,,001047001010002000000000000000,計上部門
株式会社やさしい手,会計系販売系サブシステム,00002,会計系販売系組織体系,2025/11/1,4 ,部,5201,訪問高住第1ｴﾘｱ,3 ,520101,2024/3/1,9999/12/31,訪問高住第1ｴﾘｱ統括課,訪問高住第1ｴﾘｱ統括課,ﾎｳﾓﾝｺｳｼﾞｭｳﾀﾞｲｲﾁｴﾘｱﾄｳｶﾂｶ,,,,その他,,,,,,,,既存,,,,,,,,,001047001011000000000000000000,部門
株式会社やさしい手,会計系販売系サブシステム,00002,会計系販売系組織体系,2025/11/1,5 ,課,520101,訪問高住第1ｴﾘｱ統括課,4 ,52010101,2024/3/1,9999/12/31,訪問高住第1ｴﾘｱ統括課,訪問高住第1ｴﾘｱ統括課,ﾎｳﾓﾝｺｳｼﾞｭｳﾀﾞｲｲﾁｴﾘｱﾄｳｶﾂｶ,,,,間接部門,,,,,,,,既存,,,,,,,,,001047001011001000000000000000,計上部門
株式会社やさしい手,会計系販売系サブシステム,00002,会計系販売系組織体系,2025/11/1,4 ,部,5201,訪問高住第1ｴﾘｱ,3 ,803010,2024/3/1,9999/12/31,新小平訪問高住拠点,新小平訪問高住拠点,ｼﾝｺﾀﾞｲﾗｺｳｼﾞｭｷｮﾃﾝｷｮﾃﾝ,,,,その他,,,,,,,,既存,,,,,,,,,001047001012000000000000000000,部門
株式会社やさしい手,会計系販売系サブシステム,00002,会計系販売系組織体系,2025/11/1,5 ,課,803010,新小平訪問高住拠点,4 ,80301010,2024/3/1,9999/12/31,新小平訪問介護部門,新小平訪問介護部門,ｼﾝｺﾀﾞｲﾗﾎｳﾓﾝｶｲｺﾞﾌﾞﾓﾝ,,,,直接部門,,,,,,,,既存,,,,,,,,,001047001012001000000000000000,計上部門
株式会社やさしい手,会計系販売系サブシステム,00002,会計系販売系組織体系,2025/11/1,5 ,課,803010,新小平訪問高住拠点,4 ,80301020,2024/3/1,9999/12/31,新小平住宅役務部門,新小平住宅役務部門,ｼﾝｺﾀﾞｲﾗｼﾞｭｳﾀｸｴｷﾑﾌﾞﾓﾝ,,,,直接部門,,,,,,,,既存,,,,,,,,,001047001012002000000000000000,計上部門
株式会社やさしい手,会計系販売系サブシステム,00002,会計系販売系組織体系,2025/11/1,4 ,部,5201,訪問高住第1ｴﾘｱ,3 ,503020,2024/4/1,9999/12/31,楠訪問高住拠点,楠訪問高住拠点,ｸｽﾉｷﾎｳﾓﾝｺｳｼﾞｭｳｷｮﾃﾝ,,,,その他,,,,,,,,既存,,,,,,,,,001047001013000000000000000000,部門
株式会社やさしい手,会計系販売系サブシステム,00002,会計系販売系組織体系,2025/11/1,5 ,課,503020,楠訪問高住拠点,4 ,50302040,2024/4/1,9999/12/31,楠訪問介護部門,楠訪問介護部門,ｸｽﾉｷﾎｳﾓﾝｶｲｺﾞﾌﾞﾓﾝ,,,,直接部門,,,,,,,,既存,,,,,,,,,001047001013001000000000000000,計上部門
株式会社やさしい手,会計系販売系サブシステム,00002,会計系販売系組織体系,2025/11/1,5 ,課,503020,楠訪問高住拠点,4 ,50302050,2024/4/1,9999/12/31,楠定期巡回部門,楠定期巡回部門,ｸｽﾉｷﾃｲｷｼﾞｭﾝｶｲﾌﾞﾓﾝ,,,,直接部門,,,,,,,,既存,,,,,,,,,001047001013002000000000000000,計上部門
株式会社やさしい手,会計系販売系サブシステム,00002,会計系販売系組織体系,2025/11/1,5 ,課,503020,楠訪問高住拠点,4 ,50302060,2024/4/1,9999/12/31,楠住宅役務部門,楠住宅役務部門,ｸｽﾉｷｼﾞｭｳﾀｸｴｷﾑﾌﾞﾓﾝ,,,,直接部門,,,,,,,,既存,,,,,,,,,001047001013003000000000000000,計上部門
株式会社やさしい手,会計系販売系サブシステム,00002,会計系販売系組織体系,2025/11/1,3 ,本　部,52,訪問高住ｻｰﾋﾞｽﾗｲﾝ,2 ,5202,2024/3/1,9999/12/31,訪問高住第2ｴﾘｱ,訪問高住第2ｴﾘｱ,ﾎｳﾓﾝｺｳｼﾞｭｳﾀﾞｲﾆｴﾘｱ,,,,その他,,,,,,,,既存,,,,,,,,,001047002000000000000000000000,部門
株式会社やさしい手,会計系販売系サブシステム,00002,会計系販売系組織体系,2025/11/1,4 ,部,5202,訪問高住第2ｴﾘｱ,3 ,520201,2024/3/1,9999/12/31,訪問高住第2ｴﾘｱ統括課,訪問高住第2ｴﾘｱ統括課,ﾎｳﾓﾝｺｳｼﾞｭｳﾀﾞｲﾆｴﾘｱﾄｳｶﾂｶ,,,,その他,,,,,,,,既存,,,,,,,,,001047002001000000000000000000,部門
株式会社やさしい手,会計系販売系サブシステム,00002,会計系販売系組織体系,2025/11/1,5 ,課,520201,訪問高住第2ｴﾘｱ統括課,4 ,52020101,2024/3/1,9999/12/31,訪問高住第2ｴﾘｱ統括課,訪問高住第2ｴﾘｱ統括課,ﾎｳﾓﾝｺｳｼﾞｭｳﾀﾞｲﾆｴﾘｱﾄｳｶﾂｶ,,,,間接部門,,,,,,,,既存,,,,,,,,,001047002001001000000000000000,計上部門
株式会社やさしい手,会計系販売系サブシステム,00002,会計系販売系組織体系,2025/11/1,4 ,部,5202,訪問高住第2ｴﾘｱ,3 ,593010,2024/3/1,9999/12/31,倉田訪問高住拠点,倉田訪問高住拠点,ｸﾗﾀｼﾞｷﾞｮｳｼｮ,,,,その他,,,,,,,,既存,,,,,,,,,001047002002000000000000000000,部門
株式会社やさしい手,会計系販売系サブシステム,00002,会計系販売系組織体系,2025/11/1,5 ,課,593010,倉田訪問高住拠点,4 ,59301010,2024/3/1,9999/12/31,倉田訪問介護部門,倉田訪問介護部門,ｸﾗﾀﾎｳﾓﾝｶｲｺﾞﾌﾞﾓﾝ,,,,直接部門,,,,,,,,既存,,,,,,,,,001047002002001000000000000000,計上部門
株式会社やさしい手,会計系販売系サブシステム,00002,会計系販売系組織体系,2025/11/1,5 ,課,593010,倉田訪問高住拠点,4 ,59301020,2024/3/1,9999/12/31,倉田住宅役務部門,倉田住宅役務部門,ｸﾗﾀｼﾞｭｳﾀｸｴｷﾑﾌﾞﾓﾝ,,,,直接部門,,,,,,,,既存,,,,,,,,,001047002002002000000000000000,計上部門
株式会社やさしい手,会計系販売系サブシステム,00002,会計系販売系組織体系,2025/11/1,4 ,部,5202,訪問高住第2ｴﾘｱ,3 ,614010,2024/3/1,9999/12/31,姫路土山訪問高住拠点,姫路土山訪問高住拠点,ﾋﾒｼﾞﾂﾁﾔﾏｺｳｼﾞｭｳｷｮﾃﾝ,,,,その他,,,,,,,,既存,,,,,,,,,001047002003000000000000000000,部門
株式会社やさしい手,会計系販売系サブシステム,00002,会計系販売系組織体系,2025/11/1,5 ,課,614010,姫路土山訪問高住拠点,4 ,61401010,2024/3/1,9999/12/31,姫路土山訪問介護部門,姫路土山訪問介護部門,ﾋﾒｼﾞﾂﾁﾔﾏﾎｳﾓﾝｶｲｺﾞﾌﾞﾓﾝ,,,,直接部門,,,,,,,,既存,,,,,,,,,001047002003001000000000000000,計上部門
株式会社やさしい手,会計系販売系サブシステム,00002,会計系販売系組織体系,2025/11/1,5 ,課,614010,姫路土山訪問高住拠点,4 ,61401020,2024/3/1,9999/12/31,姫路土山住宅役務部門,姫路土山住宅役務部門,ﾋﾒｼﾞﾂﾁﾔﾏｼﾞｭｳﾀｸｴｷﾑﾌﾞﾓﾝ,,,,直接部門,,,,,,,,既存,,,,,,,,,001047002003002000000000000000,計上部門
株式会社やさしい手,会計系販売系サブシステム,00002,会計系販売系組織体系,2025/11/1,4 ,部,5202,訪問高住第2ｴﾘｱ,3 ,614030,2024/3/1,9999/12/31,東辻井訪問高住拠点,東辻井訪問高住拠点,ﾋｶﾞｼﾂｼﾞｲｺｳｼﾞｭｳｷｮﾃﾝ,,,,その他,,,,,,,,既存,,,,,,,,,001047002004000000000000000000,部門
株式会社やさしい手,会計系販売系サブシステム,00002,会計系販売系組織体系,2025/11/1,5 ,課,614030,東辻井訪問高住拠点,4 ,61403010,2024/3/1,9999/12/31,東辻井訪問介護部門,東辻井訪問介護部門,ﾋｶﾞｼﾂｼﾞｲﾎｳﾓﾝｶｲｺﾞﾌﾞﾓﾝ,,,,直接部門,,,,,,,,既存,,,,,,,,,001047002004001000000000000000,計上部門
株式会社やさしい手,会計系販売系サブシステム,00002,会計系販売系組織体系,2025/11/1,5 ,課,614030,東辻井訪問高住拠点,4 ,61403020,2024/3/1,9999/12/31,東辻井住宅役務部門,東辻井住宅役務部門,ﾋｶﾞｼﾂｼﾞｲｼﾞｭｳﾀｸｴｷﾑﾌﾞﾓﾝ,,,,直接部門,,,,,,,,既存,,,,,,,,,001047002004002000000000000000,計上部門
株式会社やさしい手,会計系販売系サブシステム,00002,会計系販売系組織体系,2025/11/1,4 ,部,5202,訪問高住第2ｴﾘｱ,3 ,614040,2024/3/1,9999/12/31,辻井訪問高住拠点,辻井訪問高住拠点,ﾂｼﾞｲｺｳｼﾞｭｳｷｮﾃﾝ,,,,その他,,,,,,,,既存,,,,,,,,,001047002005000000000000000000,部門
株式会社やさしい手,会計系販売系サブシステム,00002,会計系販売系組織体系,2025/11/1,5 ,課,614040,辻井訪問高住拠点,4 ,61404010,2024/3/1,9999/12/31,辻井訪問介護部門,辻井訪問介護部門,ﾂｼﾞｲﾎｳﾓﾝｶｲｺﾞﾌﾞﾓﾝ,,,,直接部門,,,,,,,,既存,,,,,,,,,001047002005001000000000000000,計上部門
株式会社やさしい手,会計系販売系サブシステム,00002,会計系販売系組織体系,2025/11/1,5 ,課,614040,辻井訪問高住拠点,4 ,61404020,2024/3/1,9999/12/31,辻井住宅役務部門,辻井住宅役務部門,ﾂｼﾞｲｼﾞｭｳﾀｸｴｷﾑﾌﾞﾓﾝ,,,,直接部門,,,,,,,,既存,,,,,,,,,001047002005002000000000000000,計上部門
株式会社やさしい手,会計系販売系サブシステム,00002,会計系販売系組織体系,2025/11/1,4 ,部,5202,訪問高住第2ｴﾘｱ,3 ,614050,2024/3/1,9999/12/31,東姫路訪問高住拠点,東姫路訪問高住拠点,ﾋｶﾞｼﾋﾒｼﾞｺｳｼﾞｭｳｷｮﾃﾝ,,,,その他,,,,,,,,既存,,,,,,,,,001047002006000000000000000000,部門
株式会社やさしい手,会計系販売系サブシステム,00002,会計系販売系組織体系,2025/11/1,5 ,課,614050,東姫路訪問高住拠点,4 ,61405010,2024/3/1,9999/12/31,東姫路訪問介護部門,東姫路訪問介護部門,ﾋｶﾞｼﾋﾒｼﾞﾎｳﾓﾝｶｲｺﾞﾌﾞﾓﾝ,,,,直接部門,,,,,,,,既存,,,,,,,,,001047002006001000000000000000,計上部門
株式会社やさしい手,会計系販売系サブシステム,00002,会計系販売系組織体系,2025/11/1,5 ,課,614050,東姫路訪問高住拠点,4 ,61405020,2024/3/1,9999/12/31,東姫路住宅役務部門,東姫路住宅役務部門,ﾋｶﾞｼﾋﾒｼﾞｼﾞｭｳﾀｸｴｷﾑﾌﾞﾓﾝ,,,,直接部門,,,,,,,,既存,,,,,,,,,001047002006002000000000000000,計上部門
株式会社やさしい手,会計系販売系サブシステム,00002,会計系販売系組織体系,2025/11/1,4 ,部,5202,訪問高住第2ｴﾘｱ,3 ,614060,2024/3/1,9999/12/31,飾磨恵美酒訪問高住拠点,飾磨恵美酒訪問高住拠,ｼｶﾏｴﾋﾞｽｺｳｼﾞｭｳｷｮﾃﾝ,,,,その他,,,,,,,,既存,,,,,,,,,001047002007000000000000000000,部門
株式会社やさしい手,会計系販売系サブシステム,00002,会計系販売系組織体系,2025/11/1,5 ,課,614060,飾磨恵美酒訪問高住拠,4 ,61406010,2024/3/1,9999/12/31,飾磨恵美酒訪問介護部門,飾磨恵美酒訪問介護,ｼｶﾏｴﾋﾞｽﾎｳﾓﾝｶｲｺﾞﾌﾞﾓﾝ,,,,直接部門,,,,,,,,既存,,,,,,,,,001047002007001000000000000000,計上部門
株式会社やさしい手,会計系販売系サブシステム,00002,会計系販売系組織体系,2025/11/1,5 ,課,614060,飾磨恵美酒訪問高住拠,4 ,61406020,2024/3/1,9999/12/31,飾磨恵美酒住宅役務部門,飾磨恵美酒住宅役務,ｼｶﾏｴﾋﾞｽｼﾞｭｳﾀｸｴｷﾑﾌﾞﾓﾝ,,,,直接部門,,,,,,,,既存,,,,,,,,,001047002007002000000000000000,計上部門
株式会社やさしい手,会計系販売系サブシステム,00002,会計系販売系組織体系,2025/11/1,4 ,部,5202,訪問高住第2ｴﾘｱ,3 ,614070,2024/3/1,9999/12/31,上郡訪問高住拠点,上郡訪問高住拠点,ｶﾐｺﾞｵﾘｺｳｼﾞｭｳｷｮﾃﾝ,,,,その他,,,,,,,,既存,,,,,,,,,001047002008000000000000000000,部門
株式会社やさしい手,会計系販売系サブシステム,00002,会計系販売系組織体系,2025/11/1,5 ,課,614070,上郡訪問高住拠点,4 ,61407010,2024/3/1,9999/12/31,上郡訪問介護部門,上郡訪問介護部門,ｶﾐｺﾞｵﾘﾎｳﾓﾝｶｲｺﾞﾌﾞﾓﾝ,,,,直接部門,,,,,,,,既存,,,,,,,,,001047002008001000000000000000,計上部門
株式会社やさしい手,会計系販売系サブシステム,00002,会計系販売系組織体系,2025/11/1,5 ,課,614070,上郡訪問高住拠点,4 ,61407020,2024/3/1,9999/12/31,上郡住宅役務部門,上郡住宅役務部門,ｶﾐｺﾞｵﾘｼﾞｭｳﾀｸｴｷﾑﾌﾞﾓﾝ,,,,直接部門,,,,,,,,既存,,,,,,,,,001047002008002000000000000000,計上部門
株式会社やさしい手,会計系販売系サブシステム,00002,会計系販売系組織体系,2025/11/1,4 ,部,5202,訪問高住第2ｴﾘｱ,3 ,614080,2024/3/1,9999/12/31,書写訪問高住拠点,書写訪問高住拠点,ｼｮｼｬｺｳｼﾞｭｳｷｮﾃﾝ,,,,その他,,,,,,,,既存,,,,,,,,,001047002009000000000000000000,部門
株式会社やさしい手,会計系販売系サブシステム,00002,会計系販売系組織体系,2025/11/1,5 ,課,614080,書写訪問高住拠点,4 ,61408010,2024/3/1,9999/12/31,書写訪問介護部門,書写訪問介護部門,ｼｮｼｬﾎｳﾓﾝｶｲｺﾞﾌﾞﾓﾝ,,,,直接部門,,,,,,,,既存,,,,,,,,,001047002009001000000000000000,計上部門
株式会社やさしい手,会計系販売系サブシステム,00002,会計系販売系組織体系,2025/11/1,5 ,課,614080,書写訪問高住拠点,4 ,61408020,2024/3/1,9999/12/31,書写住宅役務部門,書写住宅役務部門,ｼｮｼｬｼﾞｭｳﾀｸｴｷﾑﾌﾞﾓﾝ,,,,直接部門,,,,,,,,既存,,,,,,,,,001047002009002000000000000000,計上部門
株式会社やさしい手,会計系販売系サブシステム,00002,会計系販売系組織体系,2025/11/1,4 ,部,5202,訪問高住第2ｴﾘｱ,3 ,633010,2024/4/1,9999/12/31,八幡訪問高住拠点,八幡訪問高住拠点,ﾔﾊﾀﾎｳﾓﾝｺｳｼﾞｭｳｷｮﾃﾝ,,,,その他,,,,,,,,既存,,,,,,,,,001047002010000000000000000000,部門
株式会社やさしい手,会計系販売系サブシステム,00002,会計系販売系組織体系,2025/11/1,5 ,課,633010,八幡訪問高住拠点,4 ,63301010,2024/4/1,9999/12/31,八幡訪問介護部門,八幡訪問介護部門,ﾔﾊﾀﾎｳﾓﾝｶｲｺﾞﾌﾞﾓﾝ,,,,直接部門,,,,,,,,既存,,,,,,,,,001047002010001000000000000000,計上部門
株式会社やさしい手,会計系販売系サブシステム,00002,会計系販売系組織体系,2025/11/1,5 ,課,633010,八幡訪問高住拠点,4 ,63301020,2024/4/1,9999/12/31,八幡住宅役務部門,八幡住宅役務部門,ﾔﾊﾀｼﾞｭｳﾀｸｴｷﾑﾌﾞﾓﾝ,,,,直接部門,,,,,,,,既存,,,,,,,,,001047002010002000000000000000,計上部門
株式会社やさしい手,会計系販売系サブシステム,00002,会計系販売系組織体系,2025/11/1,3 ,本　部,52,訪問高住ｻｰﾋﾞｽﾗｲﾝ,2 ,5203,2024/3/1,9999/12/31,訪問高住第3ｴﾘｱ,訪問高住第3ｴﾘｱ,ﾎｳﾓﾝｺｳｼﾞｭｳﾀﾞｲｻﾝｴﾘｱ,,,,その他,,,,,,,,既存,,,,,,,,,001047003000000000000000000000,部門
株式会社やさしい手,会計系販売系サブシステム,00002,会計系販売系組織体系,2025/11/1,4 ,部,5203,訪問高住第3ｴﾘｱ,3 ,073560,2024/3/1,9999/12/31,【使用不可】上板橋ゆめてらす,【不】上板橋ゆめてら,ｶﾐｲﾀﾊﾞｼﾕﾒﾃﾗｽ,,,,その他,,,,,,,,既存,,,,,,,,,001047003001000000000000000000,部門
株式会社やさしい手,会計系販売系サブシステム,00002,会計系販売系組織体系,2025/11/1,5 ,課,073560,【不】上板橋ゆめてら,4 ,07356010,2024/3/1,9999/12/31,【使用不可】上板橋介護一ｸﾞﾙｰﾌﾟ,【不】上板橋介1G,ｶﾐｲﾀﾊﾞｼｶｲｺﾞｲﾁｸﾞﾙｰﾌﾟｼ,,,,直接部門,,,,,,,,既存,,,,,,,,,001047003001001000000000000000,計上部門
株式会社やさしい手,会計系販売系サブシステム,00002,会計系販売系組織体系,2025/11/1,5 ,課,073560,【不】上板橋ゆめてら,4 ,07356015,2024/3/1,9999/12/31,【使用不可】上板橋介護二ｸﾞﾙｰﾌﾟ,【不】上板橋介2G,ｶﾐｲﾀﾊﾞｼｶｲｺﾞﾆｸﾞﾙｰﾌﾟ,,,,直接部門,,,,,,,,既存,,,,,,,,,001047003001002000000000000000,計上部門
株式会社やさしい手,会計系販売系サブシステム,00002,会計系販売系組織体系,2025/11/1,5 ,課,073560,【不】上板橋ゆめてら,4 ,07356020,2024/3/1,9999/12/31,【使用不可】上板橋看護ｸﾞﾙｰﾌﾟ,【不】上板橋看護G,ｶﾐｲﾀﾊﾞｼｶﾝｺﾞｸﾞﾙｰﾌﾟ,,,,直接部門,,,,,,,,既存,,,,,,,,,001047003001003000000000000000,計上部門
株式会社やさしい手,会計系販売系サブシステム,00002,会計系販売系組織体系,2025/11/1,5 ,課,073560,【不】上板橋ゆめてら,4 ,07356030,2024/3/1,9999/12/31,【使用不可】上板橋ゆめてらす,【不】上板橋ゆめてら,ｶﾐｲﾀﾊﾞｼﾕﾒﾃﾗｽ,,,,直接部門,,,,,,,,既存,,,,,,,,,001047003001004000000000000000,計上部門
株式会社やさしい手,会計系販売系サブシステム,00002,会計系販売系組織体系,2025/11/1,5 ,課,073560,【不】上板橋ゆめてら,4 ,07356040,2024/3/1,9999/12/31,【使用不可】上板橋管理ｸﾞﾙｰﾌﾟ,【不】上板橋管理G,ｶﾐｲﾀﾊﾞｼｶﾝﾘｸﾞﾙｰﾌﾟ,,,,直接部門,,,,,,,,既存,,,,,,,,,001047003001005000000000000000,計上部門
株式会社やさしい手,会計系販売系サブシステム,00002,会計系販売系組織体系,2025/11/1,5 ,課,073560,【不】上板橋ゆめてら,4 ,07356060,2024/3/1,9999/12/31,【使用不可】上板橋ﾚｽﾄﾗﾝ事業課準備室,【不】上板橋ﾚｽﾄﾗﾝ準,ｶﾐｲﾀﾊﾞｼﾚｽﾄﾗﾝｼﾞｷﾞｮｳｶｼﾞｭﾝﾋﾞｼﾂ,,,,直接部門,,,,,,,,既存,,,,,,,,,001047003001006000000000000000,計上部門
株式会社やさしい手,会計系販売系サブシステム,00002,会計系販売系組織体系,2025/11/1,4 ,部,5203,訪問高住第3ｴﾘｱ,3 ,209550,2024/3/1,9999/12/31,千歳烏山訪問高住拠点,千歳烏山訪問高住拠点,ﾁﾄｾｶﾗｽﾔﾏｼﾞｷﾞｮｼｮ,,,,その他,,,,,,,,既存,,,,,,,,,001047003002000000000000000000,部門
株式会社やさしい手,会計系販売系サブシステム,00002,会計系販売系組織体系,2025/11/1,5 ,課,209550,千歳烏山訪問高住拠点,4 ,20955010,2024/3/1,9999/12/31,千歳烏山訪問介護部門,千歳烏山訪問介護部門,ﾁﾄｾｶﾗｽﾔﾏﾎｳﾓﾝｶｲｺﾞﾌﾞﾓﾝ,,,,直接部門,,,,,,,,既存,,,,,,,,,001047003002001000000000000000,計上部門
株式会社やさしい手,会計系販売系サブシステム,00002,会計系販売系組織体系,2025/11/1,5 ,課,209550,千歳烏山訪問高住拠点,4 ,20955030,2024/3/1,9999/12/31,千歳烏山定期巡回部門,千歳烏山定期巡回部門,ﾁﾄｾｶﾗｽﾔﾏﾃｲｷｼﾞｭﾝｶｲﾌﾞﾓﾝ,,,,直接部門,,,,,,,,既存,,,,,,,,,001047003002002000000000000000,計上部門
株式会社やさしい手,会計系販売系サブシステム,00002,会計系販売系組織体系,2025/11/1,5 ,課,209550,千歳烏山訪問高住拠点,4 ,20955050,2024/3/1,9999/12/31,千歳烏山住宅役務部門,千歳烏山住宅役務部門,ﾁﾄｾｶﾗｽﾔﾏｼﾞｭｳﾀｸｴｷﾑﾌﾞﾓﾝ,,,,直接部門,,,,,,,,既存,,,,,,,,,001047003002003000000000000000,計上部門
株式会社やさしい手,会計系販売系サブシステム,00002,会計系販売系組織体系,2025/11/1,4 ,部,5203,訪問高住第3ｴﾘｱ,3 ,209570,2024/3/1,9999/12/31,青葉町訪問高住拠点,青葉町訪問高住拠点,ｱｵﾊﾞﾁｮｳﾎｳﾓﾝｺｳｼﾞｭｳｷｮﾃﾝ,,,,その他,,,,,,,,既存,,,,,,,,,001047003003000000000000000000,部門
株式会社やさしい手,会計系販売系サブシステム,00002,会計系販売系組織体系,2025/11/1,5 ,課,209570,青葉町訪問高住拠点,4 ,20957340,2024/3/1,9999/12/31,青葉町訪問介護部門,青葉町訪問介護部門,ｱｵﾊﾞﾁｮｳﾎｳﾓﾝｶｲｺﾞﾌﾞﾓﾝ,,,,直接部門,,,,,,,,既存,,,,,,,,,001047003003001000000000000000,計上部門
株式会社やさしい手,会計系販売系サブシステム,00002,会計系販売系組織体系,2025/11/1,5 ,課,209570,青葉町訪問高住拠点,4 ,20957540,2024/3/1,9999/12/31,青葉町住宅役務部門,青葉町住宅役務部門,ｱｵﾊﾞﾁｮｳｼﾞｭｳﾀｸｴｷﾑﾌﾞﾓﾝ,,,,直接部門,,,,,,,,既存,,,,,,,,,001047003003002000000000000000,計上部門
株式会社やさしい手,会計系販売系サブシステム,00002,会計系販売系組織体系,2025/11/1,5 ,課,209570,青葉町訪問高住拠点,4 ,20957740,2024/3/1,9999/12/31,千葉新田町定期巡回ｻﾃﾗｲﾄ青葉町,千葉新定ｻﾃ青葉,ﾁﾊﾞｼﾝﾃﾞﾝﾁｮｳﾃｲｷｼﾞｭﾝｶｲ,,,,直接部門,,,,,,,,既存,,,,,,,,,001047003003003000000000000000,計上部門
株式会社やさしい手,会計系販売系サブシステム,00002,会計系販売系組織体系,2025/11/1,4 ,部,5203,訪問高住第3ｴﾘｱ,3 ,209580,2024/3/1,9999/12/31,新高根訪問高住拠点,新高根訪問高住拠点,ｼﾝﾀｶﾈﾎｳﾓﾝｺｳｼﾞｭｳｷｮﾃﾝ,,,,その他,,,,047-490-3702,047-490-3704,,,既存,,,,,,,,,001047003004000000000000000000,部門
株式会社やさしい手,会計系販売系サブシステム,00002,会計系販売系組織体系,2025/11/1,5 ,課,209580,新高根訪問高住拠点,4 ,20958040,2024/3/1,9999/12/31,新高根訪問介護部門,新高根訪問介護部門,ｼﾝﾀｶﾈﾎｳﾓﾝｶｲｺﾞﾌﾞﾓﾝ,,,,直接部門,,,,047-490-3702,047-490-3704,,,既存,,,,,,,,,001047003004001000000000000000,計上部門
株式会社やさしい手,会計系販売系サブシステム,00002,会計系販売系組織体系,2025/11/1,5 ,課,209580,新高根訪問高住拠点,4 ,20958050,2024/3/1,9999/12/31,新高根住宅役務部門,新高根住宅役務部門,ｼﾝﾀｶﾈｼﾞｭｳﾀｸｴｷﾑﾌﾞﾓﾝ,,,,直接部門,,,,047-490-3702,047-490-3704,,,既存,,,,,,,,,001047003004002000000000000000,計上部門
株式会社やさしい手,会計系販売系サブシステム,00002,会計系販売系組織体系,2025/11/1,5 ,課,209580,新高根訪問高住拠点,4 ,20958540,2024/3/1,9999/12/31,新高根定期巡回部門,新高根定期巡回部門,ｼﾝﾀｶﾈﾃｲｷｼﾞｭﾝｶｲﾌﾞﾓﾝ,,,,直接部門,,,,047-490-3702,047-490-3704,,,既存,,,,,,,,,001047003004003000000000000000,計上部門
株式会社やさしい手,会計系販売系サブシステム,00002,会計系販売系組織体系,2025/11/1,4 ,部,5203,訪問高住第3ｴﾘｱ,3 ,209620,2024/3/1,9999/12/31,浜野訪問高住拠点,浜野訪問高住拠点,ﾊﾏﾉﾎｳﾓﾝｺｳｼﾞｭｳｷｮﾃﾝ,,,,その他,,,,043-305-2874,043-305-2872,,,既存,,,,,,,,,001047003006000000000000000000,部門
株式会社やさしい手,会計系販売系サブシステム,00002,会計系販売系組織体系,2025/11/1,5 ,課,209620,浜野訪問高住拠点,4 ,20962040,2024/3/1,9999/12/31,浜野訪問介護部門,浜野訪問介護部門,ﾊﾏﾉﾎｳﾓﾝｶｲｺﾞﾌﾞﾓﾝ,,,,直接部門,,,,043-305-2871,043-305-2872,,,既存,,,,,,,,,001047003006001000000000000000,計上部門
株式会社やさしい手,会計系販売系サブシステム,00002,会計系販売系組織体系,2025/11/1,5 ,課,209620,浜野訪問高住拠点,4 ,20962050,2024/3/1,9999/12/31,浜野住宅役務部門,浜野住宅役務部門,ﾊﾏﾉｼﾞｭｳﾀｸｴｷﾑﾌﾞﾓﾝ,,,,直接部門,,,,043-305-2874,043-305-2872,,,既存,,,,,,,,,001047003006002000000000000000,計上部門
株式会社やさしい手,会計系販売系サブシステム,00002,会計系販売系組織体系,2025/11/1,5 ,課,209620,浜野訪問高住拠点,4 ,20962060,2024/3/1,9999/12/31,浜野定期巡回部門,浜野定期巡回部門,ﾊﾏﾉﾃｲｷｼﾞｭﾝｶｲﾌﾞﾓﾝ,,,,直接部門,,,,043-305-2874,043-305-2872,,,既存,,,,,,,,,001047003006003000000000000000,計上部門
株式会社やさしい手,会計系販売系サブシステム,00002,会計系販売系組織体系,2025/11/1,4 ,部,5203,訪問高住第3ｴﾘｱ,3 ,209630,2024/3/1,9999/12/31,都賀訪問高住拠点,都賀訪問高住拠点,ﾂｶﾞﾎｳﾓﾝｺｳｼﾞｭｳｷｮﾃﾝ,,,,その他,,,,,,,,既存,,,,,,,,,001047003007000000000000000000,部門
株式会社やさしい手,会計系販売系サブシステム,00002,会計系販売系組織体系,2025/11/1,5 ,課,209630,都賀訪問高住拠点,4 ,20963040,2024/3/1,9999/12/31,都賀訪問介護部門,都賀訪問介護部門,ﾂｶﾞﾎｳﾓﾝｶｲｺﾞﾌﾞﾓﾝ,,,,直接部門,,,,,,,,既存,,,,,,,,,001047003007001000000000000000,計上部門
株式会社やさしい手,会計系販売系サブシステム,00002,会計系販売系組織体系,2025/11/1,5 ,課,209630,都賀訪問高住拠点,4 ,20963050,2024/3/1,9999/12/31,都賀定期巡回部門,都賀定期巡回部門,ﾂｶﾞﾃｲｷｼﾞｭﾝｶｲﾌﾞﾓﾝ,,,,直接部門,,,,,,,,既存,,,,,,,,,001047003007002000000000000000,計上部門
株式会社やさしい手,会計系販売系サブシステム,00002,会計系販売系組織体系,2025/11/1,5 ,課,209630,都賀訪問高住拠点,4 ,20963060,2024/3/1,9999/12/31,都賀住宅役務部門,都賀住宅役務部門,ﾂｶﾞｼﾞｭｳﾀｸｴｷﾑﾌﾞﾓﾝ,,,,直接部門,,,,,,,,既存,,,,,,,,,001047003007003000000000000000,計上部門
株式会社やさしい手,会計系販売系サブシステム,00002,会計系販売系組織体系,2025/11/1,4 ,部,5203,訪問高住第3ｴﾘｱ,3 ,209670,2024/3/1,9999/12/31,川口三ツ和訪問高住拠点,川口三ツ和訪問高住拠,ｶﾜｸﾞﾁﾐﾂﾜｼﾞｷﾞｮｳｼｮ,,,,その他,,,,,,,,既存,,,,,,,,,001047003008000000000000000000,部門
株式会社やさしい手,会計系販売系サブシステム,00002,会計系販売系組織体系,2025/11/1,5 ,課,209670,川口三ツ和訪問高住拠,4 ,20967040,2024/3/1,9999/12/31,川口三ツ和訪問介護部門,川口三ツ和訪問介護,ｶﾜｸﾞﾁﾐﾂﾜﾎｳﾓﾝｶｲｺﾞﾌﾞﾓﾝ,,,,直接部門,,,,,,,,既存,,,,,,,,,001047003008001000000000000000,計上部門
株式会社やさしい手,会計系販売系サブシステム,00002,会計系販売系組織体系,2025/11/1,5 ,課,209670,川口三ツ和訪問高住拠,4 ,20967050,2024/3/1,9999/12/31,川口三ツ和住宅役務部門,川口三ツ和住宅役務,ｶﾜｸﾞﾁﾐﾂﾜｼﾞｭｳﾀｸｴｷﾑﾌﾞﾓﾝ,,,,直接部門,,,,,,,,既存,,,,,,,,,001047003008002000000000000000,計上部門
株式会社やさしい手,会計系販売系サブシステム,00002,会計系販売系組織体系,2025/11/1,5 ,課,209670,川口三ツ和訪問高住拠,4 ,20967060,2024/3/1,9999/12/31,川口三ツ和定期巡回部門,川口三ツ和定期巡回,ｶﾜｸﾞﾁﾐﾂﾜﾃｲｷｼﾞｭﾝｶｲﾌﾞﾓﾝ,,,,直接部門,,,,,,,,既存,,,,,,,,,001047003008003000000000000000,計上部門
株式会社やさしい手,会計系販売系サブシステム,00002,会計系販売系組織体系,2025/11/1,4 ,部,5203,訪問高住第3ｴﾘｱ,3 ,209675,2024/3/1,9999/12/31,川口芝高木訪問高住拠点,川口芝高木訪問高住,ｶﾜｸﾞﾁｼﾊﾞﾀｶｷﾞｼﾞｷﾞｮｳｼｮ,,,,その他,,,,,,,,既存,,,,,,,,,001047003009000000000000000000,部門
株式会社やさしい手,会計系販売系サブシステム,00002,会計系販売系組織体系,2025/11/1,5 ,課,209675,川口芝高木訪問高住,4 ,20967530,2024/3/1,9999/12/31,川口芝高木訪問介護部門,川口芝高木訪問介護,ｶﾜｸﾞﾁｼﾊﾞﾀｶｷﾞﾎｳﾓﾝｶｲｺﾞﾌﾞﾓﾝ,,,,直接部門,,,,,,,,既存,,,,,,,,,001047003009001000000000000000,計上部門
株式会社やさしい手,会計系販売系サブシステム,00002,会計系販売系組織体系,2025/11/1,5 ,課,209675,川口芝高木訪問高住,4 ,20967540,2024/3/1,9999/12/31,川口芝高木住宅役務部門,川口芝高木住宅役務,ｶﾜｸﾞﾁｼﾊﾞﾀｶｷﾞｼﾞｭｳﾀｸｴｷﾑﾌﾞﾓﾝ,,,,直接部門,,,,,,,,既存,,,,,,,,,001047003009002000000000000000,計上部門
株式会社やさしい手,会計系販売系サブシステム,00002,会計系販売系組織体系,2025/11/1,4 ,部,5203,訪問高住第3ｴﾘｱ,3 ,209680,2024/3/1,9999/12/31,東大宮訪問高住拠点,東大宮訪問高住拠点,ﾋｶﾞｼｵｵﾐﾔｼﾞｷﾞｮｳｼｮ,,,,その他,,,,,,,,既存,,,,,,,,,001047003010000000000000000000,部門
株式会社やさしい手,会計系販売系サブシステム,00002,会計系販売系組織体系,2025/11/1,5 ,課,209680,東大宮訪問高住拠点,4 ,20968040,2024/3/1,9999/12/31,東大宮訪問介護部門,東大宮訪問介護部門,ﾋｶﾞｼｵｵﾐﾔﾎｳﾓﾝｶｲｺﾞﾌﾞﾓﾝ,,,,直接部門,,,,,,,,既存,,,,,,,,,001047003010001000000000000000,計上部門
株式会社やさしい手,会計系販売系サブシステム,00002,会計系販売系組織体系,2025/11/1,5 ,課,209680,東大宮訪問高住拠点,4 ,20968050,2024/3/1,9999/12/31,東大宮定期巡回部門,東大宮定期巡回部門,ﾋｶﾞｼｵｵﾐﾔﾃｲｷｼﾞｭﾝｶｲﾌﾞﾓﾝ,,,,直接部門,,,,,,,,既存,,,,,,,,,001047003010002000000000000000,計上部門
株式会社やさしい手,会計系販売系サブシステム,00002,会計系販売系組織体系,2025/11/1,5 ,課,209680,東大宮訪問高住拠点,4 ,20968060,2024/3/1,9999/12/31,東大宮住宅役務部門,東大宮住宅役務部門,ﾋｶﾞｼｵｵﾐﾔｼﾞｭｳﾀｸｴｷﾑﾌﾞﾓﾝ,,,,直接部門,,,,,,,,既存,,,,,,,,,001047003010003000000000000000,計上部門
株式会社やさしい手,会計系販売系サブシステム,00002,会計系販売系組織体系,2025/11/1,4 ,部,5203,訪問高住第3ｴﾘｱ,3 ,209690,2024/3/1,9999/12/31,白鍬訪問高住拠点,白鍬訪問高住拠点,ｼﾗｸﾜｼﾞｷﾞｮｳｼｮ,,,,その他,,,,,,,,既存,,,,,,,,,001047003011000000000000000000,部門
株式会社やさしい手,会計系販売系サブシステム,00002,会計系販売系組織体系,2025/11/1,5 ,課,209690,白鍬訪問高住拠点,4 ,20969040,2024/3/1,9999/12/31,白鍬訪問介護部門,白鍬訪問介護部門,ｼﾗｸﾜﾎｳﾓﾝｶｲｺﾞﾌﾞﾓﾝ,,,,直接部門,,,,,,,,既存,,,,,,,,,001047003011001000000000000000,計上部門
株式会社やさしい手,会計系販売系サブシステム,00002,会計系販売系組織体系,2025/11/1,5 ,課,209690,白鍬訪問高住拠点,4 ,20969050,2024/3/1,9999/12/31,白鍬定期巡回部門,白鍬定期巡回部門,ｼﾗｸﾜﾃｲｷｼﾞｭﾝｶｲﾌﾞﾓﾝ,,,,直接部門,,,,,,,,既存,,,,,,,,,001047003011002000000000000000,計上部門
株式会社やさしい手,会計系販売系サブシステム,00002,会計系販売系組織体系,2025/11/1,5 ,課,209690,白鍬訪問高住拠点,4 ,20969060,2024/3/1,9999/12/31,白鍬住宅役務部門,白鍬住宅役務部門,ｼﾗｸﾜｼﾞｭｳﾀｸｴｷﾑﾌﾞﾓﾝ,,,,直接部門,,,,,,,,既存,,,,,,,,,001047003011003000000000000000,計上部門
株式会社やさしい手,会計系販売系サブシステム,00002,会計系販売系組織体系,2025/11/1,4 ,部,5203,訪問高住第3ｴﾘｱ,3 ,209695,2024/3/1,9999/12/31,宮原訪問高住拠点,宮原訪問高住拠点,ﾐﾔﾊﾗｼﾞｷﾞｮｳｼｮ,,,,その他,,,,,,,,既存,,,,,,,,,001047003012000000000000000000,部門
株式会社やさしい手,会計系販売系サブシステム,00002,会計系販売系組織体系,2025/11/1,5 ,課,209695,宮原訪問高住拠点,4 ,20969540,2024/3/1,9999/12/31,宮原訪問介護部門,宮原訪問介護部門,ﾐﾔﾊﾗﾎｳﾓﾝｶｲｺﾞﾌﾞﾓﾝ,,,,直接部門,,,,,,,,既存,,,,,,,,,001047003012001000000000000000,計上部門
株式会社やさしい手,会計系販売系サブシステム,00002,会計系販売系組織体系,2025/11/1,5 ,課,209695,宮原訪問高住拠点,4 ,20969550,2024/3/1,9999/12/31,宮原定期巡回部門準備室,宮原定期巡回部門準備,ﾐﾔﾊﾗﾃｲｷｼﾞｭﾝｶｲﾌﾞﾓﾝｼﾞｭﾝﾋﾞｼﾂ,,,,直接部門,,,,,,,,既存,,,,,,,,,001047003012002000000000000000,計上部門
株式会社やさしい手,会計系販売系サブシステム,00002,会計系販売系組織体系,2025/11/1,5 ,課,209695,宮原訪問高住拠点,4 ,20969560,2024/3/1,9999/12/31,宮原住宅役務部門,宮原住宅役務部門,ﾐﾔﾊﾗｼﾞｭｳﾀｸｴｷﾑﾌﾞﾓﾝ,,,,直接部門,,,,,,,,既存,,,,,,,,,001047003012003000000000000000,計上部門
株式会社やさしい手,会計系販売系サブシステム,00002,会計系販売系組織体系,2025/11/1,4 ,部,5203,訪問高住第3ｴﾘｱ,3 ,209696,2024/3/1,9999/12/31,上小町訪問高住拠点,上小町訪問高住拠点,ｶﾐｺﾁｮｳｼﾞｷﾞｮｳｼｮ,,,,その他,,,,,,,,既存,,,,,,,,,001047003013000000000000000000,部門
株式会社やさしい手,会計系販売系サブシステム,00002,会計系販売系組織体系,2025/11/1,5 ,課,209696,上小町訪問高住拠点,4 ,20969640,2024/3/1,9999/12/31,上小町訪問介護部門,上小町訪問介護部門,ｶﾐｺﾁｮｳﾎｳﾓﾝｶｲｺﾞﾌﾞﾓﾝ,,,,直接部門,,,,,,,,既存,,,,,,,,,001047003013001000000000000000,計上部門
株式会社やさしい手,会計系販売系サブシステム,00002,会計系販売系組織体系,2025/11/1,5 ,課,209696,上小町訪問高住拠点,4 ,20969660,2024/3/1,9999/12/31,上小町住宅役務部門,上小町住宅役務部門,ｶﾐｺﾁｮｳｼﾞｭｳﾀｸｴｷﾑﾌﾞﾓﾝ,,,,直接部門,,,,,,,,既存,,,,,,,,,001047003013002000000000000000,計上部門
株式会社やさしい手,会計系販売系サブシステム,00002,会計系販売系組織体系,2025/11/1,4 ,部,5203,訪問高住第3ｴﾘｱ,3 ,209770,2024/3/1,9999/12/31,松戸八柱訪問高住拠点,松戸八柱訪問高住拠点,ﾏﾂﾄﾞﾔﾊﾞｼﾗﾎｳﾓﾝｺｳｼﾞｭｳｷｮﾃﾝ,,,,その他,,,,,,,,既存,,,,,,,,,001047003014000000000000000000,部門
株式会社やさしい手,会計系販売系サブシステム,00002,会計系販売系組織体系,2025/11/1,5 ,課,209770,松戸八柱訪問高住拠点,4 ,20232030,2024/3/1,9999/12/31,松戸八柱訪問介護部門,松戸八柱訪問介護部門,ﾏﾂﾄﾞﾔﾊﾞｼﾗﾎｳﾓﾝｶｲｺﾞﾌﾞﾓﾝ,,,,直接部門,,,,047-365-3051,047-365-3052,,,既存,,,,,,,,,001047003014001000000000000000,計上部門
株式会社やさしい手,会計系販売系サブシステム,00002,会計系販売系組織体系,2025/11/1,5 ,課,209770,松戸八柱訪問高住拠点,4 ,20232050,2024/3/1,9999/12/31,松戸八柱定期巡回部門,松戸八柱定期巡回部門,ﾏﾂﾄﾞﾔﾊﾞｼﾗﾃｲｷｼﾞｭﾝｶｲﾌﾞﾓﾝ,,,,直接部門,,,,,,,,既存,,,,,,,,,001047003014002000000000000000,計上部門
株式会社やさしい手,会計系販売系サブシステム,00002,会計系販売系組織体系,2025/11/1,5 ,課,209770,松戸八柱訪問高住拠点,4 ,20977040,2024/3/1,9999/12/31,【使用不可】松戸八柱訪問介護部門,【不】松戸八柱訪介,ﾏﾂﾄﾞﾔﾊﾞｼﾗﾎｳﾓﾝｶｲｺﾞﾌﾞﾓﾝ,,,,直接部門,,,,,,,,既存,,,,,,,,,001047003014003000000000000000,計上部門
株式会社やさしい手,会計系販売系サブシステム,00002,会計系販売系組織体系,2025/11/1,5 ,課,209770,松戸八柱訪問高住拠点,4 ,20977050,2024/3/1,9999/12/31,【使用不可】松戸八柱訪問定巡部門,【不】松戸八柱定巡,ﾏﾂﾄﾞﾔﾊﾞｼﾗﾃｲｼﾞｭﾝﾌﾞﾓﾝ,,,,その他,,,,,,,,既存,,,,,,,,,001047003014004000000000000000,計上部門
株式会社やさしい手,会計系販売系サブシステム,00002,会計系販売系組織体系,2025/11/1,5 ,課,209770,松戸八柱訪問高住拠点,4 ,20977060,2024/3/1,9999/12/31,松戸八柱住宅役務部門,松戸八柱住宅役務部門,ﾏﾂﾄﾞﾔﾊﾞｼﾗｼﾞｭｳﾀｸｴｷﾑﾌﾞﾓﾝ,,,,直接部門,,,,,,,,既存,,,,,,,,,001047003014005000000000000000,計上部門
株式会社やさしい手,会計系販売系サブシステム,00002,会計系販売系組織体系,2025/11/1,4 ,部,5203,訪問高住第3ｴﾘｱ,3 ,520301,2024/3/1,9999/12/31,訪問高住第3ｴﾘｱ統括課,訪問高住第3ｴﾘｱ統括課,ﾎｳﾓﾝｺｳｼﾞｭｳﾀﾞｲｻﾝｴﾘｱﾄｳｶﾂｶ,,,,その他,,,,,,,,既存,,,,,,,,,001047003015000000000000000000,部門
株式会社やさしい手,会計系販売系サブシステム,00002,会計系販売系組織体系,2025/11/1,5 ,課,520301,訪問高住第3ｴﾘｱ統括課,4 ,52030101,2024/3/1,9999/12/31,訪問高住第3ｴﾘｱ統括課,訪問高住第3ｴﾘｱ統括課,ﾎｳﾓﾝｺｳｼﾞｭｳﾀﾞｲｻﾝｴﾘｱﾄｳｶﾂｶ,,,,間接部門,,,,,,,,既存,,,,,,,,,001047003015001000000000000000,計上部門
株式会社やさしい手,会計系販売系サブシステム,00002,会計系販売系組織体系,2025/11/1,4 ,部,5203,訪問高住第3ｴﾘｱ,3 ,704010,2024/3/1,9999/12/31,太子堂訪問高住拠点,太子堂訪問高住拠点,ﾀｲｼﾄﾞｳｼﾞｷﾞｮｼｮ,,,,その他,,,,,,,,既存,,,,,,,,,001047003016000000000000000000,部門
株式会社やさしい手,会計系販売系サブシステム,00002,会計系販売系組織体系,2025/11/1,5 ,課,704010,太子堂訪問高住拠点,4 ,70401010,2024/3/1,9999/12/31,太子堂訪問介護部門,太子堂訪問介護部門,ﾀｲｼﾄﾞｳﾎｳﾓﾝｶｲｺﾞﾌﾞﾓﾝ,,,,直接部門,,,,,,,,既存,,,,,,,,,001047003016001000000000000000,計上部門
株式会社やさしい手,会計系販売系サブシステム,00002,会計系販売系組織体系,2025/11/1,5 ,課,704010,太子堂訪問高住拠点,4 ,70401020,2024/3/1,9999/12/31,ゆめてらす三軒茶屋住宅役務部門,三軒茶屋住宅役務部門,ｻﾝｹﾞﾝﾁﾞｬﾔｼﾞｭｳﾀｸｴｷﾑﾌﾞﾓﾝ,,,,直接部門,,,,,,,,既存,,,,,,,,,001047003016002000000000000000,計上部門
株式会社やさしい手,会計系販売系サブシステム,00002,会計系販売系組織体系,2025/11/1,4 ,部,5203,訪問高住第3ｴﾘｱ,3 ,203055,2025/7/1,9999/12/31,上板橋訪問高住拠点,上板橋訪問高住拠点,ｶﾐｲﾀﾊﾞｼｼﾞｷﾞｮｳｼｮ,,,,その他,,,,,,,,既存,,,,,,,,,001047003017000000000000000000,部門
株式会社やさしい手,会計系販売系サブシステム,00002,会計系販売系組織体系,2025/11/1,5 ,課,203055,上板橋訪問高住拠点,4 ,20305530,2025/7/1,9999/12/31,上板橋訪問介護部門,上板橋訪問介護部門,ｶﾐｲﾀﾊﾞｼﾎｳﾓﾝｶｲｺﾞﾌﾞﾓﾝ,,,,直接部門,,,,,,,,既存,,,,,,,,,001047003017001000000000000000,計上部門
株式会社やさしい手,会計系販売系サブシステム,00002,会計系販売系組織体系,2025/11/1,5 ,課,203055,上板橋訪問高住拠点,4 ,20305540,2025/7/1,9999/12/31,上板橋住宅役務部門,上板橋住宅役務部門,ｶﾐｲﾀﾊﾞｼｼﾞｭｳﾀｸｴｷﾑﾌﾞﾓﾝ,,,,直接部門,,,,,,,,既存,,,,,,,,,001047003017002000000000000000,計上部門
株式会社やさしい手,会計系販売系サブシステム,00002,会計系販売系組織体系,2025/11/1,5 ,課,203055,上板橋訪問高住拠点,4 ,20305550,2025/7/1,9999/12/31,【使用不可】上板橋ゆめてらす準備室,【不】上板橋ゆめて準,ｶﾐｲﾀﾊﾞｼﾕﾒﾃﾗｽｼﾞｭﾝﾋﾞｼﾂ,,,,直接部門,,,,,,,,既存,,,,,,,,,001047003017003000000000000000,計上部門
株式会社やさしい手,会計系販売系サブシステム,00002,会計系販売系組織体系,2025/11/1,3 ,本　部,52,訪問高住ｻｰﾋﾞｽﾗｲﾝ,2 ,5204,2024/3/1,9999/12/31,訪問高住第4ｴﾘｱ,訪問高住第4ｴﾘｱ,ﾎｳﾓﾝｺｳｼﾞｭｳﾀﾞｲﾖﾝｴﾘｱ,,,,その他,,,,,,,,既存,,,,,,,,,001047004000000000000000000000,部門
株式会社やさしい手,会計系販売系サブシステム,00002,会計系販売系組織体系,2025/11/1,4 ,部,5204,訪問高住第4ｴﾘｱ,3 ,207830,2024/3/1,9999/12/31,駒生訪問高住拠点,駒生訪問高住拠点,ｺﾏﾆｭｳｼﾞｷﾞｮｳｼｮ,,,,その他,,,,,,,,既存,,,,,,,,,001047004001000000000000000000,部門
株式会社やさしい手,会計系販売系サブシステム,00002,会計系販売系組織体系,2025/11/1,5 ,課,207830,駒生訪問高住拠点,4 ,20783010,2024/3/1,9999/12/31,駒生訪問介護部門,駒生訪問介護部門,ｺﾏﾆｭｳﾎｳﾓﾝｶｲｺﾞﾌﾞﾓﾝ,,,,直接部門,,,,,,,,既存,,,,,,,,,001047004001001000000000000000,計上部門
株式会社やさしい手,会計系販売系サブシステム,00002,会計系販売系組織体系,2025/11/1,5 ,課,207830,駒生訪問高住拠点,4 ,20783020,2024/3/1,9999/12/31,駒生住宅役務部門,駒生住宅役務部門,ｺﾏﾆｭｳｼﾞｭｳﾀｸｴｷﾑﾌﾞﾓﾝ,,,,直接部門,,,,,,,,既存,,,,,,,,,001047004001002000000000000000,計上部門
株式会社やさしい手,会計系販売系サブシステム,00002,会計系販売系組織体系,2025/11/1,4 ,部,5204,訪問高住第4ｴﾘｱ,3 ,209562,2024/3/1,9999/12/31,長野栗田訪問高住拠点,長野栗田訪問高住拠点,ﾅｶﾞﾉｸﾘﾀｼﾞｷﾞｮｳｼｮ,,,,その他,,,,,,,,既存,,,,,,,,,001047004002000000000000000000,部門
株式会社やさしい手,会計系販売系サブシステム,00002,会計系販売系組織体系,2025/11/1,5 ,課,209562,長野栗田訪問高住拠点,4 ,20955250,2024/3/1,9999/12/31,長野栗田訪問介護部門,長野栗田訪問介護部門,ﾅｶﾞﾉｸﾘﾀﾎｳﾓﾝｶｲｺﾞﾌﾞﾓﾝ,,,,直接部門,,,,,,,,既存,,,,,,,,,001047004002001000000000000000,計上部門
株式会社やさしい手,会計系販売系サブシステム,00002,会計系販売系組織体系,2025/11/1,5 ,課,209562,長野栗田訪問高住拠点,4 ,20956210,2024/3/1,9999/12/31,長野栗田住宅役務部門,長野栗田住宅役務部門,ﾅｶﾞﾉｸﾘﾀｼﾞｭｳﾀｸｴｷﾑﾌﾞﾓﾝ,,,,直接部門,,,,,,,,既存,,,,,,,,,001047004002002000000000000000,計上部門
株式会社やさしい手,会計系販売系サブシステム,00002,会計系販売系組織体系,2025/11/1,4 ,部,5204,訪問高住第4ｴﾘｱ,3 ,209592,2024/3/1,9999/12/31,長野高田訪問高住拠点,長野高田訪問高住拠点,ﾅｶﾞﾉﾀｶﾀﾞｼﾞｷﾞｮｳｼｮ,,,,直接部門,,,,,,,,既存,,,,,,,,,001047004003000000000000000000,部門
株式会社やさしい手,会計系販売系サブシステム,00002,会計系販売系組織体系,2025/11/1,5 ,課,209592,長野高田訪問高住拠点,4 ,20956260,2024/3/1,9999/12/31,長野北条住宅役務部門,長野北条住宅役務部門,ﾅｶﾞﾉｷﾀｼﾞｮｳｼﾞｭｳﾀｸｴｷﾑﾌﾞﾓﾝ,,,,直接部門,,,,,,,,既存,,,,,,,,,001047004003001000000000000000,計上部門
株式会社やさしい手,会計系販売系サブシステム,00002,会計系販売系組織体系,2025/11/1,5 ,課,209592,長野高田訪問高住拠点,4 ,20956270,2024/3/1,9999/12/31,長野北条訪問介護部門,長野北条訪問介護部門,ﾅｶﾞﾉｷﾀｼﾞｮｳﾎｳﾓﾝｶｲｺﾞﾌﾞﾓﾝ,,,,直接部門,,,,,,,,既存,,,,,,,,,001047004003002000000000000000,計上部門
株式会社やさしい手,会計系販売系サブシステム,00002,会計系販売系組織体系,2025/11/1,5 ,課,209592,長野高田訪問高住拠点,4 ,20959240,2024/3/1,9999/12/31,長野高田訪問介護部門,長野高田訪問介護部門,ﾅｶﾞﾉﾀｶﾀﾞﾎｳﾓﾝｶｲｺﾞﾌﾞﾓﾝ,,,,直接部門,,,,,,,,既存,,,,,,,,,001047004003003000000000000000,計上部門
株式会社やさしい手,会計系販売系サブシステム,00002,会計系販売系組織体系,2025/11/1,5 ,課,209592,長野高田訪問高住拠点,4 ,20959250,2024/3/1,9999/12/31,長野高田定期巡回部門,長野高田定期巡回部門,ﾅｶﾞﾉﾀｶﾀﾞﾃｲｷｼﾞｭﾝｶｲﾌﾞﾓﾝ,,,,直接部門,,,,,,,,既存,,,,,,,,,001047004003004000000000000000,計上部門
株式会社やさしい手,会計系販売系サブシステム,00002,会計系販売系組織体系,2025/11/1,5 ,課,209592,長野高田訪問高住拠点,4 ,20959260,2024/3/1,9999/12/31,長野高田住宅役務部門,長野高田住宅役務部門,ﾅｶﾞﾉﾀｶﾀﾞｼﾞｭｳﾀｸｴｷﾑﾌﾞﾓﾝ,,,,直接部門,,,,,,,,既存,,,,,,,,,001047004003005000000000000000,計上部門
株式会社やさしい手,会計系販売系サブシステム,00002,会計系販売系組織体系,2025/11/1,4 ,部,5204,訪問高住第4ｴﾘｱ,3 ,209600,2024/3/1,9999/12/31,上越訪問高住拠点,上越訪問高住拠点,ｼﾞｮｳｴﾂｼﾞｷﾞｮｳｼｮ,,,,その他,,,,025-527-6451,025-527-6453,,,既存,,,,,,,,,001047004004000000000000000000,部門
株式会社やさしい手,会計系販売系サブシステム,00002,会計系販売系組織体系,2025/11/1,5 ,課,209600,上越訪問高住拠点,4 ,20960040,2024/3/1,9999/12/31,上越訪問介護部門,上越訪問介護部門,ｼﾞｮｳｴﾂﾎｳﾓﾝｶｲｺﾞﾌﾞﾓﾝ,,,,直接部門,,,,025-527-6451,025-527-6453,,,既存,,,,,,,,,001047004004001000000000000000,計上部門
株式会社やさしい手,会計系販売系サブシステム,00002,会計系販売系組織体系,2025/11/1,5 ,課,209600,上越訪問高住拠点,4 ,20960050,2024/3/1,9999/12/31,上越住宅役務部門,上越住宅役務部門,ｼﾞｮｳｴﾂｼﾞｭｳﾀｸｴｷﾑﾌﾞﾓﾝ,,,,直接部門,,,,025-527-6451,025-527-6453,,,既存,,,,,,,,,001047004004002000000000000000,計上部門
株式会社やさしい手,会計系販売系サブシステム,00002,会計系販売系組織体系,2025/11/1,5 ,課,209600,上越訪問高住拠点,4 ,20960540,2024/3/1,9999/12/31,上越定期巡回部門,上越定期巡回部門,ｼﾞｮｳｴﾂﾃｲｷｼﾞｭﾝｶｲﾌﾞﾓﾝ,,,,直接部門,,,,025-527-6451,025-527-6453,,,既存,,,,,,,,,001047004004003000000000000000,計上部門
株式会社やさしい手,会計系販売系サブシステム,00002,会計系販売系組織体系,2025/11/1,4 ,部,5204,訪問高住第4ｴﾘｱ,3 ,209602,2024/3/1,9999/12/31,東城訪問高住拠点,東城訪問高住拠点,ﾋｶﾞｼｼﾛｼﾞｷﾞｮｳｼｮ,,,,その他,,,,,,,,既存,,,,,,,,,001047004005000000000000000000,部門
株式会社やさしい手,会計系販売系サブシステム,00002,会計系販売系組織体系,2025/11/1,5 ,課,209602,東城訪問高住拠点,4 ,20960250,2024/3/1,9999/12/31,東城定期巡回部門,東城定期巡回部門,ﾋｶﾞｼｼﾛﾃｲｷｼﾞｭﾝｶｲﾌﾞﾓﾝ,,,,直接部門,,,,,,,,既存,,,,,,,,,001047004005001000000000000000,計上部門
株式会社やさしい手,会計系販売系サブシステム,00002,会計系販売系組織体系,2025/11/1,5 ,課,209602,東城訪問高住拠点,4 ,20960260,2024/3/1,9999/12/31,東城住宅役務部門,東城住宅役務部門,ﾋｶﾞｼｼﾛｼﾞｭｳﾀｸｴｷﾑﾌﾞﾓﾝ,,,,直接部門,,,,,,,,既存,,,,,,,,,001047004005002000000000000000,計上部門
株式会社やさしい手,会計系販売系サブシステム,00002,会計系販売系組織体系,2025/11/1,5 ,課,209602,東城訪問高住拠点,4 ,20960270,2024/3/1,9999/12/31,東城訪問介護部門,東城訪問介護部門,ﾋｶﾞｼｼﾛﾎｳﾓﾝｶｲｺﾞﾌﾞﾓﾝ,,,,直接部門,,,,,,,,既存,,,,,,,,,001047004005003000000000000000,計上部門
株式会社やさしい手,会計系販売系サブシステム,00002,会計系販売系組織体系,2025/11/1,4 ,部,5204,訪問高住第4ｴﾘｱ,3 ,209692,2024/3/1,9999/12/31,結城訪問高住拠点,結城訪問高住拠点,ﾕｳｷｼﾞｷﾞｮｳｼｮ,,,,その他,,,,,,,,既存,,,,,,,,,001047004006000000000000000000,部門
株式会社やさしい手,会計系販売系サブシステム,00002,会計系販売系組織体系,2025/11/1,5 ,課,209692,結城訪問高住拠点,4 ,20969240,2024/3/1,9999/12/31,結城訪問介護部門,結城訪問介護部門,ﾕｳｷﾎｳﾓﾝｶｲｺﾞﾌﾞﾓﾝ,,,,直接部門,,,,,,,,既存,,,,,,,,,001047004006001000000000000000,計上部門
株式会社やさしい手,会計系販売系サブシステム,00002,会計系販売系組織体系,2025/11/1,5 ,課,209692,結城訪問高住拠点,4 ,20969250,2024/3/1,9999/12/31,結城定期巡回部門,結城定期巡回部門,ﾕｳｷﾃｲｷｼﾞｭﾝｶｲﾌﾞﾓﾝ,,,,直接部門,,,,,,,,既存,,,,,,,,,001047004006002000000000000000,計上部門
株式会社やさしい手,会計系販売系サブシステム,00002,会計系販売系組織体系,2025/11/1,5 ,課,209692,結城訪問高住拠点,4 ,20969260,2024/3/1,9999/12/31,結城住宅役務部門,結城住宅役務部門,ﾕｳｷｼﾞｭｳﾀｸｴｷﾑﾌﾞﾓﾝ,,,,直接部門,,,,,,,,既存,,,,,,,,,001047004006003000000000000000,計上部門
株式会社やさしい手,会計系販売系サブシステム,00002,会計系販売系組織体系,2025/11/1,4 ,部,5204,訪問高住第4ｴﾘｱ,3 ,453010,2024/3/1,9999/12/31,国府訪問高住拠点,国府訪問高住拠点,ｺｸﾌｼﾞｷﾞｮｳｼｮ,,,,その他,,,,,,,,既存,,,,,,,,,001047004007000000000000000000,部門
株式会社やさしい手,会計系販売系サブシステム,00002,会計系販売系組織体系,2025/11/1,5 ,課,453010,国府訪問高住拠点,4 ,45301010,2024/3/1,9999/12/31,国府訪問介護部門,国府訪問介護部門,ｺｸﾌﾎｳﾓﾝｶｲｺﾞﾌﾞﾓﾝ,,,,直接部門,,,,,,,,既存,,,,,,,,,001047004007001000000000000000,計上部門
株式会社やさしい手,会計系販売系サブシステム,00002,会計系販売系組織体系,2025/11/1,5 ,課,453010,国府訪問高住拠点,4 ,45301020,2024/3/1,9999/12/31,国府住宅役務部門,国府住宅役務部門,ｺｸﾌｼﾞｭｳﾀｸｴｷﾑﾌﾞﾓﾝ,,,,直接部門,,,,,,,,既存,,,,,,,,,001047004007002000000000000000,計上部門
株式会社やさしい手,会計系販売系サブシステム,00002,会計系販売系組織体系,2025/11/1,5 ,課,453010,国府訪問高住拠点,4 ,45301030,2024/3/1,9999/12/31,国府定期巡回部門,国府定期巡回部門,ｺｸﾌﾃｲｷｼﾞｭﾝｶｲﾌﾞﾓﾝ,,,,直接部門,,,,,,,,既存,,,,,,,,,001047004007003000000000000000,計上部門
株式会社やさしい手,会計系販売系サブシステム,00002,会計系販売系組織体系,2025/11/1,4 ,部,5204,訪問高住第4ｴﾘｱ,3 ,453020,2024/3/1,9999/12/31,柏崎訪問高住拠点,柏崎訪問高住拠点,ｶｼﾜｻﾞｷｼﾞｷﾞｮｳｼｮ,,,,その他,,,,,,,,既存,,,,,,,,,001047004008000000000000000000,部門
株式会社やさしい手,会計系販売系サブシステム,00002,会計系販売系組織体系,2025/11/1,5 ,課,453020,柏崎訪問高住拠点,4 ,45302010,2024/3/1,9999/12/31,柏崎訪問介護部門,柏崎訪問介護部門,ｶｼﾜｻﾞｷﾎｳﾓﾝｶｲｺﾞﾌﾞﾓﾝ,,,,直接部門,,,,,,,,既存,,,,,,,,,001047004008001000000000000000,計上部門
株式会社やさしい手,会計系販売系サブシステム,00002,会計系販売系組織体系,2025/11/1,5 ,課,453020,柏崎訪問高住拠点,4 ,45302020,2024/3/1,9999/12/31,柏崎住宅役務部門,柏崎住宅役務部門,ｶｼﾜｻﾞｷｼﾞｭｳﾀｸｴｷﾑﾌﾞﾓﾝ,,,,直接部門,,,,,,,,既存,,,,,,,,,001047004008002000000000000000,計上部門
株式会社やさしい手,会計系販売系サブシステム,00002,会計系販売系組織体系,2025/11/1,4 ,部,5204,訪問高住第4ｴﾘｱ,3 ,453030,2024/3/1,9999/12/31,長岡訪問高住拠点,長岡訪問高住拠点,ﾅｶﾞｵｶｼﾞｷﾞｮｳｼｮ,,,,その他,,,,,,,,既存,,,,,,,,,001047004009000000000000000000,部門
株式会社やさしい手,会計系販売系サブシステム,00002,会計系販売系組織体系,2025/11/1,5 ,課,453030,長岡訪問高住拠点,4 ,45303010,2024/3/1,9999/12/31,長岡訪問介護部門,長岡訪問介護部門,ﾅｶﾞｵｶﾎｳﾓﾝｶｲｺﾞﾌﾞﾓﾝ,,,,直接部門,,,,,,,,既存,,,,,,,,,001047004009001000000000000000,計上部門
株式会社やさしい手,会計系販売系サブシステム,00002,会計系販売系組織体系,2025/11/1,5 ,課,453030,長岡訪問高住拠点,4 ,45303020,2024/3/1,9999/12/31,長岡住宅役務部門,長岡住宅役務部門,ﾅｶﾞｵｶｼﾞｭｳﾀｸｴｷﾑﾌﾞﾓﾝ,,,,直接部門,,,,,,,,既存,,,,,,,,,001047004009002000000000000000,計上部門
株式会社やさしい手,会計系販売系サブシステム,00002,会計系販売系組織体系,2025/11/1,4 ,部,5204,訪問高住第4ｴﾘｱ,3 ,520401,2024/3/1,9999/12/31,訪問高住第4ｴﾘｱ統括課,訪問高住第4ｴﾘｱ統括課,ﾎｳﾓﾝｺｳｼﾞｭｳﾀﾞｲﾖﾝｴﾘｱﾄｳｶﾂｶ,,,,その他,,,,,,,,既存,,,,,,,,,001047004010000000000000000000,部門
株式会社やさしい手,会計系販売系サブシステム,00002,会計系販売系組織体系,2025/11/1,5 ,課,520401,訪問高住第4ｴﾘｱ統括課,4 ,52040101,2024/3/1,9999/12/31,訪問高住第4ｴﾘｱ統括課,訪問高住第4ｴﾘｱ統括課,ﾎｳﾓﾝｺｳｼﾞｭｳﾀﾞｲﾖﾝｴﾘｱﾄｳｶﾂｶ,,,,間接部門,,,,,,,,既存,,,,,,,,,001047004010001000000000000000,計上部門
株式会社やさしい手,会計系販売系サブシステム,00002,会計系販売系組織体系,2025/11/1,3 ,本　部,52,訪問高住ｻｰﾋﾞｽﾗｲﾝ,2 ,5205,2024/3/1,9999/12/31,訪問高住第5ｴﾘｱ,訪問高住第5ｴﾘｱ,ﾎｳﾓﾝｺｳｼﾞｭｳﾀﾞｲｺﾞｴﾘｱ,,,,その他,,,,,,,,既存,,,,,,,,,001047005000000000000000000000,部門
株式会社やさしい手,会計系販売系サブシステム,00002,会計系販売系組織体系,2025/11/1,4 ,部,5205,訪問高住第5ｴﾘｱ,3 ,520501,2024/3/1,9999/12/31,訪問高住第5ｴﾘｱ統括課,訪問高住第5ｴﾘｱ統括課,ﾎｳﾓﾝｺｳｼﾞｭｳﾀﾞｲｺﾞｴﾘｱﾄｳｶﾂｶ,,,,その他,,,,,,,,既存,,,,,,,,,001047005001000000000000000000,部門
株式会社やさしい手,会計系販売系サブシステム,00002,会計系販売系組織体系,2025/11/1,5 ,課,520501,訪問高住第5ｴﾘｱ統括課,4 ,52050101,2024/3/1,9999/12/31,訪問高住第5ｴﾘｱ統括課,訪問高住第5ｴﾘｱ統括課,ﾎｳﾓﾝｺｳｼﾞｭｳﾀﾞｲｺﾞｴﾘｱﾄｳｶﾂｶ,,,,間接部門,,,,,,,,既存,,,,,,,,,001047005001001000000000000000,計上部門
株式会社やさしい手,会計系販売系サブシステム,00002,会計系販売系組織体系,2025/11/1,4 ,部,5205,訪問高住第5ｴﾘｱ,3 ,643010,2024/3/1,9999/12/31,中津訪問高住拠点,中津訪問高住拠点,ﾅｶﾂｺｳｼﾞｭｳｷｮﾃﾝ,,,,その他,,,,,,,,既存,,,,,,,,,001047005003000000000000000000,部門
株式会社やさしい手,会計系販売系サブシステム,00002,会計系販売系組織体系,2025/11/1,5 ,課,643010,中津訪問高住拠点,4 ,64301010,2024/3/1,9999/12/31,中津訪問介護部門,中津訪問介護部門,ﾅｶﾂﾎｳﾓﾝｶｲｺﾞﾌﾞﾓﾝ,,,,直接部門,,,,,,,,既存,,,,,,,,,001047005003001000000000000000,計上部門
株式会社やさしい手,会計系販売系サブシステム,00002,会計系販売系組織体系,2025/11/1,5 ,課,643010,中津訪問高住拠点,4 ,64301020,2024/3/1,9999/12/31,中津住宅役務部門,中津住宅役務部門,ﾅｶﾂｼﾞｭｳﾀｸｴｷﾑﾌﾞﾓﾝ,,,,直接部門,,,,,,,,既存,,,,,,,,,001047005003002000000000000000,計上部門
株式会社やさしい手,会計系販売系サブシステム,00002,会計系販売系組織体系,2025/11/1,4 ,部,5205,訪問高住第5ｴﾘｱ,3 ,643020,2024/3/1,9999/12/31,鶴崎訪問高住拠点,鶴崎訪問高住拠点,ﾂﾙｻｷｺｳｼﾞｭｳｷｮﾃﾝ,,,,その他,,,,,,,,既存,,,,,,,,,001047005004000000000000000000,部門
株式会社やさしい手,会計系販売系サブシステム,00002,会計系販売系組織体系,2025/11/1,5 ,課,643020,鶴崎訪問高住拠点,4 ,64302010,2024/3/1,9999/12/31,鶴崎訪問介護部門,鶴崎訪問介護部門,ﾂﾙｻｷﾎｳﾓﾝｶｲｺﾞﾌﾞﾓﾝ,,,,直接部門,,,,,,,,既存,,,,,,,,,001047005004001000000000000000,計上部門
株式会社やさしい手,会計系販売系サブシステム,00002,会計系販売系組織体系,2025/11/1,5 ,課,643020,鶴崎訪問高住拠点,4 ,64302020,2024/3/1,9999/12/31,鶴崎住宅役務部門,鶴崎住宅役務部門,ﾂﾙｻｷｼﾞｭｳﾀｸｴｷﾑﾌﾞﾓﾝ,,,,直接部門,,,,,,,,既存,,,,,,,,,001047005004002000000000000000,計上部門
株式会社やさしい手,会計系販売系サブシステム,00002,会計系販売系組織体系,2025/11/1,4 ,部,5205,訪問高住第5ｴﾘｱ,3 ,653030,2024/3/1,9999/12/31,平之町訪問高住拠点,平之町訪問高住拠点,ﾋﾗﾉﾁｮｳｼﾞｷﾞｮｳｼｮ,,,,その他,,,,,,,,既存,,,,,,,,,001047005005000000000000000000,部門
株式会社やさしい手,会計系販売系サブシステム,00002,会計系販売系組織体系,2025/11/1,5 ,課,653030,平之町訪問高住拠点,4 ,65303040,2024/3/1,9999/12/31,平之町訪問介護部門,平之町訪問介護部門,ﾋﾗﾉﾁｮｳﾎｳﾓﾝｶｲｺﾞﾌﾞﾓﾝ,,,,直接部門,,,,,,,,既存,,,,,,,,,001047005005001000000000000000,計上部門
株式会社やさしい手,会計系販売系サブシステム,00002,会計系販売系組織体系,2025/11/1,5 ,課,653030,平之町訪問高住拠点,4 ,65303060,2024/3/1,9999/12/31,平之町住宅役務部門,平之町住宅役務部門,ﾋﾗﾉﾁｮｳｼﾞｭｳﾀｸｴｷﾑﾌﾞﾓﾝ,,,,直接部門,,,,,,,,既存,,,,,,,,,001047005005002000000000000000,計上部門
株式会社やさしい手,会計系販売系サブシステム,00002,会計系販売系組織体系,2025/11/1,4 ,部,5205,訪問高住第5ｴﾘｱ,3 ,653040,2024/3/1,9999/12/31,宇宿訪問高住拠点,宇宿訪問高住拠点,ｳｽｷｼﾞｷﾞｮｳｼｮ,,,,その他,,,,,,,,既存,,,,,,,,,001047005006000000000000000000,部門
株式会社やさしい手,会計系販売系サブシステム,00002,会計系販売系組織体系,2025/11/1,5 ,課,653040,宇宿訪問高住拠点,4 ,65304040,2024/3/1,9999/12/31,宇宿訪問介護部門,宇宿訪問介護部門,ｳｽｷﾎｳﾓﾝｶｲｺﾞﾌﾞﾓﾝ,,,,直接部門,,,,,,,,既存,,,,,,,,,001047005006001000000000000000,計上部門
株式会社やさしい手,会計系販売系サブシステム,00002,会計系販売系組織体系,2025/11/1,5 ,課,653040,宇宿訪問高住拠点,4 ,65304060,2024/3/1,9999/12/31,宇宿住宅役務部門,宇宿住宅役務部門,ｳｽｷｼﾞｭｳﾀｸｴｷﾑﾌﾞﾓﾝ,,,,直接部門,,,,,,,,既存,,,,,,,,,001047005006002000000000000000,計上部門
株式会社やさしい手,会計系販売系サブシステム,00002,会計系販売系組織体系,2025/11/1,3 ,本　部,52,訪問高住ｻｰﾋﾞｽﾗｲﾝ,2 ,5206,2024/3/1,9999/12/31,訪問高住第6ｴﾘｱ,訪問高住第6ｴﾘｱ,ﾎｳﾓﾝｺｳｼﾞｭｳﾀﾞｲﾛｸｴﾘｱ,,,,その他,,,,,,,,既存,,,,,,,,,001047006000000000000000000000,部門
株式会社やさしい手,会計系販売系サブシステム,00002,会計系販売系組織体系,2025/11/1,4 ,部,5206,訪問高住第6ｴﾘｱ,3 ,209640,2024/3/1,9999/12/31,和坂訪問高住拠点,和坂訪問高住拠点,ﾜｻｶｼﾞｷﾞｮｳｼｮ,,,,その他,,,,078-922-9008,078-922-9151,,,既存,,,,,,,,,001047006001000000000000000000,部門
株式会社やさしい手,会計系販売系サブシステム,00002,会計系販売系組織体系,2025/11/1,5 ,課,209640,和坂訪問高住拠点,4 ,20964040,2024/3/1,9999/12/31,和坂訪問介護部門,和坂訪問介護部門,ﾜｻｶﾎｳﾓﾝｶｲｺﾞﾌﾞﾓﾝ,,,,直接部門,,,,078-922-9008,078-922-9007,,,既存,,,,,,,,,001047006001001000000000000000,計上部門
株式会社やさしい手,会計系販売系サブシステム,00002,会計系販売系組織体系,2025/11/1,5 ,課,209640,和坂訪問高住拠点,4 ,20964050,2024/3/1,9999/12/31,西明石住宅役務部門,西明石住宅役務部門,ﾆｼｱｶｼｼﾞｭｳﾀｸｴｷﾑﾌﾞﾓﾝ,,,,直接部門,,,,078-922-9008,078-922-9151,,,既存,,,,,,,,,001047006001002000000000000000,計上部門
株式会社やさしい手,会計系販売系サブシステム,00002,会計系販売系組織体系,2025/11/1,5 ,課,209640,和坂訪問高住拠点,4 ,20964060,2024/3/1,9999/12/31,和坂定期巡回部門,和坂定期巡回部門,ﾜｻｶﾃｲｷｼﾞｭﾝｶｲﾌﾞﾓﾝ,,,,直接部門,,,,078-922-9008,078-922-9151,,,既存,,,,,,,,,001047006001003000000000000000,計上部門
株式会社やさしい手,会計系販売系サブシステム,00002,会計系販売系組織体系,2025/11/1,4 ,部,5206,訪問高住第6ｴﾘｱ,3 ,209650,2024/3/1,9999/12/31,持子訪問高住拠点,持子訪問高住拠点,ﾓﾁｺｼﾞｷﾞｮｳｼｮ,,,,その他,,,,078-977-0727,,,,既存,,,,,,,,,001047006002000000000000000000,部門
株式会社やさしい手,会計系販売系サブシステム,00002,会計系販売系組織体系,2025/11/1,5 ,課,209650,持子訪問高住拠点,4 ,20965040,2024/3/1,9999/12/31,持子訪問介護部門,持子訪問介護部門,ﾓﾁｺﾎｳﾓﾝｶｲｺﾞﾌﾞﾓﾝ,,,,直接部門,,,,078-977-0727,,,,既存,,,,,,,,,001047006002001000000000000000,計上部門
株式会社やさしい手,会計系販売系サブシステム,00002,会計系販売系組織体系,2025/11/1,5 ,課,209650,持子訪問高住拠点,4 ,20965050,2024/3/1,9999/12/31,持子定期巡回部門,持子定期巡回部門,ﾓﾁｺﾃｲｷｼﾞｭﾝｶｲﾌﾞﾓﾝ,,,,直接部門,,,,078-977-0727,,,,既存,,,,,,,,,001047006002002000000000000000,計上部門
株式会社やさしい手,会計系販売系サブシステム,00002,会計系販売系組織体系,2025/11/1,5 ,課,209650,持子訪問高住拠点,4 ,20965060,2024/3/1,9999/12/31,持子住宅役務部門,持子住宅役務部門,ﾓﾁｺｼﾞｭｳﾀｸｴｷﾑﾌﾞﾓﾝ,,,,直接部門,,,,078-977-0727,,,,既存,,,,,,,,,001047006002003000000000000000,計上部門
株式会社やさしい手,会計系販売系サブシステム,00002,会計系販売系組織体系,2025/11/1,4 ,部,5206,訪問高住第6ｴﾘｱ,3 ,209655,2024/3/1,9999/12/31,東灘訪問高住拠点,東灘訪問高住拠点,ﾋｶﾞｼﾅﾀﾞｺｳｼﾞｭｳｷｮﾃﾝｺﾞｳｹｲ,,,,その他,,,,,,,,既存,,,,,,,,,001047006003000000000000000000,部門
株式会社やさしい手,会計系販売系サブシステム,00002,会計系販売系組織体系,2025/11/1,5 ,課,209655,東灘訪問高住拠点,4 ,20965540,2024/3/1,9999/12/31,東灘訪問介護部門,東灘訪問介護部門,ﾋｶﾞｼﾅﾀﾞﾎｳﾓﾝｶｲｺﾞﾌﾞﾓﾝ,,,,直接部門,,,,,,,,既存,,,,,,,,,001047006003001000000000000000,計上部門
株式会社やさしい手,会計系販売系サブシステム,00002,会計系販売系組織体系,2025/11/1,5 ,課,209655,東灘訪問高住拠点,4 ,20965550,2024/3/1,9999/12/31,東灘定期巡回部門,東灘定期巡回部門,ﾋｶﾞｼﾅﾀﾞﾃｲｷｼﾞｭﾝｶｲﾌﾞﾓﾝ,,,,直接部門,,,,,,,,既存,,,,,,,,,001047006003002000000000000000,計上部門
株式会社やさしい手,会計系販売系サブシステム,00002,会計系販売系組織体系,2025/11/1,5 ,課,209655,東灘訪問高住拠点,4 ,20965560,2024/3/1,9999/12/31,東灘住宅役務部門,東灘住宅役務部門,ﾋｶﾞｼﾅﾀﾞｼﾞｭｳﾀｸｴｷﾑﾌﾞﾓﾝ,,,,直接部門,,,,,,,,既存,,,,,,,,,001047006003003000000000000000,計上部門
株式会社やさしい手,会計系販売系サブシステム,00002,会計系販売系組織体系,2025/11/1,4 ,部,5206,訪問高住第6ｴﾘｱ,3 ,520601,2024/3/1,9999/12/31,訪問高住第6ｴﾘｱ統括課,訪問高住第6ｴﾘｱ統括課,ﾎｳﾓﾝｺｳｼﾞｭｳﾀﾞｲﾛｸｴﾘｱﾄｳｶﾂｶ,,,,その他,,,,,,,,既存,,,,,,,,,001047006005000000000000000000,部門
株式会社やさしい手,会計系販売系サブシステム,00002,会計系販売系組織体系,2025/11/1,5 ,課,520601,訪問高住第6ｴﾘｱ統括課,4 ,52060101,2024/3/1,9999/12/31,訪問高住第6ｴﾘｱ統括課,訪問高住第6ｴﾘｱ統括課,ﾎｳﾓﾝｺｳｼﾞｭｳﾀﾞｲﾛｸｴﾘｱﾄｳｶﾂｶ,,,,間接部門,,,,,,,,既存,,,,,,,,,001047006005001000000000000000,計上部門
株式会社やさしい手,会計系販売系サブシステム,00002,会計系販売系組織体系,2025/11/1,4 ,部,5206,訪問高住第6ｴﾘｱ,3 ,614090,2024/3/1,9999/12/31,明石大久保訪問高住拠点,明石大久保訪問高住拠,ｱｶｼｵｵｸﾎﾞｺｳｼﾞｭｳｷｮﾃﾝ,,,,その他,,,,,,,,既存,,,,,,,,,001047006006000000000000000000,部門
株式会社やさしい手,会計系販売系サブシステム,00002,会計系販売系組織体系,2025/11/1,5 ,課,614090,明石大久保訪問高住拠,4 ,61402020,2024/3/1,9999/12/31,明石大久保住宅役務部門,明石大久保住宅役務,ｱｶｼｵｵｸﾎﾞｼﾞｭｳﾀｸｴｷﾑﾌﾞﾓﾝ,,,,直接部門,,,,,,,,既存,,,,,,,,,001047006006001000000000000000,計上部門
株式会社やさしい手,会計系販売系サブシステム,00002,会計系販売系組織体系,2025/11/1,5 ,課,614090,明石大久保訪問高住拠,4 ,61402030,2024/3/1,9999/12/31,明石大久保訪問介護部門,明石大久保訪問介護,ｱｶｼｵｵｸﾎﾞﾎｳﾓﾝｶｲｺﾞﾌﾞﾓﾝ,,,,直接部門,,,,,,,,既存,,,,,,,,,001047006006002000000000000000,計上部門
株式会社やさしい手,会計系販売系サブシステム,00002,会計系販売系組織体系,2025/11/1,4 ,部,5206,訪問高住第6ｴﾘｱ,3 ,614095,2024/3/1,9999/12/31,加古川尾上訪問高住拠点,加古川尾上訪問高住拠,ｶｺｶﾞﾜｵﾉｴｺｳｼﾞｭｳｷｮﾃﾝ,,,,その他,,,,,,,,既存,,,,,,,,,001047006007000000000000000000,部門
株式会社やさしい手,会計系販売系サブシステム,00002,会計系販売系組織体系,2025/11/1,5 ,課,614095,加古川尾上訪問高住拠,4 ,61409510,2024/3/1,9999/12/31,加古川尾上訪問介護部門,加古川尾上訪問介護,ｶｺｶﾞﾜｵﾉｴﾎｳﾓﾝｶｲｺﾞﾌﾞﾓﾝ,,,,直接部門,,,,,,,,既存,,,,,,,,,001047006007001000000000000000,計上部門
株式会社やさしい手,会計系販売系サブシステム,00002,会計系販売系組織体系,2025/11/1,5 ,課,614095,加古川尾上訪問高住拠,4 ,61409520,2024/3/1,9999/12/31,加古川尾上住宅役務部門,加古川尾上住宅役務,ｶｺｶﾞﾜｵﾉｴｼﾞｭｳﾀｸｴｷﾑﾌﾞﾓﾝ,,,,直接部門,,,,,,,,既存,,,,,,,,,001047006007002000000000000000,計上部門
株式会社やさしい手,会計系販売系サブシステム,00002,会計系販売系組織体系,2025/11/1,3 ,本　部,52,訪問高住ｻｰﾋﾞｽﾗｲﾝ,2 ,5210,2024/3/1,9999/12/31,訪問高住ｻｰﾋﾞｽﾗｲﾝ統括部,訪高ｻｰﾋﾞｽﾗｲﾝ統括部,ﾎｳﾓﾝｺｳｼﾞｭｳｻｰﾋﾞｽﾗｲﾝﾄｳｶﾂﾌﾞ,,,,その他,,,,,,,,既存,,,,,,,,,001047007000000000000000000000,部門
株式会社やさしい手,会計系販売系サブシステム,00002,会計系販売系組織体系,2025/11/1,4 ,部,5210,訪高ｻｰﾋﾞｽﾗｲﾝ統括部,3 ,521001,2024/3/1,9999/12/31,訪問高住ｻｰﾋﾞｽﾗｲﾝ統括課,訪高ｻｰﾋﾞｽﾗｲﾝ統括課,ﾎｳﾓﾝｺｳｼﾞｭｳｻｰﾋﾞｽﾗｲﾝﾄｳｶﾂｶ,,,,その他,,,,,,,,既存,,,,,,,,,001047007001000000000000000000,部門
株式会社やさしい手,会計系販売系サブシステム,00002,会計系販売系組織体系,2025/11/1,5 ,課,521001,訪高ｻｰﾋﾞｽﾗｲﾝ統括課,4 ,52100101,2024/3/1,9999/12/31,訪問高住ｻｰﾋﾞｽﾗｲﾝ統括課,訪高ｻｰﾋﾞｽﾗｲﾝ統括課,ﾎｳﾓﾝｺｳｼﾞｭｳｻｰﾋﾞｽﾗｲﾝﾄｳｶﾂｶ,,,,間接部門,,,,,,,,既存,,,,,,,,,001047007001001000000000000000,計上部門
株式会社やさしい手,会計系販売系サブシステム,00002,会計系販売系組織体系,2025/11/1,2 ,本社／支社,0000000000,全社,1 ,53,2024/3/1,9999/12/31,看護ｻｰﾋﾞｽﾗｲﾝ,看護ｻｰﾋﾞｽﾗｲﾝ,ｶﾝｺﾞｻｰﾋﾞｽﾗｲﾝ,,,,その他,,,,,,,,既存,,,,,,,,,001048000000000000000000000000,部門
株式会社やさしい手,会計系販売系サブシステム,00002,会計系販売系組織体系,2025/11/1,3 ,本　部,53,看護ｻｰﾋﾞｽﾗｲﾝ,2 ,5301,2024/3/1,9999/12/31,看護第1ｴﾘｱ,看護第1ｴﾘｱ,ｶﾝｺﾞﾀﾞｲｲﾁｴﾘｱ,,,,その他,,,,,,,,既存,,,,,,,,,001048001000000000000000000000,部門
株式会社やさしい手,会計系販売系サブシステム,00002,会計系販売系組織体系,2025/11/1,4 ,部,5301,看護第1ｴﾘｱ,3 ,404050,2024/3/1,9999/12/31,長野看多機拠点かえりえ,長野看多機拠点,ﾅｶﾞﾉｶﾝﾀｷｷｮﾃﾝｶｴﾘｴ,,,,その他,,,,,,,,既存,,,,,,,,,001048001004000000000000000000,部門
株式会社やさしい手,会計系販売系サブシステム,00002,会計系販売系組織体系,2025/11/1,5 ,課,404050,長野看多機拠点,4 ,40405010,2024/3/1,9999/12/31,長野看多機かえりえ,長野看多機,ﾅｶﾞﾉｶﾝﾀｷ,,,,直接部門,,,,,,,,既存,,,,,,,,,001048001004001000000000000000,計上部門
株式会社やさしい手,会計系販売系サブシステム,00002,会計系販売系組織体系,2025/11/1,5 ,課,404050,長野看多機拠点,4 ,40405020,2024/3/1,9999/12/31,長野訪問看護かえりえ,長野訪看介護,ﾅｶﾞﾉﾎｳｶﾝｶｲｺﾞ,,,,直接部門,,,,,,,,既存,,,,,,,,,001048001004002000000000000000,計上部門
株式会社やさしい手,会計系販売系サブシステム,00002,会計系販売系組織体系,2025/11/1,5 ,課,404050,長野看多機拠点,4 ,40405030,2024/3/1,9999/12/31,長野訪問看護医療保険,長野訪看医療,ﾅｶﾞﾉﾎｳｶﾝｲﾘｮｳ,,,,直接部門,,,,,,,,既存,,,,,,,,,001048001004003000000000000000,計上部門
株式会社やさしい手,会計系販売系サブシステム,00002,会計系販売系組織体系,2025/11/1,5 ,課,404050,長野看多機拠点,4 ,40405040,2024/3/1,9999/12/31,長野訪問看護,長野訪問看護,ﾅｶﾞﾉﾎｳﾓﾝｶﾝｺﾞ,,,,直接部門,,,,,,,,既存,,,,,,,,,001048001004004000000000000000,計上部門
株式会社やさしい手,会計系販売系サブシステム,00002,会計系販売系組織体系,2025/11/1,5 ,課,404050,長野看多機拠点,4 ,40502010,2024/3/1,9999/12/31,長野療養通所かえりえ,長野療養通所,ﾅｶﾞﾉﾘｮｳﾖｳﾂｳｼｮ,,,,直接部門,,,,,,,,既存,,,,,,,,,001048001004005000000000000000,計上部門
株式会社やさしい手,会計系販売系サブシステム,00002,会計系販売系組織体系,2025/11/1,4 ,部,5301,看護第1ｴﾘｱ,3 ,455040,2024/3/1,9999/12/31,北青木看多機拠点かえりえ,北青木看多機拠点,ｷﾀｱｵｷｶﾝﾀｷｷｮﾃﾝｶｴﾘｴ,,,,その他,,,,,,,,既存,,,,,,,,,001048001005000000000000000000,部門
株式会社やさしい手,会計系販売系サブシステム,00002,会計系販売系組織体系,2025/11/1,5 ,課,455040,北青木看多機拠点,4 ,45504010,2024/3/1,9999/12/31,北青木看多機かえりえ,北青木看多機,ｷﾀｱｵｷｶﾝﾀｷ,,,,直接部門,,,,,,,,既存,,,,,,,,,001048001005001000000000000000,計上部門
株式会社やさしい手,会計系販売系サブシステム,00002,会計系販売系組織体系,2025/11/1,5 ,課,455040,北青木看多機拠点,4 ,45504020,2024/3/1,9999/12/31,北青木訪問看護医療保険,北青木訪看医療,ｷﾀｱｵｷﾎｳｶﾝｲﾘｮｳ,,,,直接部門,,,,,,,,既存,,,,,,,,,001048001005002000000000000000,計上部門
株式会社やさしい手,会計系販売系サブシステム,00002,会計系販売系組織体系,2025/11/1,5 ,課,455040,北青木看多機拠点,4 ,45504030,2024/3/1,9999/12/31,北青木訪問看護かえりえ,北青木訪問看護,ｷﾀｱｵｷﾎｳﾓﾝｶﾝｺﾞ,,,,直接部門,,,,,,,,既存,,,,,,,,,001048001005003000000000000000,計上部門
株式会社やさしい手,会計系販売系サブシステム,00002,会計系販売系組織体系,2025/11/1,4 ,部,5301,看護第1ｴﾘｱ,3 ,530101,2024/3/1,9999/12/31,看護第1ｴﾘｱ統括課,看護第1ｴﾘｱ統括課,ｶﾝｺﾞﾀﾞｲｲﾁｴﾘｱﾄｳｶﾂｶ,,,,その他,,,,,,,,既存,,,,,,,,,001048001007000000000000000000,部門
株式会社やさしい手,会計系販売系サブシステム,00002,会計系販売系組織体系,2025/11/1,5 ,課,530101,看護第1ｴﾘｱ統括課,4 ,53010101,2024/3/1,9999/12/31,看護第1ｴﾘｱ統括課,看護第1ｴﾘｱ統括課,ｶﾝｺﾞﾀﾞｲｲﾁｴﾘｱﾄｳｶﾂｶ,,,,間接部門,,,,,,,,既存,,,,,,,,,001048001007001000000000000000,計上部門
株式会社やさしい手,会計系販売系サブシステム,00002,会計系販売系組織体系,2025/11/1,4 ,部,5301,看護第1ｴﾘｱ,3 ,455020,2024/4/1,9999/12/31,上越訪問看護かえりえ,上越訪問看護拠点,ｼﾞｮｳｴﾂﾎｳﾓﾝｶﾝｺﾞｷｮﾃﾝｶｴﾘｴ,,,,その他,,,,,,,,既存,,,,,,,,,001048001009000000000000000000,部門
株式会社やさしい手,会計系販売系サブシステム,00002,会計系販売系組織体系,2025/11/1,5 ,課,455020,上越訪問看護拠点,4 ,45502010,2024/4/1,9999/12/31,上越訪問看護,上越訪問看護,ｼﾞｮｳｴﾂﾎｳﾓﾝｶﾝｺﾞ,,,,直接部門,,,,,,,,既存,,,,,,,,,001048001009001000000000000000,計上部門
株式会社やさしい手,会計系販売系サブシステム,00002,会計系販売系組織体系,2025/11/1,5 ,課,455020,上越訪問看護拠点,4 ,45502020,2024/4/1,9999/12/31,上越訪看医療,上越訪看医療,ｼﾞｮｳｴﾂﾎｳｶﾝｲﾘｮｳ,,,,直接部門,,,,,,,,既存,,,,,,,,,001048001009002000000000000000,計上部門
株式会社やさしい手,会計系販売系サブシステム,00002,会計系販売系組織体系,2025/11/1,4 ,部,5301,看護第1ｴﾘｱ,3 ,455030,2024/4/1,9999/12/31,柏崎訪問看護かえりえ,柏崎訪問看護拠点,ｶｼﾜｻﾞｷﾎｳﾓﾝｶﾝｺﾞｷｮﾃﾝｶｴﾘｴ,,,,その他,,,,,,,,既存,,,,,,,,,001048001010000000000000000000,部門
株式会社やさしい手,会計系販売系サブシステム,00002,会計系販売系組織体系,2025/11/1,5 ,課,455030,柏崎訪問看護拠点,4 ,45503010,2024/4/1,9999/12/31,柏崎訪看医療,柏崎訪看医療,ｶｼﾜｻﾞｷﾎｳｶﾝｲﾘｮｳ,,,,直接部門,,,,,,,,既存,,,,,,,,,001048001010001000000000000000,計上部門
株式会社やさしい手,会計系販売系サブシステム,00002,会計系販売系組織体系,2025/11/1,5 ,課,455030,柏崎訪問看護拠点,4 ,45503020,2024/4/1,9999/12/31,柏崎訪問看護,柏崎訪問看護,ｶｼﾜｻﾞｷﾎｳﾓﾝｶﾝｺﾞ,,,,直接部門,,,,,,,,既存,,,,,,,,,001048001010002000000000000000,計上部門
株式会社やさしい手,会計系販売系サブシステム,00002,会計系販売系組織体系,2025/11/1,4 ,部,5301,看護第1ｴﾘｱ,3 ,455050,2024/4/1,9999/12/31,長岡訪問看護拠点かえりえ,長岡訪問看護拠点,ﾅｶﾞｵｶﾎｳﾓﾝｶﾝｺﾞｷｮﾃﾝ,,,,その他,,,,,,,,既存,,,,,,,,,001048001011000000000000000000,部門
株式会社やさしい手,会計系販売系サブシステム,00002,会計系販売系組織体系,2025/11/1,5 ,課,455050,長岡訪問看護拠点,4 ,45505010,2024/4/1,9999/12/31,長岡訪問看護医療保険,長岡訪看医療,ﾅｶﾞｵｶﾎｳｶﾝｲﾘｮｳ,,,,直接部門,,,,,,,,既存,,,,,,,,,001048001011001000000000000000,計上部門
株式会社やさしい手,会計系販売系サブシステム,00002,会計系販売系組織体系,2025/11/1,5 ,課,455050,長岡訪問看護拠点,4 ,45505020,2024/4/1,9999/12/31,長岡訪問看護,長岡訪問看護,ﾅｶﾞｵｶﾎｳﾓﾝｶﾝｺﾞ,,,,直接部門,,,,,,,,既存,,,,,,,,,001048001011002000000000000000,計上部門
株式会社やさしい手,会計系販売系サブシステム,00002,会計系販売系組織体系,2025/11/1,5 ,課,455050,長岡訪問看護拠点,4 ,45505030,2025/4/1,9999/12/31,長岡看多機かえりえ,長岡看多機,ﾅｶﾞｵｶｶﾝﾀｷ,,,,直接部門,,,,,,,,既存,,,,,,,,,001048001011003000000000000000,計上部門
株式会社やさしい手,会計系販売系サブシステム,00002,会計系販売系組織体系,2025/11/1,4 ,部,5301,看護第1ｴﾘｱ,3 ,645030,2025/4/1,9999/12/31,盛岡看多機拠点かえりえ,盛岡看多機拠点,ﾓﾘｵｶｶﾝﾀｷｷｮﾃﾝｶｴﾘｴ,,,,その他,,,,,,,,既存,,,,,,,,,001048001012000000000000000000,部門
株式会社やさしい手,会計系販売系サブシステム,00002,会計系販売系組織体系,2025/11/1,5 ,課,645030,盛岡看多機拠点,4 ,64503010,2025/4/1,9999/12/31,盛岡看多機かえりえ,盛岡看多機,ﾓﾘｵｶｶﾝﾀｷ,,,,直接部門,,,,,,,,既存,,,,,,,,,001048001012001000000000000000,計上部門
株式会社やさしい手,会計系販売系サブシステム,00002,会計系販売系組織体系,2025/11/1,5 ,課,645030,盛岡看多機拠点,4 ,64503020,2025/4/1,9999/12/31,盛岡訪問看護,盛岡訪問看護,ﾓﾘｵｶﾎｳﾓﾝｶﾝｺﾞ,,,,直接部門,,,,,,,,既存,,,,,,,,,001048001012002000000000000000,計上部門
株式会社やさしい手,会計系販売系サブシステム,00002,会計系販売系組織体系,2025/11/1,3 ,本　部,53,看護ｻｰﾋﾞｽﾗｲﾝ,2 ,5302,2024/3/1,9999/12/31,看護第2ｴﾘｱ,看護第2ｴﾘｱ,ｶﾝｺﾞﾀﾞｲﾆｴﾘｱ,,,,その他,,,,,,,,既存,,,,,,,,,001048002000000000000000000000,部門
株式会社やさしい手,会計系販売系サブシステム,00002,会計系販売系組織体系,2025/11/1,4 ,部,5302,看護第2ｴﾘｱ,3 ,530201,2024/3/1,9999/12/31,看護第2ｴﾘｱ統括課,看護第2ｴﾘｱ統括課,ｶﾝｺﾞﾀﾞｲﾆｴﾘｱﾄｳｶﾂｶ,,,,その他,,,,,,,,既存,,,,,,,,,001048002008000000000000000000,部門
株式会社やさしい手,会計系販売系サブシステム,00002,会計系販売系組織体系,2025/11/1,5 ,課,530201,看護第2ｴﾘｱ統括課,4 ,53020101,2024/3/1,9999/12/31,看護第2ｴﾘｱ統括課,看護第2ｴﾘｱ統括課,ｶﾝｺﾞﾀﾞｲﾆｴﾘｱﾄｳｶﾂｶ,,,,間接部門,,,,,,,,既存,,,,,,,,,001048002008001000000000000000,計上部門
株式会社やさしい手,会計系販売系サブシステム,00002,会計系販売系組織体系,2025/11/1,4 ,部,5302,看護第2ｴﾘｱ,3 ,209730,2024/4/1,9999/12/31,大橋看多機拠点かえりえ,大橋看多機拠点,ｵｵﾊｼｶﾝﾀｷｷｮﾃﾝ,,,,その他,,,,,,,,既存,,,,,,,,,001048002010000000000000000000,部門
株式会社やさしい手,会計系販売系サブシステム,00002,会計系販売系組織体系,2025/11/1,5 ,課,209730,大橋看多機拠点,4 ,20973030,2024/4/1,9999/12/31,大橋訪問看護医療保険,大橋訪看医療,ｵｵﾊｼﾎｳﾓﾝｲﾘｮｳ,,,,直接部門,,,,,,,,既存,,,,,,,,,001048002010001000000000000000,計上部門
株式会社やさしい手,会計系販売系サブシステム,00002,会計系販売系組織体系,2025/11/1,5 ,課,209730,大橋看多機拠点,4 ,20973040,2024/4/1,9999/12/31,大橋訪問看護かえりえ,大橋訪問看護,ｵｵﾊｼﾎｳﾓﾝｶﾝｺﾞ,,,,直接部門,,,,,,,,既存,,,,,,,,,001048002010002000000000000000,計上部門
株式会社やさしい手,会計系販売系サブシステム,00002,会計系販売系組織体系,2025/11/1,5 ,課,209730,大橋看多機拠点,4 ,20973070,2024/4/1,9999/12/31,大橋看多機かえりえ,大橋看多機,ｵｵﾊｼｶﾝﾀｷ,,,,直接部門,,,,,,,,既存,,,,,,,,,001048002010003000000000000000,計上部門
株式会社やさしい手,会計系販売系サブシステム,00002,会計系販売系組織体系,2025/11/1,4 ,部,5302,看護第2ｴﾘｱ,3 ,209760,2024/4/1,9999/12/31,用賀看多機拠点かえりえ,用賀看多機拠点,ﾖｳｶﾞｶﾝﾀｷｷｮﾃﾝ,,,,その他,,,,,,,,既存,,,,,,,,,001048002011000000000000000000,部門
株式会社やさしい手,会計系販売系サブシステム,00002,会計系販売系組織体系,2025/11/1,5 ,課,209760,用賀看多機拠点,4 ,20976030,2024/4/1,9999/12/31,用賀訪問看護医療保険,用賀訪看医療,ﾖｳｶﾞﾎｳｶﾝｲﾘｮｳ,,,,直接部門,,,,,,,,既存,,,,,,,,,001048002011001000000000000000,計上部門
株式会社やさしい手,会計系販売系サブシステム,00002,会計系販売系組織体系,2025/11/1,5 ,課,209760,用賀看多機拠点,4 ,20976040,2024/4/1,9999/12/31,用賀訪問看護かえりえ,用賀訪問看護,ﾖｳｶﾞﾎｳﾓﾝｶﾝｺﾞ,,,,直接部門,,,,,,,,既存,,,,,,,,,001048002011002000000000000000,計上部門
株式会社やさしい手,会計系販売系サブシステム,00002,会計系販売系組織体系,2025/11/1,5 ,課,209760,用賀看多機拠点,4 ,20976070,2024/4/1,9999/12/31,用賀看多機かえりえ,用賀看多機,ﾖｳｶﾞｶﾝﾀｷ,,,,直接部門,,,,,,,,既存,,,,,,,,,001048002011003000000000000000,計上部門
株式会社やさしい手,会計系販売系サブシステム,00002,会計系販売系組織体系,2025/11/1,4 ,部,5302,看護第2ｴﾘｱ,3 ,707030,2024/4/1,9999/12/31,成城看多機拠点かえりえ,成城看多機拠点,ｾｲｼﾞｮｳｶﾝﾀｷｷｮﾃﾝ,,,,その他,,,,,,,,既存,,,,,,,,,001048002012000000000000000000,部門
株式会社やさしい手,会計系販売系サブシステム,00002,会計系販売系組織体系,2025/11/1,5 ,課,707030,成城看多機拠点,4 ,70703010,2024/4/1,9999/12/31,成城訪問看護医療保険,成城訪看医療,ｾｲｼﾞｮｳﾎｳｶﾝｲﾘｮｳ,,,,直接部門,,,,,,,,既存,,,,,,,,,001048002012001000000000000000,計上部門
株式会社やさしい手,会計系販売系サブシステム,00002,会計系販売系組織体系,2025/11/1,5 ,課,707030,成城看多機拠点,4 ,70703020,2024/4/1,9999/12/31,成城訪問看護かえりえ,成城訪問看護,ｾｲｼﾞｮｳﾎｳﾓﾝｶﾝｺﾞ,,,,直接部門,,,,,,,,既存,,,,,,,,,001048002012002000000000000000,計上部門
株式会社やさしい手,会計系販売系サブシステム,00002,会計系販売系組織体系,2025/11/1,5 ,課,707030,成城看多機拠点,4 ,70703030,2024/4/1,9999/12/31,成城看多機かえりえ,成城看多機,ｾｲｼﾞｮｳｶﾝﾀｷ,,,,直接部門,,,,,,,,既存,,,,,,,,,001048002012003000000000000000,計上部門
株式会社やさしい手,会計系販売系サブシステム,00002,会計系販売系組織体系,2025/11/1,4 ,部,5302,看護第2ｴﾘｱ,3 ,707050,2024/4/1,9999/12/31,給田看多機拠点かえりえ,給田看多機拠点,ｷｭｳﾃﾞﾝｶﾝﾀｷｷｮﾃﾝ,,,,その他,,,,,,,,既存,,,,,,,,,001048002013000000000000000000,部門
株式会社やさしい手,会計系販売系サブシステム,00002,会計系販売系組織体系,2025/11/1,5 ,課,707050,給田看多機拠点,4 ,70705010,2024/4/1,9999/12/31,給田訪問看護医療保険,給田訪看医療,ｷｭｳﾃﾞﾝﾎｳｶﾝｲﾘｮｳ,,,,直接部門,,,,,,,,既存,,,,,,,,,001048002013001000000000000000,計上部門
株式会社やさしい手,会計系販売系サブシステム,00002,会計系販売系組織体系,2025/11/1,5 ,課,707050,給田看多機拠点,4 ,70705020,2024/4/1,9999/12/31,給田訪問看護かえりえ,給田訪問看護,ｷｭｳﾃﾞﾝﾎｳﾓﾝｶﾝｺﾞ,,,,直接部門,,,,,,,,既存,,,,,,,,,001048002013002000000000000000,計上部門
株式会社やさしい手,会計系販売系サブシステム,00002,会計系販売系組織体系,2025/11/1,5 ,課,707050,給田看多機拠点,4 ,70705030,2024/4/1,9999/12/31,給田看多機かえりえ,給田看多機,ｷｭｳﾃﾞﾝｶﾝﾀｷ,,,,直接部門,,,,,,,,既存,,,,,,,,,001048002013003000000000000000,計上部門
株式会社やさしい手,会計系販売系サブシステム,00002,会計系販売系組織体系,2025/11/1,4 ,部,5302,看護第2ｴﾘｱ,3 ,707060,2024/4/1,9999/12/31,上北沢看多機拠点かえりえ,上北沢看多機拠点,ｶﾐｷﾀｻﾞﾜｶﾝﾀｷｷｮﾃﾝｶｴﾘｴ,,,,その他,,,,,,,,既存,,,,,,,,,001048002014000000000000000000,部門
株式会社やさしい手,会計系販売系サブシステム,00002,会計系販売系組織体系,2025/11/1,5 ,課,707060,上北沢看多機拠点,4 ,70706010,2024/4/1,9999/12/31,上北沢看多機かえりえ,上北沢看多機,ｶﾐｷﾀｻﾞﾜｶﾝﾀｷ,,,,直接部門,,,,,,,,既存,,,,,,,,,001048002014001000000000000000,計上部門
株式会社やさしい手,会計系販売系サブシステム,00002,会計系販売系組織体系,2025/11/1,5 ,課,707060,上北沢看多機拠点,4 ,70706020,2024/4/1,9999/12/31,上北沢訪問看護医療保険,上北沢訪看医療,ｶﾐｷﾀｻﾞﾜﾎｳｶﾝｲﾘｮｳ,,,,直接部門,,,,,,,,既存,,,,,,,,,001048002014002000000000000000,計上部門
株式会社やさしい手,会計系販売系サブシステム,00002,会計系販売系組織体系,2025/11/1,5 ,課,707060,上北沢看多機拠点,4 ,70706030,2024/4/1,9999/12/31,上北沢訪問看護かえりえ,上北沢訪問看護,ｶﾐｷﾀｻﾞﾜﾎｳﾓﾝｶﾝｺﾞ,,,,直接部門,,,,,,,,既存,,,,,,,,,001048002014003000000000000000,計上部門
株式会社やさしい手,会計系販売系サブシステム,00002,会計系販売系組織体系,2025/11/1,3 ,本　部,53,看護ｻｰﾋﾞｽﾗｲﾝ,2 ,5303,2024/3/1,9999/12/31,看護第3ｴﾘｱ,看護第3ｴﾘｱ,ｶﾝｺﾞﾀﾞｲｻﾝｴﾘｱ,,,,その他,,,,,,,,既存,,,,,,,,,001048003000000000000000000000,部門
株式会社やさしい手,会計系販売系サブシステム,00002,会計系販売系組織体系,2025/11/1,4 ,部,5303,看護第3ｴﾘｱ,3 ,530301,2024/3/1,9999/12/31,看護第3ｴﾘｱ統括課,看護第3ｴﾘｱ統括課,ｶﾝｺﾞﾀﾞｲｻﾝｴﾘｱﾄｳｶﾂｶ,,,,その他,,,,,,,,既存,,,,,,,,,001048003003000000000000000000,部門
株式会社やさしい手,会計系販売系サブシステム,00002,会計系販売系組織体系,2025/11/1,5 ,課,530301,看護第3ｴﾘｱ統括課,4 ,53030101,2024/3/1,9999/12/31,看護第3ｴﾘｱ統括課,看護第3ｴﾘｱ統括課,ｶﾝｺﾞﾀﾞｲｻﾝｴﾘｱﾄｳｶﾂｶ,,,,間接部門,,,,,,,,既存,,,,,,,,,001048003003001000000000000000,計上部門
株式会社やさしい手,会計系販売系サブシステム,00002,会計系販売系組織体系,2025/11/1,4 ,部,5303,看護第3ｴﾘｱ,3 ,209697,2024/4/1,9999/12/31,上石神井看多機拠点かえりえ,上石神井看多機拠点,ｶﾐｼｬｸｼﾞｲｶﾝﾀｷｷｮﾃﾝｶｴﾘｴ,,,,その他,,,,,,,,既存,,,,,,,,,001048003008000000000000000000,部門
株式会社やさしい手,会計系販売系サブシステム,00002,会計系販売系組織体系,2025/11/1,5 ,課,209697,上石神井看多機拠点,4 ,20969720,2024/4/1,9999/12/31,上石神井訪問看護かえりえ,上石神井訪問看護,ｶﾐｼｬｸｼﾞｲﾎｳﾓﾝｶﾝｺﾞｶｴﾘｴ,,,,直接部門,,,,,,,,既存,,,,,,,,,001048003008001000000000000000,計上部門
株式会社やさしい手,会計系販売系サブシステム,00002,会計系販売系組織体系,2025/11/1,5 ,課,209697,上石神井看多機拠点,4 ,20969730,2024/4/1,9999/12/31,上石神井訪問看護医療保険,上石神井訪問看護医療,ｶﾐｼｬｸｼﾞｲﾎｳﾓﾝｶﾝｺﾞｲﾘｮｳﾎｹﾝ,,,,直接部門,,,,,,,,既存,,,,,,,,,001048003008002000000000000000,計上部門
株式会社やさしい手,会計系販売系サブシステム,00002,会計系販売系組織体系,2025/11/1,5 ,課,209697,上石神井看多機拠点,4 ,20969770,2024/4/1,9999/12/31,上石神井看多機かえりえ,上石神井看多機,ｶﾐｼｬｸｼﾞｲｶﾝﾀｷ,,,,直接部門,,,,,,,,既存,,,,,,,,,001048003008003000000000000000,計上部門
株式会社やさしい手,会計系販売系サブシステム,00002,会計系販売系組織体系,2025/11/1,4 ,部,5303,看護第3ｴﾘｱ,3 ,209698,2024/4/1,9999/12/31,西台訪問看護拠点かえりえ,西台訪問看護拠点,ｲﾀﾊﾞｼﾆｼﾀﾞｲﾎｳﾓﾝｶﾝｺﾞｷｮﾃﾝ,,,,その他,,,,,,,,既存,,,,,,,,,001048003009000000000000000000,部門
株式会社やさしい手,会計系販売系サブシステム,00002,会計系販売系組織体系,2025/11/1,5 ,課,209698,西台訪問看護拠点,4 ,20969810,2024/4/1,9999/12/31,西台訪問看護,西台訪問看護,ｲﾀﾊﾞｼﾆｼﾀﾞｲﾎｳﾓﾝｶﾝｺﾞ,,,,直接部門,,,,,,,,既存,,,,,,,,,001048003009001000000000000000,計上部門
株式会社やさしい手,会計系販売系サブシステム,00002,会計系販売系組織体系,2025/11/1,5 ,課,209698,西台訪問看護拠点,4 ,20969820,2024/4/1,9999/12/31,西台訪看医療,西台訪看医療,ｲﾀﾊﾞｼﾆｼﾀﾞｲﾎｳﾓﾝｶﾝｺﾞｲﾘｮｳﾎｹﾝ,,,,直接部門,,,,,,,,既存,,,,,,,,,001048003009002000000000000000,計上部門
株式会社やさしい手,会計系販売系サブシステム,00002,会計系販売系組織体系,2025/11/1,4 ,部,5303,看護第3ｴﾘｱ,3 ,209720,2024/4/1,9999/12/31,日野南平訪問看護拠点かえりえ,日野南平訪問看護拠点,ﾋﾉﾐﾅﾐﾀﾞｲﾗﾎｳﾓﾝｶﾝｺﾞｷｮﾃﾝｶｴﾘｴ,,,,その他,,,,,,,,既存,,,,,,,,,001048003010000000000000000000,部門
株式会社やさしい手,会計系販売系サブシステム,00002,会計系販売系組織体系,2025/11/1,5 ,課,209720,日野南平訪問看護拠点,4 ,20956540,2024/4/1,9999/12/31,日野南平訪問看護,日野南平訪問看護,ﾋﾉﾐﾅﾐﾀﾞｲﾗﾎｳﾓﾝｶﾝｺﾞ,,,,直接部門,,,,,,,,既存,,,,,,,,,001048003010001000000000000000,計上部門
株式会社やさしい手,会計系販売系サブシステム,00002,会計系販売系組織体系,2025/11/1,5 ,課,209720,日野南平訪問看護拠点,4 ,20956570,2024/4/1,9999/12/31,日野南訪問看護かえりえ,日野南平訪看介護,ﾋﾉﾐﾅﾐﾀﾞｲﾗﾎｳｶﾝｶｲｺﾞ,,,,直接部門,,,,,,,,既存,,,,,,,,,001048003010002000000000000000,計上部門
株式会社やさしい手,会計系販売系サブシステム,00002,会計系販売系組織体系,2025/11/1,5 ,課,209720,日野南平訪問看護拠点,4 ,20956580,2024/4/1,9999/12/31,日野南訪問看護医療保険,日野南平訪看医療,ﾋﾉﾐﾅﾐﾀﾞｲﾗﾎｳｶﾝｲﾘｮｳ,,,,直接部門,,,,,,,,既存,,,,,,,,,001048003010003000000000000000,計上部門
株式会社やさしい手,会計系販売系サブシステム,00002,会計系販売系組織体系,2025/11/1,4 ,部,5303,看護第3ｴﾘｱ,3 ,209750,2024/4/1,9999/12/31,平尾看多機拠点かえりえ,平尾看多機拠点,ﾋﾗｵｶﾝﾀｷｷｮﾃﾝｶｴﾘｴ,,,,その他,,,,,,,,既存,,,,,,,,,001048003011000000000000000000,部門
株式会社やさしい手,会計系販売系サブシステム,00002,会計系販売系組織体系,2025/11/1,5 ,課,209750,平尾看多機拠点,4 ,20975030,2024/4/1,9999/12/31,平尾訪問看護医療保険,平尾訪看医療,ﾋﾗｵﾎｳｶﾝｲﾘｮｳ,,,,直接部門,,,,,,,,既存,,,,,,,,,001048003011001000000000000000,計上部門
株式会社やさしい手,会計系販売系サブシステム,00002,会計系販売系組織体系,2025/11/1,5 ,課,209750,平尾看多機拠点,4 ,20975040,2024/4/1,9999/12/31,平尾訪問看護かえりえ,平尾訪問看護,ﾋﾗｵﾎｳﾓﾝｶﾝｺﾞ,,,,直接部門,,,,,,,,既存,,,,,,,,,001048003011002000000000000000,計上部門
株式会社やさしい手,会計系販売系サブシステム,00002,会計系販売系組織体系,2025/11/1,5 ,課,209750,平尾看多機拠点,4 ,20975070,2024/4/1,9999/12/31,平尾看多機かえりえ,平尾看多機,ﾋﾗｵｶﾝﾀｷ,,,,直接部門,,,,,,,,既存,,,,,,,,,001048003011003000000000000000,計上部門
株式会社やさしい手,会計系販売系サブシステム,00002,会計系販売系組織体系,2025/11/1,4 ,部,5303,看護第3ｴﾘｱ,3 ,317010,2024/4/1,9999/12/31,荏田西看多機拠点かえりえ,荏田西看多機拠点,ｴﾀﾞﾆｼｶﾝﾀｷｷｮﾃﾝｶｴﾘｴ,,,,その他,,,,,,,,既存,,,,,,,,,001048003012000000000000000000,部門
株式会社やさしい手,会計系販売系サブシステム,00002,会計系販売系組織体系,2025/11/1,5 ,課,317010,荏田西看多機拠点,4 ,31701010,2024/4/1,9999/12/31,荏田西看多機かえりえ,荏田西看多機,ｴﾀﾞﾆｼｶﾝﾀｷ,,,,直接部門,,,,,,,,既存,,,,,,,,,001048003012001000000000000000,計上部門
株式会社やさしい手,会計系販売系サブシステム,00002,会計系販売系組織体系,2025/11/1,5 ,課,317010,荏田西看多機拠点,4 ,31701020,2024/4/1,9999/12/31,荏田西訪問看護かえりえ,荏田西訪問看護,ｴﾀﾞﾆｼﾎｳﾓﾝｶﾝｺﾞ,,,,直接部門,,,,,,,,既存,,,,,,,,,001048003012002000000000000000,計上部門
株式会社やさしい手,会計系販売系サブシステム,00002,会計系販売系組織体系,2025/11/1,5 ,課,317010,荏田西看多機拠点,4 ,31701030,2024/4/1,9999/12/31,荏田西訪問看護医療保険,荏田西訪看医療,ｴﾀﾞﾆｼﾎｳｶﾝｲﾘｮｳ,,,,直接部門,,,,,,,,既存,,,,,,,,,001048003012003000000000000000,計上部門
株式会社やさしい手,会計系販売系サブシステム,00002,会計系販売系組織体系,2025/11/1,4 ,部,5303,看護第3ｴﾘｱ,3 ,806020,2024/4/1,9999/12/31,小平訪問看護拠点かえりえ,小平訪問看護拠点,ｺﾀﾞｲﾗﾎｳﾓﾝｶﾝｺﾞｷｮﾃﾝ,,,,その他,,,,,,,,既存,,,,,,,,,001048003013000000000000000000,部門
株式会社やさしい手,会計系販売系サブシステム,00002,会計系販売系組織体系,2025/11/1,5 ,課,806020,小平訪問看護拠点,4 ,80602010,2024/4/1,9999/12/31,小平訪問看護,小平訪問看護,ｺﾀﾞｲﾗﾎｳﾓﾝｶﾝｺﾞ,,,,直接部門,,,,,,,,既存,,,,,,,,,001048003013001000000000000000,計上部門
株式会社やさしい手,会計系販売系サブシステム,00002,会計系販売系組織体系,2025/11/1,5 ,課,806020,小平訪問看護拠点,4 ,80602020,2024/4/1,9999/12/31,小平訪看医療,小平訪看医療,ｺﾀﾞｲﾗﾎｳｶﾝｲﾘｮｳ,,,,直接部門,,,,,,,,既存,,,,,,,,,001048003013002000000000000000,計上部門
株式会社やさしい手,会計系販売系サブシステム,00002,会計系販売系組織体系,2025/11/1,5 ,課,806020,小平訪問看護拠点,4 ,80602030,2025/4/1,9999/12/31,小平看多機かえりえ,小平看多機,ｺﾀﾞｲﾗｶﾝﾀｷ,,,,直接部門,,,,,,,,既存,,,,,,,,,001048003013003000000000000000,計上部門
株式会社やさしい手,会計系販売系サブシステム,00002,会計系販売系組織体系,2025/11/1,4 ,部,5303,看護第3ｴﾘｱ,3 ,806030,2024/4/1,9999/12/31,南生田看多機拠点かえりえ,南生田看多機拠点,ﾐﾅﾐｲｸﾀｶﾝﾀｷｷｮﾃﾝｶｴﾘｴ,,,,その他,,,,,,,,既存,,,,,,,,,001048003014000000000000000000,部門
株式会社やさしい手,会計系販売系サブシステム,00002,会計系販売系組織体系,2025/11/1,5 ,課,806030,南生田看多機拠点,4 ,80603010,2024/4/1,9999/12/31,南生田訪問看護かえりえ,南生田訪問看護,ﾐﾅﾐｲｸﾀﾎｳﾓﾝｶﾝｺﾞ,,,,直接部門,,,,,,,,既存,,,,,,,,,001048003014001000000000000000,計上部門
株式会社やさしい手,会計系販売系サブシステム,00002,会計系販売系組織体系,2025/11/1,5 ,課,806030,南生田看多機拠点,4 ,80603020,2024/4/1,9999/12/31,南生田看多機かえりえ,南生田看多機,ﾐﾅﾐｲｸﾀｶﾝﾀｷ,,,,直接部門,,,,,,,,既存,,,,,,,,,001048003014002000000000000000,計上部門
株式会社やさしい手,会計系販売系サブシステム,00002,会計系販売系組織体系,2025/11/1,5 ,課,806030,南生田看多機拠点,4 ,80603030,2024/4/1,9999/12/31,南生田訪問看護医療保険,南生田訪看医療,ﾐﾅﾐｲｸﾀﾎｳｶﾝｲﾘｮｳ,,,,直接部門,,,,,,,,既存,,,,,,,,,001048003014003000000000000000,計上部門
株式会社やさしい手,会計系販売系サブシステム,00002,会計系販売系組織体系,2025/11/1,4 ,部,5303,看護第3ｴﾘｱ,3 ,209699,2024/10/1,9999/12/31,上板橋訪問看護拠点かえりえ,上板橋訪問看護拠点,ｶﾐｲﾀﾊﾞｼﾎｳﾓﾝｶﾝｺﾞｷｮﾃﾝ,,,,その他,,,,,,,,既存,,,,,,,,,001048003015000000000000000000,部門
株式会社やさしい手,会計系販売系サブシステム,00002,会計系販売系組織体系,2025/11/1,5 ,課,209699,上板橋訪問看護拠点,4 ,20969910,2024/10/1,9999/12/31,上板橋訪問看護,上板橋訪問看護,ｶﾐｲﾀﾊﾞｼﾎｳﾓﾝｶﾝｺﾞ,,,,その他,,,,,,,,既存,,,,,,,,,001048003015001000000000000000,計上部門
株式会社やさしい手,会計系販売系サブシステム,00002,会計系販売系組織体系,2025/11/1,3 ,本　部,53,看護ｻｰﾋﾞｽﾗｲﾝ,2 ,5304,2024/3/1,9999/12/31,看護第4ｴﾘｱ,看護第4ｴﾘｱ,ｶﾝｺﾞﾀﾞｲﾖﾝｴﾘｱ,,,,その他,,,,,,,,既存,,,,,,,,,001048004000000000000000000000,部門
株式会社やさしい手,会計系販売系サブシステム,00002,会計系販売系組織体系,2025/11/1,4 ,部,5304,看護第4ｴﾘｱ,3 ,530401,2024/3/1,9999/12/31,看護第4ｴﾘｱ統括課,看護第4ｴﾘｱ統括課,ｶﾝｺﾞﾀﾞｲﾖﾝｴﾘｱﾄｳｶﾂｶ,,,,その他,,,,,,,,既存,,,,,,,,,001048004003000000000000000000,部門
株式会社やさしい手,会計系販売系サブシステム,00002,会計系販売系組織体系,2025/11/1,5 ,課,530401,看護第4ｴﾘｱ統括課,4 ,53040101,2024/3/1,9999/12/31,看護第4ｴﾘｱ統括課,看護第4ｴﾘｱ統括課,ｶﾝｺﾞﾀﾞｲﾖﾝｴﾘｱﾄｳｶﾂｶ,,,,間接部門,,,,,,,,既存,,,,,,,,,001048004003001000000000000000,計上部門
株式会社やさしい手,会計系販売系サブシステム,00002,会計系販売系組織体系,2025/11/1,4 ,部,5304,看護第4ｴﾘｱ,3 ,208920,2024/4/1,9999/12/31,河原塚看多機拠点かえりえ,河原塚看多機拠点,ｶﾜﾗﾂﾞｶｶﾝﾀｷｷｮﾃﾝ,,,,その他,,,,,,,,既存,,,,,,,,,001048004007000000000000000000,部門
株式会社やさしい手,会計系販売系サブシステム,00002,会計系販売系組織体系,2025/11/1,5 ,課,208920,河原塚看多機拠点,4 ,20892030,2024/4/1,9999/12/31,河原塚訪問看護医療保険,河原塚訪看医療,ｶﾜﾗﾂﾞｶﾎｳｶﾝｲﾘｮｳ,,,,直接部門,,,,,,,,既存,,,,,,,,,001048004007001000000000000000,計上部門
株式会社やさしい手,会計系販売系サブシステム,00002,会計系販売系組織体系,2025/11/1,5 ,課,208920,河原塚看多機拠点,4 ,20892040,2024/4/1,9999/12/31,【使用不可】河原塚サテライト介,【不】河原塚ｻﾃﾗｲﾄ介,ｶﾜﾗﾂﾞｶﾎｳｶﾝｶｲｺﾞｻﾃﾗｲﾄ,,,,直接部門,,,,,,,,既存,,,,,,,,,001048004007002000000000000000,計上部門
株式会社やさしい手,会計系販売系サブシステム,00002,会計系販売系組織体系,2025/11/1,5 ,課,208920,河原塚看多機拠点,4 ,20892050,2024/4/1,9999/12/31,【使用不可】河原塚サテライト医,【不】河原塚ｻﾃﾗｲﾄ医,ｶﾜﾗﾂﾞｶﾎｳｶﾝｲﾘｮｳｻﾃﾗｲﾄ,,,,直接部門,,,,,,,,既存,,,,,,,,,001048004007003000000000000000,計上部門
株式会社やさしい手,会計系販売系サブシステム,00002,会計系販売系組織体系,2025/11/1,5 ,課,208920,河原塚看多機拠点,4 ,20892060,2024/4/1,9999/12/31,河原塚訪問看護かえりえ,河原塚訪問看護,ｶﾜﾗﾂﾞｶﾎｳﾓﾝｶﾝｺﾞ,,,,直接部門,,,,,,,,既存,,,,,,,,,001048004007004000000000000000,計上部門
株式会社やさしい手,会計系販売系サブシステム,00002,会計系販売系組織体系,2025/11/1,5 ,課,208920,河原塚看多機拠点,4 ,20892070,2024/4/1,9999/12/31,河原塚看多機かえりえ,河原塚看多機,ｶﾜﾗﾂﾞｶｶﾝﾀｷ,,,,直接部門,,,,,,,,既存,,,,,,,,,001048004007005000000000000000,計上部門
株式会社やさしい手,会計系販売系サブシステム,00002,会計系販売系組織体系,2025/11/1,4 ,部,5304,看護第4ｴﾘｱ,3 ,208925,2024/4/1,9999/12/31,新柏訪問看護拠点かえりえ,新柏訪問看護拠点,ｼﾝｶｼﾜﾎｳﾓﾝｶﾝｺﾞｷｮﾃﾝｶｴﾘｴ,,,,その他,,,,,,,,既存,,,,,,,,,001048004008000000000000000000,部門
株式会社やさしい手,会計系販売系サブシステム,00002,会計系販売系組織体系,2025/11/1,5 ,課,208925,新柏訪問看護拠点,4 ,20892520,2024/4/1,9999/12/31,新柏訪問看護かえりえ,新柏訪看介護,ｼﾝｶｼﾜﾎｳｶﾝｶｲｺﾞ,,,,直接部門,,,,,,,,既存,,,,,,,,,001048004008001000000000000000,計上部門
株式会社やさしい手,会計系販売系サブシステム,00002,会計系販売系組織体系,2025/11/1,5 ,課,208925,新柏訪問看護拠点,4 ,20892530,2024/4/1,9999/12/31,新柏訪問看護医療保険,新柏訪看医療,ｼﾝｶｼﾜﾎｳｶﾝｲﾘｮｳ,,,,直接部門,,,,,,,,既存,,,,,,,,,001048004008002000000000000000,計上部門
株式会社やさしい手,会計系販売系サブシステム,00002,会計系販売系組織体系,2025/11/1,5 ,課,208925,新柏訪問看護拠点,4 ,20892540,2024/4/1,9999/12/31,新柏訪問看護,新柏訪問看護,ｼﾝｶｼﾜﾎｳﾓﾝｶﾝｺﾞ,,,,直接部門,,,,,,,,既存,,,,,,,,,001048004008003000000000000000,計上部門
株式会社やさしい手,会計系販売系サブシステム,00002,会計系販売系組織体系,2025/11/1,4 ,部,5304,看護第4ｴﾘｱ,3 ,208930,2024/4/1,9999/12/31,新高根訪問看護拠点かえりえ,新高根訪問看護拠点,ｼﾝﾀｶﾈﾎｳﾓﾝｶﾝｺﾞｷｮﾃﾝｶｴﾘｴ,,,,その他,,,,,,,,既存,,,,,,,,,001048004009000000000000000000,部門
株式会社やさしい手,会計系販売系サブシステム,00002,会計系販売系組織体系,2025/11/1,5 ,課,208930,新高根訪問看護拠点,4 ,20893010,2024/4/1,9999/12/31,新高根訪問看護かえりえ,新高根訪看介護,ｼﾝﾀｶﾈﾎｳｶﾝｶｲｺﾞ,,,,直接部門,,,,,,,,既存,,,,,,,,,001048004009001000000000000000,計上部門
株式会社やさしい手,会計系販売系サブシステム,00002,会計系販売系組織体系,2025/11/1,5 ,課,208930,新高根訪問看護拠点,4 ,20893020,2024/4/1,9999/12/31,新高根訪問看護医療保険,新高根訪看医療,ｼﾝﾀｶﾈﾎｳｶﾝｲﾘｮｳ,,,,直接部門,,,,,,,,既存,,,,,,,,,001048004009002000000000000000,計上部門
株式会社やさしい手,会計系販売系サブシステム,00002,会計系販売系組織体系,2025/11/1,5 ,課,208930,新高根訪問看護拠点,4 ,20893030,2024/4/1,9999/12/31,新高根訪問看護,新高根訪問看護,ｼﾝﾀｶﾈﾎｳﾓﾝｶﾝｺﾞ,,,,直接部門,,,,,,,,既存,,,,,,,,,001048004009003000000000000000,計上部門
株式会社やさしい手,会計系販売系サブシステム,00002,会計系販売系組織体系,2025/11/1,4 ,部,5304,看護第4ｴﾘｱ,3 ,208960,2024/4/1,9999/12/31,松戸八柱看多機拠点かえりえ,松戸八柱看多機拠点,ﾏﾂﾄﾞﾔﾊﾞｼﾗｶﾝﾀｷｷｮﾃﾝ,,,,その他,,,,,,,,既存,,,,,,,,,001048004010000000000000000000,部門
株式会社やさしい手,会計系販売系サブシステム,00002,会計系販売系組織体系,2025/11/1,5 ,課,208960,松戸八柱看多機拠点,4 ,20896030,2024/4/1,9999/12/31,松戸八柱訪問看護医療保険,松戸八柱訪看医療,ﾏﾂﾄﾞﾔﾊﾞｼﾗﾎｳｶﾝｲﾘｮｳ,,,,直接部門,,,,,,,,既存,,,,,,,,,001048004010001000000000000000,計上部門
株式会社やさしい手,会計系販売系サブシステム,00002,会計系販売系組織体系,2025/11/1,5 ,課,208960,松戸八柱看多機拠点,4 ,20896040,2024/4/1,9999/12/31,松戸八柱訪問看護かえりえ,松戸八柱訪問看護,ﾏﾂﾄﾞﾔﾊﾞｼﾗﾎｳﾓﾝｶﾝｺﾞ,,,,直接部門,,,,,,,,既存,,,,,,,,,001048004010002000000000000000,計上部門
株式会社やさしい手,会計系販売系サブシステム,00002,会計系販売系組織体系,2025/11/1,5 ,課,208960,松戸八柱看多機拠点,4 ,20896070,2024/4/1,9999/12/31,松戸八柱看多機かえりえ,松戸八柱看多機,ﾏﾂﾄﾞﾔﾊﾞｼﾗｶﾝﾀｷ,,,,直接部門,,,,,,,,既存,,,,,,,,,001048004010003000000000000000,計上部門
株式会社やさしい手,会計系販売系サブシステム,00002,会計系販売系組織体系,2025/11/1,4 ,部,5304,看護第4ｴﾘｱ,3 ,267010,2024/4/1,9999/12/31,柏たなか訪問看護拠点かえりえ,柏たなか訪問看護拠点,ｶｼﾜﾀﾅｶﾎｳﾓﾝｶﾝｺﾞｷｮﾃﾝ,,,,その他,,,,,,,,既存,,,,,,,,,001048004011000000000000000000,部門
株式会社やさしい手,会計系販売系サブシステム,00002,会計系販売系組織体系,2025/11/1,5 ,課,267010,柏たなか訪問看護拠点,4 ,26701010,2024/4/1,9999/12/31,柏たなか訪問看護かえりえ,柏たなか訪問看護,ｶｼﾜﾀﾅｶﾎｳﾓﾝｶﾝｺﾞ,,,,直接部門,,,,,,,,既存,,,,,,,,,001048004011001000000000000000,計上部門
株式会社やさしい手,会計系販売系サブシステム,00002,会計系販売系組織体系,2025/11/1,5 ,課,267010,柏たなか訪問看護拠点,4 ,26701020,2024/4/1,9999/12/31,柏たなか訪問看護医療保険,柏たなか訪看医療,ｶｼﾜﾀﾅｶﾎｳｶﾝｲﾘｮｳ,,,,直接部門,,,,,,,,既存,,,,,,,,,001048004011002000000000000000,計上部門
株式会社やさしい手,会計系販売系サブシステム,00002,会計系販売系組織体系,2025/11/1,4 ,部,5304,看護第4ｴﾘｱ,3 ,267020,2024/4/1,9999/12/31,南佐津間看多機拠点かえりえ,南佐津間看多機拠点,ﾐﾅﾐｻﾂﾏｶﾝﾀｷｷｮﾃﾝ,,,,その他,,,,,,,,既存,,,,,,,,,001048004012000000000000000000,部門
株式会社やさしい手,会計系販売系サブシステム,00002,会計系販売系組織体系,2025/11/1,5 ,課,267020,南佐津間看多機拠点,4 ,26702010,2024/4/1,9999/12/31,南佐津間看多機かえりえ,南佐津間看多機,ﾐﾅﾐｻﾂﾏｶﾝﾀｷ,,,,直接部門,,,,,,,,既存,,,,,,,,,001048004012001000000000000000,計上部門
株式会社やさしい手,会計系販売系サブシステム,00002,会計系販売系組織体系,2025/11/1,5 ,課,267020,南佐津間看多機拠点,4 ,26702020,2024/4/1,9999/12/31,南佐津間訪問看護医療保険,南佐津間訪看医療,ﾐﾅﾐｻﾂﾏﾎｳｶﾝｲﾘｮｳ,,,,直接部門,,,,,,,,既存,,,,,,,,,001048004012002000000000000000,計上部門
株式会社やさしい手,会計系販売系サブシステム,00002,会計系販売系組織体系,2025/11/1,5 ,課,267020,南佐津間看多機拠点,4 ,26702030,2024/4/1,9999/12/31,南佐津間訪問看護かえりえ,南佐津間訪問看護,ﾐﾅﾐｻﾂﾏﾎｳﾓﾝｶﾝｺﾞ,,,,直接部門,,,,,,,,既存,,,,,,,,,001048004012003000000000000000,計上部門
株式会社やさしい手,会計系販売系サブシステム,00002,会計系販売系組織体系,2025/11/1,4 ,部,5304,看護第4ｴﾘｱ,3 ,404030,2024/4/1,9999/12/31,結城看多機拠点かえりえ,結城看多機拠点,ﾕｳｷｶﾝﾀｷｷｮﾃﾝ,,,,その他,,,,,,,,既存,,,,,,,,,001048004013000000000000000000,部門
株式会社やさしい手,会計系販売系サブシステム,00002,会計系販売系組織体系,2025/11/1,5 ,課,404030,結城看多機拠点,4 ,40402010,2024/4/1,9999/12/31,結城訪問看護,結城訪問看護,ﾕｳｷﾎｳﾓﾝｶﾝｺﾞ,,,,直接部門,,,,,,,,既存,,,,,,,,,001048004013001000000000000000,計上部門
株式会社やさしい手,会計系販売系サブシステム,00002,会計系販売系組織体系,2025/11/1,5 ,課,404030,結城看多機拠点,4 ,40402020,2024/4/1,9999/12/31,結城訪看医療,結城訪看医療,ﾕｳｷﾎｳｶﾝｲﾘｮｳ,,,,直接部門,,,,,,,,既存,,,,,,,,,001048004013002000000000000000,計上部門
株式会社やさしい手,会計系販売系サブシステム,00002,会計系販売系組織体系,2025/11/1,5 ,課,404030,結城看多機拠点,4 ,40403010,2024/4/1,9999/12/31,【使用不可】結城療養通所,【不】結城療養通所,ﾕｳｷﾘｮｳﾖｳﾂｳｼｮ,,,,直接部門,,,,,,,,既存,,,,,,,,,001048004013003000000000000000,計上部門
株式会社やさしい手,会計系販売系サブシステム,00002,会計系販売系組織体系,2025/11/1,5 ,課,404030,結城看多機拠点,4 ,40402030,2025/4/1,9999/12/31,結城看多機かえりえ,結城看多機,ﾕｳｷｶﾝﾀｷ,,,,直接部門,,,,,,,,既存,,,,,,,,,001048004013004000000000000000,計上部門
株式会社やさしい手,会計系販売系サブシステム,00002,会計系販売系組織体系,2025/11/1,4 ,部,5304,看護第4ｴﾘｱ,3 ,404060,2024/4/1,9999/12/31,小山訪問看護拠点かえりえ,小山訪問看護拠点,ｵﾔﾏｶﾝｺﾞｷｮﾃﾝ,,,,その他,,,,,,,,既存,,,,,,,,,001048004014000000000000000000,部門
株式会社やさしい手,会計系販売系サブシステム,00002,会計系販売系組織体系,2025/11/1,5 ,課,404060,小山訪問看護拠点,4 ,40406010,2024/4/1,9999/12/31,小山訪問看護かえりえ,小山訪看介護,ｵﾔﾏﾎｳｶﾝｶｲｺﾞ,,,,直接部門,,,,,,,,既存,,,,,,,,,001048004014001000000000000000,計上部門
株式会社やさしい手,会計系販売系サブシステム,00002,会計系販売系組織体系,2025/11/1,5 ,課,404060,小山訪問看護拠点,4 ,40406020,2024/4/1,9999/12/31,小山訪問看護医療保険,小山訪看医療,ｵﾔﾏﾎｳｶﾝｲﾘｮｳ,,,,直接部門,,,,,,,,既存,,,,,,,,,001048004014002000000000000000,計上部門
株式会社やさしい手,会計系販売系サブシステム,00002,会計系販売系組織体系,2025/11/1,5 ,課,404060,小山訪問看護拠点,4 ,40406040,2024/4/1,9999/12/31,小山訪問看護,小山訪問看護,ｵﾔﾏﾎｳｶﾝｺﾞ,,,,直接部門,,,,,,,,既存,,,,,,,,,001048004014003000000000000000,計上部門
株式会社やさしい手,会計系販売系サブシステム,00002,会計系販売系組織体系,2025/11/1,4 ,部,5304,看護第4ｴﾘｱ,3 ,404070,2024/4/1,9999/12/31,駒生訪問看護拠点かえりえ,駒生訪問看護拠点,ｺﾏﾆｭｳｶﾝｺﾞｷｮﾃﾝ,,,,その他,,,,,,,,既存,,,,,,,,,001048004015000000000000000000,部門
株式会社やさしい手,会計系販売系サブシステム,00002,会計系販売系組織体系,2025/11/1,5 ,課,404070,駒生訪問看護拠点,4 ,40407010,2024/4/1,9999/12/31,駒生訪問看護医療保険,駒生訪看医療,ｺﾏﾆｭｳﾎｳｶﾝｲﾘｮｳ,,,,直接部門,,,,,,,,既存,,,,,,,,,001048004015001000000000000000,計上部門
株式会社やさしい手,会計系販売系サブシステム,00002,会計系販売系組織体系,2025/11/1,5 ,課,404070,駒生訪問看護拠点,4 ,40407020,2024/4/1,9999/12/31,駒生訪問看護,駒生訪問看護,ｺﾏﾆｭｳﾎｳｶﾝｺﾞ,,,,直接部門,,,,,,,,既存,,,,,,,,,001048004015002000000000000000,計上部門
株式会社やさしい手,会計系販売系サブシステム,00002,会計系販売系組織体系,2025/11/1,3 ,本　部,53,看護ｻｰﾋﾞｽﾗｲﾝ,2 ,5305,2024/3/1,9999/12/31,看護第5ｴﾘｱ,看護第5ｴﾘｱ,ｶﾝｺﾞﾀﾞｲｺﾞｴﾘｱ,,,,その他,,,,,,,,既存,,,,,,,,,001048005000000000000000000000,部門
株式会社やさしい手,会計系販売系サブシステム,00002,会計系販売系組織体系,2025/11/1,4 ,部,5305,看護第5ｴﾘｱ,3 ,208940,2024/3/1,9999/12/31,大宮訪問看護拠点かえりえ,大宮訪問看護拠点,ｵｵﾐﾔﾎﾓﾝｶﾝｺﾞｷｮﾃﾝ,,,,その他,,,,,,,,既存,,,,,,,,,001048005003000000000000000000,部門
株式会社やさしい手,会計系販売系サブシステム,00002,会計系販売系組織体系,2025/11/1,5 ,課,208940,大宮訪問看護拠点,4 ,20890510,2024/3/1,9999/12/31,【使用不可】大宮看多機,【不】大宮看多機,ｵｵﾐﾔｶﾝﾀｷ,,,,直接部門,,,,,,,,既存,,,,,,,,,001048005003001000000000000000,計上部門
株式会社やさしい手,会計系販売系サブシステム,00002,会計系販売系組織体系,2025/11/1,5 ,課,208940,大宮訪問看護拠点,4 ,20894010,2024/3/1,9999/12/31,大宮訪問看護かえりえ,大宮訪看介護,ｵｵﾐﾔﾎｳｶﾝｶｲｺﾞ,,,,直接部門,,,,,,,,既存,,,,,,,,,001048005003002000000000000000,計上部門
株式会社やさしい手,会計系販売系サブシステム,00002,会計系販売系組織体系,2025/11/1,5 ,課,208940,大宮訪問看護拠点,4 ,20894020,2024/3/1,9999/12/31,大宮訪問看護医療保険,大宮訪看医療,ｵｵﾐﾔﾎｳｶﾝｲﾘｮｳ,,,,直接部門,,,,,,,,既存,,,,,,,,,001048005003003000000000000000,計上部門
株式会社やさしい手,会計系販売系サブシステム,00002,会計系販売系組織体系,2025/11/1,5 ,課,208940,大宮訪問看護拠点,4 ,20894030,2024/3/1,9999/12/31,大宮訪問看護,大宮訪問看護,ｵｵﾐﾔﾎｳﾓﾝｶﾝｺﾞ,,,,直接部門,,,,,,,,既存,,,,,,,,,001048005003004000000000000000,計上部門
株式会社やさしい手,会計系販売系サブシステム,00002,会計系販売系組織体系,2025/11/1,4 ,部,5305,看護第5ｴﾘｱ,3 ,208970,2024/3/1,9999/12/31,川口訪問看護拠点かえりえ,川口訪問看護拠点,ｶﾜｸﾞﾁﾎｳﾓﾝｶﾝｺﾞｷｮﾃﾝｶｴﾘｴ,,,,その他,,,,,,,,既存,,,,,,,,,001048005004000000000000000000,部門
株式会社やさしい手,会計系販売系サブシステム,00002,会計系販売系組織体系,2025/11/1,5 ,課,208970,川口訪問看護拠点,4 ,20897020,2024/3/1,9999/12/31,川口訪問看護かえりえ,川口訪看介護,ｶﾜｸﾞﾁﾎｳｶﾝｶｲｺﾞ,,,,直接部門,,,,,,,,既存,,,,,,,,,001048005004001000000000000000,計上部門
株式会社やさしい手,会計系販売系サブシステム,00002,会計系販売系組織体系,2025/11/1,5 ,課,208970,川口訪問看護拠点,4 ,20897030,2024/3/1,9999/12/31,川口訪問看護医療保険,川口訪看医療,ｶﾜｸﾞﾁﾎｳｶﾝｲﾘｮｳ,,,,直接部門,,,,,,,,既存,,,,,,,,,001048005004002000000000000000,計上部門
株式会社やさしい手,会計系販売系サブシステム,00002,会計系販売系組織体系,2025/11/1,5 ,課,208970,川口訪問看護拠点,4 ,20897040,2024/3/1,9999/12/31,川口訪問看護,川口訪問看護,ｶﾜｸﾞﾁﾎｳﾓﾝｶﾝｺﾞ,,,,直接部門,,,,,,,,既存,,,,,,,,,001048005004003000000000000000,計上部門
株式会社やさしい手,会計系販売系サブシステム,00002,会計系販売系組織体系,2025/11/1,4 ,部,5305,看護第5ｴﾘｱ,3 ,530501,2024/3/1,9999/12/31,看護第5ｴﾘｱ統括課,看護第5ｴﾘｱ統括課,ｶﾝｺﾞﾀﾞｲｲﾁｴﾘｱﾄｳｶﾂｶ,,,,その他,,,,,,,,既存,,,,,,,,,001048005008000000000000000000,部門
株式会社やさしい手,会計系販売系サブシステム,00002,会計系販売系組織体系,2025/11/1,5 ,課,530501,看護第5ｴﾘｱ統括課,4 ,53050101,2024/3/1,9999/12/31,看護第5ｴﾘｱ統括課,看護第5ｴﾘｱ統括課,ｶﾝｺﾞﾀﾞｲｲﾁｴﾘｱﾄｳｶﾂｶ,,,,間接部門,,,,,,,,既存,,,,,,,,,001048005008001000000000000000,計上部門
株式会社やさしい手,会計系販売系サブシステム,00002,会計系販売系組織体系,2025/11/1,4 ,部,5305,看護第5ｴﾘｱ,3 ,205730,2024/4/1,9999/12/31,【使用不可】西新井訪問看護拠点かえりえ,【不】西新井訪看拠点,ﾆｼｱﾗｲﾎｳﾓﾝｶﾝｺﾞｷｮﾃﾝｶｴﾘｴ,,,,その他,,,,,,,,既存,,,,,,,,,001048005012000000000000000000,部門
株式会社やさしい手,会計系販売系サブシステム,00002,会計系販売系組織体系,2025/11/1,5 ,課,205730,【不】西新井訪看拠点,4 ,20573020,2024/4/1,9999/12/31,【使用不可】西新井訪問看護かえりえ,【不】西新井訪看介護,ﾆｼｱﾗｲﾎｳｶﾝｶｲｺﾞ,,,,直接部門,,,,,,,,既存,,,,,,,,,001048005012001000000000000000,計上部門
株式会社やさしい手,会計系販売系サブシステム,00002,会計系販売系組織体系,2025/11/1,5 ,課,205730,【不】西新井訪看拠点,4 ,20573030,2024/4/1,9999/12/31,【使用不可】西新井訪問看護医療保険,【不】西新井訪看医療,ﾆｼｱﾗｲﾎｳｶﾝｲﾘｮｳ,,,,直接部門,,,,,,,,既存,,,,,,,,,001048005012002000000000000000,計上部門
株式会社やさしい手,会計系販売系サブシステム,00002,会計系販売系組織体系,2025/11/1,5 ,課,205730,【不】西新井訪看拠点,4 ,20573040,2024/4/1,9999/12/31,【使用不可】西新井訪問看護,【不】西新井訪問看護,ﾆｼｱﾗｲﾎｳﾓﾝｶﾝｺﾞ,,,,直接部門,,,,,,,,既存,,,,,,,,,001048005012003000000000000000,計上部門
株式会社やさしい手,会計系販売系サブシステム,00002,会計系販売系組織体系,2025/11/1,4 ,部,5305,看護第5ｴﾘｱ,3 ,205740,2024/4/1,9999/12/31,竹ノ塚看多機拠点かえりえ,竹ノ塚看多機拠点,ﾀｹﾉｽﾞｶｶﾝﾀｷｷｮﾃﾝ,,,,その他,,,,,,,,既存,,,,,,,,,001048005013000000000000000000,部門
株式会社やさしい手,会計系販売系サブシステム,00002,会計系販売系組織体系,2025/11/1,5 ,課,205740,竹ノ塚看多機拠点,4 ,20574010,2024/4/1,9999/12/31,竹ノ塚訪問看護,竹ノ塚訪問看護,ﾀｹﾉｽﾞｶﾎｳﾓﾝｶﾝｺﾞ,,,,直接部門,,,,,,,,既存,,,,,,,,,001048005013001000000000000000,計上部門
株式会社やさしい手,会計系販売系サブシステム,00002,会計系販売系組織体系,2025/11/1,5 ,課,205740,竹ノ塚看多機拠点,4 ,20574020,2024/4/1,9999/12/31,竹ノ塚看多機,竹ノ塚看多機,ﾀｹﾉｽﾞｶｶﾝﾀｷ,,,,直接部門,,,,,,,,既存,,,,,,,,,001048005013002000000000000000,計上部門
株式会社やさしい手,会計系販売系サブシステム,00002,会計系販売系組織体系,2025/11/1,5 ,課,205740,竹ノ塚看多機拠点,4 ,20574030,2024/4/1,9999/12/31,竹ノ塚訪看医療,竹ノ塚訪看医療,ﾀｹﾉｽﾞｶﾎｳｶﾝｲﾘｮｳ,,,,直接部門,,,,,,,,既存,,,,,,,,,001048005013003000000000000000,計上部門
株式会社やさしい手,会計系販売系サブシステム,00002,会計系販売系組織体系,2025/11/1,4 ,部,5305,看護第5ｴﾘｱ,3 ,208950,2024/4/1,9999/12/31,東大宮看多機拠点かえりえ,東大宮看多機拠点,ﾋｶﾞｼｵｵﾐﾔｶﾝﾀｷｷｮﾃﾝｶｴﾘｴ,,,,その他,,,,,,,,既存,,,,,,,,,001048005014000000000000000000,部門
株式会社やさしい手,会計系販売系サブシステム,00002,会計系販売系組織体系,2025/11/1,5 ,課,208950,東大宮看多機拠点,4 ,20895030,2024/4/1,9999/12/31,東大宮訪問看護医療保険,東大宮訪看医療,ﾋｶﾞｼｵｵﾐﾔﾎｳｶﾝｲﾘｮｳ,,,,直接部門,,,,,,,,既存,,,,,,,,,001048005014001000000000000000,計上部門
株式会社やさしい手,会計系販売系サブシステム,00002,会計系販売系組織体系,2025/11/1,5 ,課,208950,東大宮看多機拠点,4 ,20895040,2024/4/1,9999/12/31,東大宮訪問看護かえりえ,東大宮訪問看護,ﾋｶﾞｼｵｵﾐﾔﾎｳﾓﾝｶﾝｺﾞ,,,,直接部門,,,,,,,,既存,,,,,,,,,001048005014002000000000000000,計上部門
株式会社やさしい手,会計系販売系サブシステム,00002,会計系販売系組織体系,2025/11/1,5 ,課,208950,東大宮看多機拠点,4 ,20895070,2024/4/1,9999/12/31,東大宮看多機かえりえ,東大宮看多機,ﾋｶﾞｼｵｵﾐﾔｶﾝﾀｷ,,,,直接部門,,,,,,,,既存,,,,,,,,,001048005014003000000000000000,計上部門
株式会社やさしい手,会計系販売系サブシステム,00002,会計系販売系組織体系,2025/11/1,4 ,部,5305,看護第5ｴﾘｱ,3 ,208980,2024/4/1,9999/12/31,上小町小多機拠点かえりえ,上小町小多機拠点,ｶﾐｺﾁｮｳｼｮｳﾀｷｶｴﾘｴ,,,,その他,,,,,,,,既存,,,,,,,,,001048005015000000000000000000,部門
株式会社やさしい手,会計系販売系サブシステム,00002,会計系販売系組織体系,2025/11/1,5 ,課,208980,上小町小多機拠点,4 ,20898070,2024/4/1,9999/12/31,上小町小多機かえりえ,上小町小多機,ｶﾐｺﾁｮｳｼｮｳﾀｷ,,,,直接部門,,,,,,,,既存,,,,,,,,,001048005015001000000000000000,計上部門
株式会社やさしい手,会計系販売系サブシステム,00002,会計系販売系組織体系,2025/11/1,4 ,部,5305,看護第5ｴﾘｱ,3 ,208985,2024/4/1,9999/12/31,大和田小多機拠点かえりえ,大和田小多機拠点,ｵｵﾜﾀﾞｼｮｳﾀｷｶｴﾘｴ,,,,その他,,,,,,,,既存,,,,,,,,,001048005016000000000000000000,部門
株式会社やさしい手,会計系販売系サブシステム,00002,会計系販売系組織体系,2025/11/1,5 ,課,208985,大和田小多機拠点,4 ,20898570,2024/4/1,9999/12/31,大和田小多機かえりえ,大和田小多機,ｵｵﾜﾀﾞｼｮｳﾀｷ,,,,直接部門,,,,,,,,既存,,,,,,,,,001048005016001000000000000000,計上部門
株式会社やさしい手,会計系販売系サブシステム,00002,会計系販売系組織体系,2025/11/1,4 ,部,5305,看護第5ｴﾘｱ,3 ,208990,2024/4/1,9999/12/31,奈良町看多機拠点かえりえ,奈良町看多機拠点,ﾅﾗﾁｮｳｶﾝﾀｷｷｮﾃﾝ,,,,その他,,,,,,,,既存,,,,,,,,,001048005017000000000000000000,部門
株式会社やさしい手,会計系販売系サブシステム,00002,会計系販売系組織体系,2025/11/1,5 ,課,208990,奈良町看多機拠点,4 ,20899010,2024/4/1,9999/12/31,奈良町訪問看護,奈良町訪問看護,ﾅﾗﾁｮｳﾎｳﾓﾝｶﾝｺﾞ,,,,直接部門,,,,,,,,既存,,,,,,,,,001048005017001000000000000000,計上部門
株式会社やさしい手,会計系販売系サブシステム,00002,会計系販売系組織体系,2025/11/1,5 ,課,208990,奈良町看多機拠点,4 ,20899020,2024/4/1,9999/12/31,奈良町看多機,奈良町看多機,ﾅﾗﾁｮｳｶﾝﾀｷ,,,,直接部門,,,,,,,,既存,,,,,,,,,001048005017002000000000000000,計上部門
株式会社やさしい手,会計系販売系サブシステム,00002,会計系販売系組織体系,2025/11/1,5 ,課,208990,奈良町看多機拠点,4 ,20899030,2024/4/1,9999/12/31,奈良町訪看医療,奈良町訪看医療,ﾅﾗﾁｮｳﾎｳｶﾝｲﾘｮｳ,,,,直接部門,,,,,,,,既存,,,,,,,,,001048005017003000000000000000,計上部門
株式会社やさしい手,会計系販売系サブシステム,00002,会計系販売系組織体系,2025/11/1,4 ,部,5305,看護第5ｴﾘｱ,3 ,857020,2024/4/1,9999/12/31,南大塚看多機拠点かえりえ,南大塚看多機拠点,ﾐﾅﾐｵｵﾂｶｶﾝﾀｷｷｮﾃﾝｶｴﾘｴ,,,,その他,,,,,,,,既存,,,,,,,,,001048005018000000000000000000,部門
株式会社やさしい手,会計系販売系サブシステム,00002,会計系販売系組織体系,2025/11/1,5 ,課,857020,南大塚看多機拠点,4 ,85702010,2024/4/1,9999/12/31,南大塚看多機かえりえ,南大塚看多機,ﾐﾅﾐｵｵﾂｶｶﾝﾀｷ,,,,直接部門,,,,,,,,既存,,,,,,,,,001048005018001000000000000000,計上部門
株式会社やさしい手,会計系販売系サブシステム,00002,会計系販売系組織体系,2025/11/1,5 ,課,857020,南大塚看多機拠点,4 ,85702020,2024/4/1,9999/12/31,南大塚訪問看護,南大塚訪問看護,ﾐﾅﾐｵｵﾂｶﾎｳﾓﾝｶﾝｺﾞ,,,,直接部門,,,,,,,,既存,,,,,,,,,001048005018002000000000000000,計上部門
株式会社やさしい手,会計系販売系サブシステム,00002,会計系販売系組織体系,2025/11/1,5 ,課,857020,南大塚看多機拠点,4 ,85702030,2024/4/1,9999/12/31,南大塚訪問看護医療保険,南大塚訪看医療,ﾐﾅﾐｵｵﾂｶﾎｳｶﾝｲﾘｮｳ,,,,直接部門,,,,,,,,既存,,,,,,,,,001048005018003000000000000000,計上部門
株式会社やさしい手,会計系販売系サブシステム,00002,会計系販売系組織体系,2025/11/1,3 ,本　部,53,看護ｻｰﾋﾞｽﾗｲﾝ,2 ,5306,2024/3/1,9999/12/31,看護第6ｴﾘｱ,看護第6ｴﾘｱ,ｶﾝｺﾞﾀﾞｲﾛｸｴﾘｱ,,,,その他,,,,,,,,既存,,,,,,,,,001048006000000000000000000000,部門
株式会社やさしい手,会計系販売系サブシステム,00002,会計系販売系組織体系,2025/11/1,4 ,部,5306,看護第6ｴﾘｱ,3 ,530601,2024/3/1,9999/12/31,看護第6ｴﾘｱ統括課,看護第6ｴﾘｱ統括課,ｶﾝｺﾞﾀﾞｲﾛｸｴﾘｱﾄｳｶﾂｶ,,,,その他,,,,,,,,既存,,,,,,,,,001048006008000000000000000000,部門
株式会社やさしい手,会計系販売系サブシステム,00002,会計系販売系組織体系,2025/11/1,5 ,課,530601,看護第6ｴﾘｱ統括課,4 ,53060101,2024/3/1,9999/12/31,看護第6ｴﾘｱ統括課,看護第6ｴﾘｱ統括課,ｶﾝｺﾞﾀﾞｲﾛｸｴﾘｱﾄｳｶﾂｶ,,,,間接部門,,,,,,,,既存,,,,,,,,,001048006008001000000000000000,計上部門
株式会社やさしい手,会計系販売系サブシステム,00002,会計系販売系組織体系,2025/11/1,4 ,部,5306,看護第6ｴﾘｱ,3 ,209520,2024/4/1,9999/12/31,西明石看多機拠点かえりえ,西明石看多機拠点,ﾆｼｱｶｼｶﾝﾀｷｷｮﾃﾝ,,,,その他,,,,,,,,既存,,,,,,,,,001048006012000000000000000000,部門
株式会社やさしい手,会計系販売系サブシステム,00002,会計系販売系組織体系,2025/11/1,5 ,課,209520,西明石看多機拠点,4 ,20952020,2024/4/1,9999/12/31,西明石訪問看護医療保険,西明石訪看医療,ﾆｼｱｶｼﾎｳｶﾝｲﾘｮｳ,,,,直接部門,,,,,,,,既存,,,,,,,,,001048006012001000000000000000,計上部門
株式会社やさしい手,会計系販売系サブシステム,00002,会計系販売系組織体系,2025/11/1,5 ,課,209520,西明石看多機拠点,4 ,20952030,2024/4/1,9999/12/31,西明石訪問看護かえりえ,西明石訪問看護,ﾆｼｱｶｼﾎｳﾓﾝｶﾝｺﾞ,,,,直接部門,,,,,,,,既存,,,,,,,,,001048006012002000000000000000,計上部門
株式会社やさしい手,会計系販売系サブシステム,00002,会計系販売系組織体系,2025/11/1,5 ,課,209520,西明石看多機拠点,4 ,20952070,2024/4/1,9999/12/31,西明石看多機かえりえ,西明石看多機,ﾆｼｱｶｼｶﾝﾀｷ,,,,直接部門,,,,,,,,既存,,,,,,,,,001048006012003000000000000000,計上部門
株式会社やさしい手,会計系販売系サブシステム,00002,会計系販売系組織体系,2025/11/1,4 ,部,5306,看護第6ｴﾘｱ,3 ,209522,2024/4/1,9999/12/31,東灘看多機拠点かえりえ,東灘看多機拠点,ﾋｶﾞｼﾅﾀﾞｶﾝﾀｷｷｮﾃﾝ,,,,その他,,,,,,,,既存,,,,,,,,,001048006013000000000000000000,部門
株式会社やさしい手,会計系販売系サブシステム,00002,会計系販売系組織体系,2025/11/1,5 ,課,209522,東灘看多機拠点,4 ,20952220,2024/4/1,9999/12/31,東灘訪看介護,東灘訪看介護,ﾋｶﾞｼﾅﾀﾞﾎｳｶﾝｶﾝｺﾞ,,,,直接部門,,,,,,,,既存,,,,,,,,,001048006013001000000000000000,計上部門
株式会社やさしい手,会計系販売系サブシステム,00002,会計系販売系組織体系,2025/11/1,5 ,課,209522,東灘看多機拠点,4 ,20952230,2024/4/1,9999/12/31,東灘訪看医療,東灘訪看医療,ﾋｶﾞｼﾅﾀﾞﾎｳｶﾝｲﾘｮｳ,,,,直接部門,,,,,,,,既存,,,,,,,,,001048006013002000000000000000,計上部門
株式会社やさしい手,会計系販売系サブシステム,00002,会計系販売系組織体系,2025/11/1,5 ,課,209522,東灘看多機拠点,4 ,20952240,2024/4/1,9999/12/31,東灘訪問看護,東灘訪問看護,ﾋｶﾞｼﾅﾀﾞﾎｳｶﾝｺﾞ,,,,直接部門,,,,,,,,既存,,,,,,,,,001048006013003000000000000000,計上部門
株式会社やさしい手,会計系販売系サブシステム,00002,会計系販売系組織体系,2025/11/1,5 ,課,209522,東灘看多機拠点,4 ,20952270,2024/4/1,9999/12/31,東灘看多機かえりえ,東灘看多機,ﾋｶﾞｼﾅﾀﾞｶﾝﾀｷ,,,,直接部門,,,,,,,,既存,,,,,,,,,001048006013004000000000000000,計上部門
株式会社やさしい手,会計系販売系サブシステム,00002,会計系販売系組織体系,2025/11/1,4 ,部,5306,看護第6ｴﾘｱ,3 ,502020,2024/4/1,9999/12/31,小幡訪問看護拠点かえりえ,小幡訪問看護拠点,ｵﾊﾞﾀﾎｳﾓﾝｶﾝｺﾞｷｮﾃﾝｶｴﾘｴ,,,,その他,,,,,,,,既存,,,,,,,,,001048006014000000000000000000,部門
株式会社やさしい手,会計系販売系サブシステム,00002,会計系販売系組織体系,2025/11/1,5 ,課,502020,小幡訪問看護拠点,4 ,50202020,2024/4/1,9999/12/31,小幡訪問看護かえりえ,小幡訪看介護,ｵﾊﾞﾀﾎｳｶﾝｶｲｺﾞ,,,,直接部門,,,,,,,,既存,,,,,,,,,001048006014001000000000000000,計上部門
株式会社やさしい手,会計系販売系サブシステム,00002,会計系販売系組織体系,2025/11/1,5 ,課,502020,小幡訪問看護拠点,4 ,50202030,2024/4/1,9999/12/31,小幡訪問看護医療保険,小幡訪看医療,ｵﾊﾞﾀﾎｳｶﾝｲﾘｮｳ,,,,直接部門,,,,,,,,既存,,,,,,,,,001048006014002000000000000000,計上部門
株式会社やさしい手,会計系販売系サブシステム,00002,会計系販売系組織体系,2025/11/1,5 ,課,502020,小幡訪問看護拠点,4 ,50202040,2024/4/1,9999/12/31,小幡訪問看護,小幡訪問看護,ｵﾊﾞﾀﾎｳｶﾝｺﾞ,,,,直接部門,,,,,,,,既存,,,,,,,,,001048006014003000000000000000,計上部門
株式会社やさしい手,会計系販売系サブシステム,00002,会計系販売系組織体系,2025/11/1,5 ,課,502020,小幡訪問看護拠点,4 ,50205010,2025/4/1,9999/12/31,小幡看多機かえりえ,小幡看多機,ｵﾊﾞﾀｶﾝﾀｷ,,,,直接部門,,,,,,,,既存,,,,,,,,,001048006014004000000000000000,計上部門
株式会社やさしい手,会計系販売系サブシステム,00002,会計系販売系組織体系,2025/11/1,4 ,部,5306,看護第6ｴﾘｱ,3 ,502030,2024/4/1,9999/12/31,楠看多機拠点かえりえ,楠看多機拠点,ｸｽﾉｷｶﾝﾀｷﾞｷｮﾃﾝｶｴﾘｴ,,,,その他,,,,,,,,既存,,,,,,,,,001048006015000000000000000000,部門
株式会社やさしい手,会計系販売系サブシステム,00002,会計系販売系組織体系,2025/11/1,5 ,課,502030,楠看多機拠点,4 ,50203020,2024/4/1,9999/12/31,楠訪問看護かえりえ,楠訪看介護,ｽｸﾉｷﾎｳｶﾝｶｲｺﾞ,,,,直接部門,,,,,,,,既存,,,,,,,,,001048006015001000000000000000,計上部門
株式会社やさしい手,会計系販売系サブシステム,00002,会計系販売系組織体系,2025/11/1,5 ,課,502030,楠看多機拠点,4 ,50203030,2024/4/1,9999/12/31,楠訪問看護医療保険,楠訪看医療,ｸｽﾉｷﾎｳｶﾝｲﾘｮｳ,,,,直接部門,,,,,,,,既存,,,,,,,,,001048006015002000000000000000,計上部門
株式会社やさしい手,会計系販売系サブシステム,00002,会計系販売系組織体系,2025/11/1,5 ,課,502030,楠看多機拠点,4 ,50203040,2024/4/1,9999/12/31,楠訪問看護,楠訪問看護,ｸｽﾉｷﾎｳｶﾝｺﾞ,,,,直接部門,,,,,,,,既存,,,,,,,,,001048006015003000000000000000,計上部門
株式会社やさしい手,会計系販売系サブシステム,00002,会計系販売系組織体系,2025/11/1,5 ,課,502030,楠看多機拠点,4 ,50203070,2024/4/1,9999/12/31,楠看多機かえりえ,楠看多機,ｸｽﾉｷｶﾝﾀｷ,,,,直接部門,,,,,,,,既存,,,,,,,,,001048006015004000000000000000,計上部門
株式会社やさしい手,会計系販売系サブシステム,00002,会計系販売系組織体系,2025/11/1,4 ,部,5306,看護第6ｴﾘｱ,3 ,502050,2025/4/1,9999/12/31,【使用不可】小幡看多機拠点かえりえ,【不】小幡看多機拠点,ｵﾊﾞﾀｶﾝﾀｷﾞｷｮﾃﾝｶｴﾘｴ,,,,その他,,,,,,,,既存,,,,,,,,,001048006016000000000000000000,計上部門
株式会社やさしい手,会計系販売系サブシステム,00002,会計系販売系組織体系,2025/11/1,4 ,部,5306,看護第6ｴﾘｱ,3 ,616010,2024/4/1,9999/12/31,伊川谷有瀬看多機拠点かえりえ,伊川谷有瀬看多機拠点,ｲｶﾜﾀﾞﾆｱﾘｾｶﾝﾀｷｷｮﾃﾝ,,,,その他,,,,,,,,既存,,,,,,,,,001048006017000000000000000000,部門
株式会社やさしい手,会計系販売系サブシステム,00002,会計系販売系組織体系,2025/11/1,5 ,課,616010,伊川谷有瀬看多機拠点,4 ,20953020,2024/4/1,9999/12/31,伊川谷訪問看護かえりえ,伊川谷訪看介護,ｲｶﾜﾀﾞﾆﾎｳｶﾝｶﾝｺﾞ,,,,直接部門,,,,,,,,既存,,,,,,,,,001048006017001000000000000000,計上部門
株式会社やさしい手,会計系販売系サブシステム,00002,会計系販売系組織体系,2025/11/1,5 ,課,616010,伊川谷有瀬看多機拠点,4 ,20953030,2024/4/1,9999/12/31,伊川谷訪問看護医療保険,伊川谷訪看医療,ｲｶﾜﾀﾞﾆﾎｳｶﾝｲﾘｮｳ,,,,直接部門,,,,,,,,既存,,,,,,,,,001048006017002000000000000000,計上部門
株式会社やさしい手,会計系販売系サブシステム,00002,会計系販売系組織体系,2025/11/1,5 ,課,616010,伊川谷有瀬看多機拠点,4 ,20953040,2024/4/1,9999/12/31,伊川谷訪問看護,伊川谷訪問看護,ｲｶﾜﾀﾞﾆﾎｳｶﾝｺﾞ,,,,直接部門,,,,,,,,既存,,,,,,,,,001048006017003000000000000000,計上部門
株式会社やさしい手,会計系販売系サブシステム,00002,会計系販売系組織体系,2025/11/1,5 ,課,616010,伊川谷有瀬看多機拠点,4 ,20953050,2024/4/1,9999/12/31,伊川谷看護高住,伊川谷看護高住,ｲｶﾜﾀﾞﾆｶﾝｺﾞｷｮｳｼﾞｭｳ,,,,直接部門,,,,,,,,既存,,,,,,,,,001048006017004000000000000000,計上部門
株式会社やさしい手,会計系販売系サブシステム,00002,会計系販売系組織体系,2025/11/1,5 ,課,616010,伊川谷有瀬看多機拠点,4 ,61601020,2024/4/1,9999/12/31,伊川谷有瀬看多機,伊川谷有瀬看多機,ｲｶﾜﾀﾞﾆｱﾘｾｶﾝﾀｷ,,,,直接部門,,,,,,,,既存,,,,,,,,,001048006017005000000000000000,計上部門
株式会社やさしい手,会計系販売系サブシステム,00002,会計系販売系組織体系,2025/11/1,4 ,部,5306,看護第6ｴﾘｱ,3 ,616020,2024/4/1,9999/12/31,姫路土山訪問看護かえりえ,姫路土山訪問看護拠点,ﾋﾒｼﾞﾂﾁﾔﾏﾎｳﾓﾝｶﾝｺﾞｷｮﾃﾝ,,,,その他,,,,,,,,既存,,,,,,,,,001048006018000000000000000000,部門
株式会社やさしい手,会計系販売系サブシステム,00002,会計系販売系組織体系,2025/11/1,5 ,課,616020,姫路土山訪問看護拠点,4 ,61602010,2024/4/1,9999/12/31,姫路土山訪問看護,姫路土山訪問看護,ﾋﾒｼﾞﾂﾁﾔﾏﾎｳﾓﾝｶﾝｺﾞ,,,,直接部門,,,,,,,,既存,,,,,,,,,001048006018001000000000000000,計上部門
株式会社やさしい手,会計系販売系サブシステム,00002,会計系販売系組織体系,2025/11/1,5 ,課,616020,姫路土山訪問看護拠点,4 ,61602020,2024/4/1,9999/12/31,姫路土山訪看医療,姫路土山訪看医療,ﾋﾒｼﾞﾂﾁﾔﾏﾎｳｶﾝｲﾘｮｳ,,,,直接部門,,,,,,,,既存,,,,,,,,,001048006018002000000000000000,計上部門
株式会社やさしい手,会計系販売系サブシステム,00002,会計系販売系組織体系,2025/11/1,4 ,部,5306,看護第6ｴﾘｱ,3 ,616030,2024/4/1,9999/12/31,加古川尾上看多機拠点かえりえ,加古川尾上看多機拠点,ｶｺｶﾞﾜｵﾉｴｶﾝﾀｷｷｮﾃﾝ,,,,その他,,,,,,,,既存,,,,,,,,,001048006019000000000000000000,部門
株式会社やさしい手,会計系販売系サブシステム,00002,会計系販売系組織体系,2025/11/1,5 ,課,616030,加古川尾上看多機拠点,4 ,61603010,2024/4/1,9999/12/31,加古川尾上訪問看護医療保険,加古川尾上訪看医療,ｶｺｶﾞﾜｵﾉｴﾎｳｶﾝｲﾘｮｳ,,,,直接部門,,,,,,,,既存,,,,,,,,,001048006019001000000000000000,計上部門
株式会社やさしい手,会計系販売系サブシステム,00002,会計系販売系組織体系,2025/11/1,5 ,課,616030,加古川尾上看多機拠点,4 ,61603020,2024/4/1,9999/12/31,加古川尾上訪問看護,加古川尾上訪問看護,ｶｺｶﾞﾜｵﾉｴﾎｳﾓﾝｶﾝｺﾞ,,,,直接部門,,,,,,,,既存,,,,,,,,,001048006019002000000000000000,計上部門
株式会社やさしい手,会計系販売系サブシステム,00002,会計系販売系組織体系,2025/11/1,5 ,課,616030,加古川尾上看多機拠点,4 ,61603030,2024/4/1,9999/12/31,加古川尾上看多機,加古川尾上看多機,ｶｺｶﾞﾜｵﾉｴｶﾝﾀｷ,,,,直接部門,,,,,,,,既存,,,,,,,,,001048006019003000000000000000,計上部門
株式会社やさしい手,会計系販売系サブシステム,00002,会計系販売系組織体系,2025/11/1,3 ,本　部,53,看護ｻｰﾋﾞｽﾗｲﾝ,2 ,5310,2024/3/1,9999/12/31,看護ｻｰﾋﾞｽﾗｲﾝ統括部,看護ｻｰﾋﾞｽﾗｲﾝ統括部,ｶﾝｺﾞｻｰﾋﾞｽﾗｲﾝﾄｳｶﾂﾌﾞ,,,,その他,,,,,,,,既存,,,,,,,,,001048007000000000000000000000,部門
株式会社やさしい手,会計系販売系サブシステム,00002,会計系販売系組織体系,2025/11/1,4 ,部,5310,看護ｻｰﾋﾞｽﾗｲﾝ統括部,3 ,531001,2024/3/1,9999/12/31,看護ｻｰﾋﾞｽﾗｲﾝ統括課,看護ｻｰﾋﾞｽﾗｲﾝ統括課,ｶﾝｺﾞｻｰﾋﾞｽﾗｲﾝﾄｳｶﾂｶ,,,,その他,,,,,,,,既存,,,,,,,,,001048007001000000000000000000,部門
株式会社やさしい手,会計系販売系サブシステム,00002,会計系販売系組織体系,2025/11/1,5 ,課,531001,看護ｻｰﾋﾞｽﾗｲﾝ統括課,4 ,53100101,2024/3/1,9999/12/31,看護ｻｰﾋﾞｽﾗｲﾝ統括課,看護ｻｰﾋﾞｽﾗｲﾝ統括課,ｶﾝｺﾞｻｰﾋﾞｽﾗｲﾝﾄｳｶﾂｶ,,,,間接部門,,,,,,,,既存,,,,,,,,,001048007001001000000000000000,計上部門
株式会社やさしい手,会計系販売系サブシステム,00002,会計系販売系組織体系,2025/11/1,3 ,本　部,53,看護ｻｰﾋﾞｽﾗｲﾝ,2 ,5307,2024/4/1,9999/12/31,看護第7ｴﾘｱ,看護第7ｴﾘｱ,ｶﾝｺﾞﾀﾞｲﾅﾅｴﾘｱ,,,,その他,,,,,,,,既存,,,,,,,,,001048008000000000000000000000,部門
株式会社やさしい手,会計系販売系サブシステム,00002,会計系販売系組織体系,2025/11/1,4 ,部,5307,看護第7ｴﾘｱ,3 ,455070,2024/4/1,9999/12/31,【使用不可】万成西町看多機拠点かえりえ,【不】万成西町看多機,ﾏﾝﾅﾘﾆｼﾏﾁｶﾝﾀｷｷｮﾃﾝｶｴﾘｴ,,,,その他,,,,,,,,既存,,,,,,,,,001048008001000000000000000000,部門
株式会社やさしい手,会計系販売系サブシステム,00002,会計系販売系組織体系,2025/11/1,5 ,課,455070,【不】万成西町看多機,4 ,45507020,2024/4/1,9999/12/31,【使用不可】万成西町訪問看護医療保険,【不】万成西町訪看医,ﾏﾝﾅﾘﾆｼﾏﾁﾎｳｶﾝｲﾘｮｳ,,,,直接部門,,,,,,,,既存,,,,,,,,,001048008001002000000000000000,計上部門
株式会社やさしい手,会計系販売系サブシステム,00002,会計系販売系組織体系,2025/11/1,5 ,課,455070,【不】万成西町看多機,4 ,45507030,2024/4/1,9999/12/31,【使用不可】万成西町訪問看護かえりえ,【不】万成西町訪看,ﾏﾝﾅﾘﾆｼﾏﾁﾎｳﾓﾝｶﾝｺﾞ,,,,直接部門,,,,,,,,既存,,,,,,,,,001048008001003000000000000000,計上部門
株式会社やさしい手,会計系販売系サブシステム,00002,会計系販売系組織体系,2025/11/1,4 ,部,5307,看護第7ｴﾘｱ,3 ,530701,2024/4/1,9999/12/31,看護第7ｴﾘｱ統括課,看護第7ｴﾘｱ統括課,ｶﾝｺﾞﾀﾞｲﾅﾅｴﾘｱﾄｳｶﾂｶ,,,,その他,,,,,,,,既存,,,,,,,,,001048008002000000000000000000,部門
株式会社やさしい手,会計系販売系サブシステム,00002,会計系販売系組織体系,2025/11/1,5 ,課,530701,看護第7ｴﾘｱ統括課,4 ,53070101,2024/4/1,9999/12/31,看護第7ｴﾘｱ統括課,看護第7ｴﾘｱ統括課,ｶﾝｺﾞﾀﾞｲﾅﾅｴﾘｱﾄｳｶﾂｶ,,,,間接部門,,,,,,,,既存,,,,,,,,,001048008002001000000000000000,計上部門
株式会社やさしい手,会計系販売系サブシステム,00002,会計系販売系組織体系,2025/11/1,4 ,部,5307,看護第7ｴﾘｱ,3 ,595010,2024/4/1,9999/12/31,万成西町看多機拠点かえりえ,万成西町看多機拠点,ﾏﾝﾅﾘﾆｼﾏﾁｶﾝﾀｷｷｮﾃﾝ,,,,その他,,,,,,,,既存,,,,,,,,,001048008003000000000000000000,部門
株式会社やさしい手,会計系販売系サブシステム,00002,会計系販売系組織体系,2025/11/1,5 ,課,595010,万成西町看多機拠点,4 ,59501010,2024/4/1,9999/12/31,万成西町訪問看護,万成西町訪問看護,ﾏﾝﾅﾘﾆｼﾏﾁﾎｳﾓﾝｶﾝｺﾞ,,,,直接部門,,,,,,,,既存,,,,,,,,,001048008003001000000000000000,計上部門
株式会社やさしい手,会計系販売系サブシステム,00002,会計系販売系組織体系,2025/11/1,5 ,課,595010,万成西町看多機拠点,4 ,59501020,2024/4/1,9999/12/31,【使用不可】万成西町訪問看護医療保険,【不】万成西町訪看医,ﾏﾝﾅﾘﾆｼﾏﾁﾎｳｶﾝｲﾘｮｳ,,,,直接部門,,,,,,,,既存,,,,,,,,,001048008003002000000000000000,計上部門
株式会社やさしい手,会計系販売系サブシステム,00002,会計系販売系組織体系,2025/11/1,5 ,課,595010,万成西町看多機拠点,4 ,45507010,2025/1/1,9999/12/31,万成西町看多機かえりえ,万成西町看多機,ﾏﾝﾅﾘﾆｼﾏﾁｶﾝﾀｷ,,,,直接部門,,,,,,,,既存,,,,,,,,,001048008003003000000000000000,計上部門
株式会社やさしい手,会計系販売系サブシステム,00002,会計系販売系組織体系,2025/11/1,4 ,部,5307,看護第7ｴﾘｱ,3 ,635010,2024/4/1,9999/12/31,五日市訪問看護拠点かえりえ,五日市訪問看護拠点,ｲﾂｶｲﾁﾎｳﾓﾝｶﾝｺﾞｷｮﾃﾝ,,,,その他,,,,,,,,既存,,,,,,,,,001048008004000000000000000000,部門
株式会社やさしい手,会計系販売系サブシステム,00002,会計系販売系組織体系,2025/11/1,5 ,課,635010,五日市訪問看護拠点,4 ,63501010,2024/4/1,9999/12/31,五日市訪問看護かえりえ,五日市訪問看護,ｲﾂｶｲﾁﾎｳﾓﾝｶﾝｺﾞ,,,,直接部門,,,,,,,,既存,,,,,,,,,001048008004001000000000000000,計上部門
株式会社やさしい手,会計系販売系サブシステム,00002,会計系販売系組織体系,2025/11/1,5 ,課,635010,五日市訪問看護拠点,4 ,63501020,2024/4/1,9999/12/31,五日市訪問看護医療保険,五日市訪看医療,ｲﾂｶｲﾁﾎｳｶﾝｲﾘｮｳ,,,,直接部門,,,,,,,,既存,,,,,,,,,001048008004002000000000000000,計上部門
株式会社やさしい手,会計系販売系サブシステム,00002,会計系販売系組織体系,2025/11/1,5 ,課,635010,五日市訪問看護拠点,4 ,63501030,2025/4/1,9999/12/31,五日市看多機かえりえ,五日市看多機,ｲﾂｶｲﾁｶﾝﾀｷ,,,,直接部門,,,,,,,,既存,,,,,,,,,001048008004003000000000000000,計上部門
株式会社やさしい手,会計系販売系サブシステム,00002,会計系販売系組織体系,2025/11/1,4 ,部,5307,看護第7ｴﾘｱ,3 ,645010,2024/4/1,9999/12/31,中津看多機拠点かえりえ,中津看多機拠点,ﾅｶﾂｶﾝﾀｷｷｮﾃﾝ,,,,その他,,,,,,,,既存,,,,,,,,,001048008005000000000000000000,部門
株式会社やさしい手,会計系販売系サブシステム,00002,会計系販売系組織体系,2025/11/1,5 ,課,645010,中津看多機拠点,4 ,64501010,2024/4/1,9999/12/31,中津看多機かえりえ,中津看多機,ﾅｶﾂｶﾝﾀｷ,,,,直接部門,,,,,,,,既存,,,,,,,,,001048008005001000000000000000,計上部門
株式会社やさしい手,会計系販売系サブシステム,00002,会計系販売系組織体系,2025/11/1,5 ,課,645010,中津看多機拠点,4 ,64501020,2024/4/1,9999/12/31,中津訪問看護,中津訪問看護,ﾅｶﾂﾎｳﾓﾝｶﾝｺﾞ,,,,直接部門,,,,,,,,既存,,,,,,,,,001048008005002000000000000000,計上部門
株式会社やさしい手,会計系販売系サブシステム,00002,会計系販売系組織体系,2025/11/1,5 ,課,645010,中津看多機拠点,4 ,64501030,2024/4/1,9999/12/31,中津訪看医療,中津訪看医療,ﾅｶﾂﾎｳｶﾝｲﾘｮｳ,,,,直接部門,,,,,,,,既存,,,,,,,,,001048008005003000000000000000,計上部門
株式会社やさしい手,会計系販売系サブシステム,00002,会計系販売系組織体系,2025/11/1,4 ,部,5307,看護第7ｴﾘｱ,3 ,645020,2024/4/1,9999/12/31,鶴崎看多機拠点かえりえ,鶴崎看多機拠点,ﾂﾙｻｷｶﾝﾀｷｷｮﾃﾝ,,,,その他,,,,,,,,既存,,,,,,,,,001048008006000000000000000000,部門
株式会社やさしい手,会計系販売系サブシステム,00002,会計系販売系組織体系,2025/11/1,5 ,課,645020,鶴崎看多機拠点,4 ,64502010,2024/4/1,9999/12/31,鶴崎看多機かえりえ,鶴崎看多機,ﾂﾙｻｷｶﾝﾀｷ,,,,直接部門,,,,,,,,既存,,,,,,,,,001048008006001000000000000000,計上部門
株式会社やさしい手,会計系販売系サブシステム,00002,会計系販売系組織体系,2025/11/1,5 ,課,645020,鶴崎看多機拠点,4 ,64502020,2024/4/1,9999/12/31,鶴崎訪問看護,鶴崎訪問看護,ﾂﾙｻｷﾎｳﾓﾝｶﾝｺﾞ,,,,直接部門,,,,,,,,既存,,,,,,,,,001048008006002000000000000000,計上部門
株式会社やさしい手,会計系販売系サブシステム,00002,会計系販売系組織体系,2025/11/1,5 ,課,645020,鶴崎看多機拠点,4 ,64502030,2024/4/1,9999/12/31,鶴崎訪看医療,鶴崎訪看医療,ﾂﾙｻｷﾎｳｶﾝｲﾘｮｳ,,,,直接部門,,,,,,,,既存,,,,,,,,,001048008006003000000000000000,計上部門
株式会社やさしい手,会計系販売系サブシステム,00002,会計系販売系組織体系,2025/11/1,4 ,部,5307,看護第7ｴﾘｱ,3 ,655020,2024/4/1,9999/12/31,宇宿訪問看護拠点かえりえ,宇宿訪問看護拠点,ｳｽｷｶﾝｺﾞｷｮﾃﾝｶｴﾘｴ,,,,その他,,,,,,,,既存,,,,,,,,,001048008007000000000000000000,部門
株式会社やさしい手,会計系販売系サブシステム,00002,会計系販売系組織体系,2025/11/1,5 ,課,655020,宇宿訪問看護拠点,4 ,65502020,2024/4/1,9999/12/31,宇宿訪問看護かえりえ,宇宿訪看介護,ｳｽｷﾎｳｶﾝｶｲｺﾞｶｴﾘｴ,,,,直接部門,,,,,,,,既存,,,,,,,,,001048008007001000000000000000,計上部門
株式会社やさしい手,会計系販売系サブシステム,00002,会計系販売系組織体系,2025/11/1,5 ,課,655020,宇宿訪問看護拠点,4 ,65502030,2024/4/1,9999/12/31,宇宿訪問看護医療保険,宇宿訪看医療,ｳｽｷﾎｳｶﾝｲﾘｮｳ,,,,直接部門,,,,,,,,既存,,,,,,,,,001048008007002000000000000000,計上部門
株式会社やさしい手,会計系販売系サブシステム,00002,会計系販売系組織体系,2025/11/1,5 ,課,655020,宇宿訪問看護拠点,4 ,65502040,2024/4/1,9999/12/31,宇宿訪問看護,宇宿訪問看護,ｳｽｷﾎｳﾓﾝｶﾝｺﾞ,,,,直接部門,,,,,,,,既存,,,,,,,,,001048008007003000000000000000,計上部門
株式会社やさしい手,会計系販売系サブシステム,00002,会計系販売系組織体系,2025/11/1,4 ,部,5307,看護第7ｴﾘｱ,3 ,655040,2024/4/1,9999/12/31,【使用不可】山之口療養通所拠点かえりえ,【不】山之口療養通所,ﾔﾏﾉｸﾁﾘｮｳﾖｳﾂｳｼｮ,,,,その他,,,,,,,,既存,,,,,,,,,001048008008000000000000000000,部門
株式会社やさしい手,会計系販売系サブシステム,00002,会計系販売系組織体系,2025/11/1,5 ,課,655040,【不】山之口療養通所,4 ,65503020,2024/4/1,9999/12/31,【使用不可】山之口訪問看護かえりえ,【不】山之口訪看介護,ﾔﾏﾉｸﾁﾎｳｶﾝｶｲｺﾞ,,,,直接部門,,,,,,,,既存,,,,,,,,,001048008008001000000000000000,計上部門
株式会社やさしい手,会計系販売系サブシステム,00002,会計系販売系組織体系,2025/11/1,5 ,課,655040,【不】山之口療養通所,4 ,65503060,2024/4/1,9999/12/31,【使用不可】山之口療養通所かえりえ,【不】山之口療養通所,ﾔﾏﾉｸﾁﾘｮｳﾖｳﾂｳｼｮ,,,,直接部門,,,,,,,,既存,,,,,,,,,001048008008002000000000000000,計上部門
株式会社やさしい手,会計系販売系サブシステム,00002,会計系販売系組織体系,2025/11/1,5 ,課,655040,【不】山之口療養通所,4 ,65503070,2024/4/1,9999/12/31,【使用不可】山之口看護高住,【不】山之口看護高住,ﾔﾏﾉｸﾁｶﾝｺﾞｺｳｼﾞｭｳ,,,,直接部門,,,,,,,,既存,,,,,,,,,001048008008003000000000000000,計上部門
株式会社やさしい手,会計系販売系サブシステム,00002,会計系販売系組織体系,2025/11/1,5 ,課,655040,【不】山之口療養通所,4 ,65503080,2024/4/1,9999/12/31,【使用不可】山之口訪看介護サテライト,【不】山之口訪看介ｻﾃ,ﾔﾏﾉｸﾁﾎｳｶﾝｶｲｺﾞｶｴﾘｴｻﾃﾗｲﾄ,,,,直接部門,,,,,,,,既存,,,,,,,,,001048008008004000000000000000,計上部門
株式会社やさしい手,会計系販売系サブシステム,00002,会計系販売系組織体系,2025/11/1,5 ,課,655040,【不】山之口療養通所,4 ,65503085,2024/4/1,9999/12/31,【使用不可】山之口訪看医療サテライト,【不】山之口訪看医ｻﾃ,ﾔﾏﾉｸﾁﾎｳｶﾝｲﾘｮｳｻﾃﾗｲﾄ,,,,直接部門,,,,,,,,既存,,,,,,,,,001048008008005000000000000000,計上部門
株式会社やさしい手,会計系販売系サブシステム,00002,会計系販売系組織体系,2025/11/1,5 ,課,655040,【不】山之口療養通所,4 ,65503090,2024/4/1,9999/12/31,【使用不可】山之口訪問看護サテライト,【不】山之口訪看ｻﾃ,ﾔﾏﾉｸﾁﾎｳﾓﾝｶﾝｺﾞｻﾃﾗｲﾄ,,,,直接部門,,,,,,,,既存,,,,,,,,,001048008008006000000000000000,計上部門
株式会社やさしい手,会計系販売系サブシステム,00002,会計系販売系組織体系,2025/11/1,4 ,部,5307,看護第7ｴﾘｱ,3 ,655050,2024/4/1,9999/12/31,高見馬場看多機拠点かえりえ,高見馬場看多機拠点,ﾀｶﾐﾊﾞﾊﾞｶﾝﾀｷﾞｷｮﾃﾝｶｴﾘｴ,,,,その他,,,,,,,,既存,,,,,,,,,001048008009000000000000000000,部門
株式会社やさしい手,会計系販売系サブシステム,00002,会計系販売系組織体系,2025/11/1,5 ,課,655050,高見馬場看多機拠点,4 ,65503030,2024/4/1,9999/12/31,高見馬場訪問看護医療保険,高見馬場訪看医療,ﾀｶﾐﾊﾞﾊﾞﾎｳｶﾝｲﾘｮｳ,,,,直接部門,,,,,,,,既存,,,,,,,,,001048008009001000000000000000,計上部門
株式会社やさしい手,会計系販売系サブシステム,00002,会計系販売系組織体系,2025/11/1,5 ,課,655050,高見馬場看多機拠点,4 ,65503040,2024/4/1,9999/12/31,高見馬場訪問看護,高見馬場訪問看護,ﾀｶﾐﾊﾞﾊﾞﾎｳｶﾝｺﾞ,,,,直接部門,,,,,,,,既存,,,,,,,,,001048008009002000000000000000,計上部門
株式会社やさしい手,会計系販売系サブシステム,00002,会計系販売系組織体系,2025/11/1,5 ,課,655050,高見馬場看多機拠点,4 ,65505010,2024/4/1,9999/12/31,高見馬場看多機かえりえ,高見馬場看多機,ﾀｶﾐﾊﾞﾊﾞｶﾝﾀｷ,,,,直接部門,,,,,,,,既存,,,,,,,,,001048008009003000000000000000,計上部門
株式会社やさしい手,会計系販売系サブシステム,00002,会計系販売系組織体系,2025/11/1,2 ,本社／支社,0000000000,全社,1 ,54,2024/3/1,9999/12/31,居宅支援ｻｰﾋﾞｽﾗｲﾝ,居宅支援ｻｰﾋﾞｽﾗｲﾝ,ｷｮﾀｸｼｴﾝｻｰﾋﾞｽﾗｲﾝ,,,,その他,,,,,,,,既存,,,,,,,,,001049000000000000000000000000,部門
株式会社やさしい手,会計系販売系サブシステム,00002,会計系販売系組織体系,2025/11/1,3 ,本　部,54,居宅支援ｻｰﾋﾞｽﾗｲﾝ,2 ,5401,2024/3/1,9999/12/31,居宅支援第1ｴﾘｱ,居宅支援第1ｴﾘｱ,ｷｮﾀｸｼｴﾝﾀﾞｲｲﾁｴﾘｱ,,,,その他,,,,,,,,既存,,,,,,,,,001049001000000000000000000000,部門
株式会社やさしい手,会計系販売系サブシステム,00002,会計系販売系組織体系,2025/11/1,4 ,部,5401,居宅支援第1ｴﾘｱ,3 ,208305,2024/3/1,9999/12/31,石神井公園居宅介護支援拠点,石神井公園支援,ｼｬｸｼﾞｲｺｳｴﾝｶｲｺﾞｼｴﾝｷｮﾃﾝ,,,,その他,,,,,,,,既存,,,,,,,,,001049001001000000000000000000,部門
株式会社やさしい手,会計系販売系サブシステム,00002,会計系販売系組織体系,2025/11/1,5 ,課,208305,石神井公園支援,4 ,20305020,2024/3/1,9999/12/31,石神井公園居宅介護支援部門,石神井公園支援,ｼｬｸｼﾞｲｺｳｴﾝｶｲｺﾞｼｴﾝﾌﾞﾓﾝ,,,,直接部門,,,,03-5910-3785,03-5910-3755,,,既存,,,,,,,,,001049001001001000000000000000,計上部門
株式会社やさしい手,会計系販売系サブシステム,00002,会計系販売系組織体系,2025/11/1,4 ,部,5401,居宅支援第1ｴﾘｱ,3 ,208306,2024/3/1,9999/12/31,練馬居宅介護支援拠点,練馬支援,ﾈﾘﾏｼｴﾝ,,,,その他,,,,,,,,既存,,,,,,,,,001049001002000000000000000000,部門
株式会社やさしい手,会計系販売系サブシステム,00002,会計系販売系組織体系,2025/11/1,5 ,課,208306,練馬支援,4 ,20306020,2024/3/1,9999/12/31,練馬居宅居宅介護支援部門,練馬支援,ﾈﾘﾏｼｴﾝ,,,,直接部門,,,,,,,,既存,,,,,,,,,001049001002001000000000000000,計上部門
株式会社やさしい手,会計系販売系サブシステム,00002,会計系販売系組織体系,2025/11/1,4 ,部,5401,居宅支援第1ｴﾘｱ,3 ,208317,2024/3/1,9999/12/31,小平居宅介護支援拠点,小平支援,ｺﾀﾞｲﾗｶｲｺﾞｼｴﾝｶ,,,,その他,,,,,,,,既存,,,,,,,,,001049001003000000000000000000,部門
株式会社やさしい手,会計系販売系サブシステム,00002,会計系販売系組織体系,2025/11/1,5 ,課,208317,小平支援,4 ,20404020,2024/3/1,9999/12/31,小平居宅介護支援部門,小平支援,ｺﾀﾞｲﾗｶｲｺﾞｼｴﾝｶ,,,,直接部門,,,,042-348-4175,042-348-4156,,,既存,,,,,,,,,001049001003001000000000000000,計上部門
株式会社やさしい手,会計系販売系サブシステム,00002,会計系販売系組織体系,2025/11/1,4 ,部,5401,居宅支援第1ｴﾘｱ,3 ,208318,2024/3/1,9999/12/31,平尾居宅介護支援拠点,平尾支援,ﾋﾗｵｶｲｺﾞｼｴﾝｶ,,,,その他,,,,,,,,既存,,,,,,,,,001049001004000000000000000000,部門
株式会社やさしい手,会計系販売系サブシステム,00002,会計系販売系組織体系,2025/11/1,5 ,課,208318,平尾支援,4 ,20981020,2024/3/1,9999/12/31,平尾居宅介護支援部門,平尾支援,ﾋﾗｵｶｲｺﾞｼｴﾝｶ,,,,直接部門,,,,,,,,既存,,,,,,,,,001049001004001000000000000000,計上部門
株式会社やさしい手,会計系販売系サブシステム,00002,会計系販売系組織体系,2025/11/1,4 ,部,5401,居宅支援第1ｴﾘｱ,3 ,208319,2024/3/1,9999/12/31,上石神井居宅介護支援拠点,上石神井支援,ｶﾐｼｬｸｼﾞｲｶｲｺﾞｼｴﾝｶ,,,,その他,,,,,,,,既存,,,,,,,,,001049001005000000000000000000,部門
株式会社やさしい手,会計系販売系サブシステム,00002,会計系販売系組織体系,2025/11/1,5 ,課,208319,上石神井支援,4 ,20831210,2024/3/1,9999/12/31,上石神井居宅介護支援部門,上石神井支援,ｶﾐｼｬｸｼﾞｲｶｲｺﾞｼｴﾝｶ,,,,直接部門,,,,,,,,既存,,,,,,,,,001049001005001000000000000000,計上部門
株式会社やさしい手,会計系販売系サブシステム,00002,会計系販売系組織体系,2025/11/1,4 ,部,5401,居宅支援第1ｴﾘｱ,3 ,208330,2024/3/1,9999/12/31,西台居宅介護支援拠点,西台支援,ｲﾀﾊﾞｼﾆｼﾀﾞｲｶｲｺﾞｼｴﾝｶ,,,,その他,,,,,,,,既存,,,,,,,,,001049001006000000000000000000,部門
株式会社やさしい手,会計系販売系サブシステム,00002,会計系販売系組織体系,2025/11/1,5 ,課,208330,西台支援,4 ,20833010,2024/3/1,9999/12/31,西台居宅介護支援部門,西台支援,ｲﾀﾊﾞｼﾆｼﾀﾞｲｶｲｺﾞｼｴﾝｶ,,,,直接部門,,,,,,,,既存,,,,,,,,,001049001006001000000000000000,計上部門
株式会社やさしい手,会計系販売系サブシステム,00002,会計系販売系組織体系,2025/11/1,4 ,部,5401,居宅支援第1ｴﾘｱ,3 ,208707,2024/3/1,9999/12/31,三軒茶屋居宅介護支援拠点,三軒茶屋支援,ｻﾝｹﾞﾝﾁﾞｬﾔｶｲｺﾞｼｴﾝｶ,,,,その他,,,,,,,,既存,,,,,,,,,001049001007000000000000000000,部門
株式会社やさしい手,会計系販売系サブシステム,00002,会計系販売系組織体系,2025/11/1,5 ,課,208707,三軒茶屋支援,4 ,20151020,2024/3/1,9999/12/31,三軒茶屋居宅介護支援部門,三軒茶屋支援,ｻﾝｹﾞﾝﾁﾞｬﾔｶｲｺﾞｼｴﾝｶ,,,,直接部門,,,,03-5432-6022,03-5432-5510,,,既存,,,,,,,,,001049001007001000000000000000,計上部門
株式会社やさしい手,会計系販売系サブシステム,00002,会計系販売系組織体系,2025/11/1,4 ,部,5401,居宅支援第1ｴﾘｱ,3 ,208708,2024/3/1,9999/12/31,祖師谷居宅介護支援拠点,祖師谷支援,ｿｼｶﾞﾔｶｲｺﾞｼｴﾝｶ,,,,その他,,,,,,,,既存,,,,,,,,,001049001008000000000000000000,部門
株式会社やさしい手,会計系販売系サブシステム,00002,会計系販売系組織体系,2025/11/1,5 ,課,208708,祖師谷支援,4 ,20153020,2024/3/1,9999/12/31,祖師谷居宅介護支援部門,祖師谷支援,ｿｼｶﾞﾔｶｲｺﾞｼｴﾝｶ,,,,直接部門,,,,03-5429-9197,03-5429-9195,,,既存,,,,,,,,,001049001008001000000000000000,計上部門
株式会社やさしい手,会計系販売系サブシステム,00002,会計系販売系組織体系,2025/11/1,4 ,部,5401,居宅支援第1ｴﾘｱ,3 ,208709,2024/3/1,9999/12/31,下高井戸居宅介護支援拠点,下高井戸支援,ｼﾓﾀｶｲﾄﾞｶｲｺﾞｼｴﾝｶ,,,,その他,,,,,,,,既存,,,,,,,,,001049001009000000000000000000,部門
株式会社やさしい手,会計系販売系サブシステム,00002,会計系販売系組織体系,2025/11/1,5 ,課,208709,下高井戸支援,4 ,20154020,2024/3/1,9999/12/31,下高井戸居宅介護支援部門,下高井戸支援,ｼﾓﾀｶｲﾄﾞｶｲｺﾞｼｴﾝｶ,,,,直接部門,,,,03-5329-3071,03-5329-3072,,,既存,,,,,,,,,001049001009001000000000000000,計上部門
株式会社やさしい手,会計系販売系サブシステム,00002,会計系販売系組織体系,2025/11/1,4 ,部,5401,居宅支援第1ｴﾘｱ,3 ,208711,2024/3/1,9999/12/31,用賀居宅介護支援拠点,用賀支援,ﾖｳｶﾞｶｲｺﾞｼｴﾝｶ,,,,その他,,,,,,,,既存,,,,,,,,,001049001010000000000000000000,部門
株式会社やさしい手,会計系販売系サブシステム,00002,会計系販売系組織体系,2025/11/1,5 ,課,208711,用賀支援,4 ,20156020,2024/3/1,9999/12/31,用賀居宅介護支援部門,用賀支援,ﾖｳｶﾞｶｲｺﾞｼｴﾝｶ,,,,直接部門,,,,03-5491-6169,03-5491-6170,,,既存,,,,,,,,,001049001010001000000000000000,計上部門
株式会社やさしい手,会計系販売系サブシステム,00002,会計系販売系組織体系,2025/11/1,4 ,部,5401,居宅支援第1ｴﾘｱ,3 ,208712,2024/3/1,9999/12/31,千歳烏山居宅介護支援拠点,千歳烏山支援,ﾁﾄｾｶﾗｽﾔﾏｼｴﾝｼﾞｷﾞｮｳｼｮ,,,,その他,,,,,,,,既存,,,,,,,,,001049001011000000000000000000,部門
株式会社やさしい手,会計系販売系サブシステム,00002,会計系販売系組織体系,2025/11/1,5 ,課,208712,千歳烏山支援,4 ,20981030,2024/3/1,9999/12/31,千歳烏山居宅介護支援部門,千歳烏山支援,ﾁﾄｾｶﾗｽﾔﾏｼｴﾝｼﾞｷﾞｮｳｼｮ,,,,直接部門,,,,,,,,既存,,,,,,,,,001049001011001000000000000000,計上部門
株式会社やさしい手,会計系販売系サブシステム,00002,会計系販売系組織体系,2025/11/1,4 ,部,5401,居宅支援第1ｴﾘｱ,3 ,208713,2024/3/1,9999/12/31,東松原居宅介護支援拠点,東松原支援,ﾋｶﾞｼﾏﾂﾊﾞﾗｶｲｺﾞｼｴﾝｶ,,,,直接部門,,,,,,,,既存,,,,,,,,,001049001012000000000000000000,部門
株式会社やさしい手,会計系販売系サブシステム,00002,会計系販売系組織体系,2025/11/1,5 ,課,208713,東松原支援,4 ,20157020,2024/3/1,9999/12/31,東松原居宅介護支援部門,東松原支援,ﾋｶﾞｼﾏﾂﾊﾞﾗｶｲｺﾞｼｴﾝｶ,,,,直接部門,,,,,,,,既存,,,,,,,,,001049001012001000000000000000,計上部門
株式会社やさしい手,会計系販売系サブシステム,00002,会計系販売系組織体系,2025/11/1,4 ,部,5401,居宅支援第1ｴﾘｱ,3 ,402003,2024/3/1,9999/12/31,上越居宅介護支援拠点,上越支援,ｼﾞｮｳｴﾂｶｲｺﾞｼｴﾝｶ,,,,その他,,,,,,,,既存,,,,,,,,,001049001013000000000000000000,部門
株式会社やさしい手,会計系販売系サブシステム,00002,会計系販売系組織体系,2025/11/1,5 ,課,402003,上越支援,4 ,29878520,2024/3/1,9999/12/31,上越居宅介護支援部門,上越支援,ｼﾞｮｳｴﾂｶｲｺﾞｼｴﾝｶ,,,,直接部門,,,,,,,,既存,,,,,,,,,001049001013001000000000000000,計上部門
株式会社やさしい手,会計系販売系サブシステム,00002,会計系販売系組織体系,2025/11/1,4 ,部,5401,居宅支援第1ｴﾘｱ,3 ,402004,2024/3/1,9999/12/31,長野高田居宅介護支援拠点,長野高田支援,ﾅｶﾞﾉﾀｶﾀﾞｶｲｺﾞｼｴﾝｶ,,,,その他,,,,,,,,既存,,,,,,,,,001049001014000000000000000000,部門
株式会社やさしい手,会計系販売系サブシステム,00002,会計系販売系組織体系,2025/11/1,5 ,課,402004,長野高田支援,4 ,29879520,2024/3/1,9999/12/31,長野高田居宅介護支援部門,長野高田支援,ﾅｶﾞﾉﾀｶﾀﾞｶｲｺﾞｼｴﾝｶ,,,,直接部門,,,,,,,,既存,,,,,,,,,001049001014001000000000000000,計上部門
株式会社やさしい手,会計系販売系サブシステム,00002,会計系販売系組織体系,2025/11/1,4 ,部,5401,居宅支援第1ｴﾘｱ,3 ,454040,2024/3/1,9999/12/31,柏崎居宅介護支援拠点,柏崎支援,ｶｼﾜｻﾞｷｶｲｺﾞｼｴﾝｶ,,,,その他,,,,,,,,既存,,,,,,,,,001049001015000000000000000000,部門
株式会社やさしい手,会計系販売系サブシステム,00002,会計系販売系組織体系,2025/11/1,5 ,課,454040,柏崎支援,4 ,45404010,2024/3/1,9999/12/31,柏崎居宅介護支援部門,柏崎支援,ｶｼﾜｻﾞｷｶｲｺﾞｼｴﾝｶ,,,,直接部門,,,,,,,,既存,,,,,,,,,001049001015001000000000000000,計上部門
株式会社やさしい手,会計系販売系サブシステム,00002,会計系販売系組織体系,2025/11/1,4 ,部,5401,居宅支援第1ｴﾘｱ,3 ,540101,2024/3/1,9999/12/31,居宅支援第1ｴﾘｱ統括課,居宅支援第1ｴﾘｱ統括課,ｷｮﾀｸｼｴﾝﾀﾞｲｲﾁｴﾘｱﾄｳｶﾂｶ,,,,その他,,,,,,,,既存,,,,,,,,,001049001016000000000000000000,部門
株式会社やさしい手,会計系販売系サブシステム,00002,会計系販売系組織体系,2025/11/1,5 ,課,540101,居宅支援第1ｴﾘｱ統括課,4 ,54010101,2024/3/1,9999/12/31,居宅支援第1ｴﾘｱ統括課,居宅支援第1ｴﾘｱ統括課,ｷｮﾀｸｼｴﾝﾀﾞｲｲﾁｴﾘｱﾄｳｶﾂｶ,,,,間接部門,,,,,,,,既存,,,,,,,,,001049001016001000000000000000,計上部門
株式会社やさしい手,会計系販売系サブシステム,00002,会計系販売系組織体系,2025/11/1,4 ,部,5401,居宅支援第1ｴﾘｱ,3 ,705020,2024/3/1,9999/12/31,太子堂居宅介護支援拠点,太子堂支援,ﾀｲｼﾄﾞｳｶｲｺﾞｼｴﾝｶ,,,,その他,,,,,,,,既存,,,,,,,,,001049001017000000000000000000,部門
株式会社やさしい手,会計系販売系サブシステム,00002,会計系販売系組織体系,2025/11/1,5 ,課,705020,太子堂支援,4 ,70502010,2024/3/1,9999/12/31,太子堂居宅介護支援部門,太子堂支援,ﾀｲｼﾄﾞｳｶｲｺﾞｼｴﾝｶ,,,,直接部門,,,,,,,,既存,,,,,,,,,001049001017001000000000000000,計上部門
株式会社やさしい手,会計系販売系サブシステム,00002,会計系販売系組織体系,2025/11/1,4 ,部,5401,居宅支援第1ｴﾘｱ,3 ,705030,2024/3/1,9999/12/31,給田居宅介護支援拠点,給田支援,ｷｭｳﾃﾞﾝｶｲｺﾞｼｴﾝｶ,,,,その他,,,,,,,,既存,,,,,,,,,001049001018000000000000000000,部門
株式会社やさしい手,会計系販売系サブシステム,00002,会計系販売系組織体系,2025/11/1,5 ,課,705030,給田支援,4 ,70503010,2024/3/1,9999/12/31,給田居宅介護支援部門,給田支援,ｷｭｳﾃﾞﾝｶｲｺﾞｼｴﾝｶ,,,,直接部門,,,,,,,,既存,,,,,,,,,001049001018001000000000000000,計上部門
株式会社やさしい手,会計系販売系サブシステム,00002,会計系販売系組織体系,2025/11/1,4 ,部,5401,居宅支援第1ｴﾘｱ,3 ,454060,2024/7/1,9999/12/31,長岡居宅介護支援拠点,長岡支援,ﾅｶﾞｵｶｶｲｺﾞｼｴﾝｶ,,,,その他,,,,,,,,既存,,,,,,,,,001049001019000000000000000000,部門
株式会社やさしい手,会計系販売系サブシステム,00002,会計系販売系組織体系,2025/11/1,5 ,課,454060,長岡支援,4 ,45406010,2024/7/1,9999/12/31,長岡居宅介護支援部門,長岡支援,ﾅｶﾞｵｶｶｲｺﾞｼｴﾝｶ,,,,直接部門,,,,,,,,既存,,,,,,,,,001049001019001000000000000000,計上部門
株式会社やさしい手,会計系販売系サブシステム,00002,会計系販売系組織体系,2025/11/1,4 ,部,5401,居宅支援第1ｴﾘｱ,3 ,208340,2024/11/1,9999/12/31,上板橋居宅介護支援拠点,上板橋支援,ｶﾐｲﾀﾊﾞｼｶｲｺﾞｼｴﾝｶ,,,,その他,,,,,,,,既存,,,,,,,,,001049001020000000000000000000,部門
株式会社やさしい手,会計系販売系サブシステム,00002,会計系販売系組織体系,2025/11/1,5 ,課,208340,上板橋支援,4 ,20834010,2024/11/1,9999/12/31,上板橋居宅介護支援部門,上板橋支援,ｶﾐｲﾀﾊﾞｼｶｲｺﾞｼｴﾝｶ,,,,直接部門,,,,,,,,既存,,,,,,,,,001049001020001000000000000000,計上部門
株式会社やさしい手,会計系販売系サブシステム,00002,会計系販売系組織体系,2025/11/1,4 ,部,5401,居宅支援第1ｴﾘｱ,3 ,262030,2025/4/1,9999/12/31,盛岡居宅介護支援拠点,盛岡支援,ﾓﾘｵｶｼｴﾝｶ,,,,その他,,,,,,,,既存,,,,,,,,,001049001021000000000000000000,部門
株式会社やさしい手,会計系販売系サブシステム,00002,会計系販売系組織体系,2025/11/1,5 ,課,262030,盛岡支援,4 ,26203010,2025/4/1,9999/12/31,盛岡居宅介護支援部門,盛岡支援,ﾓﾘｵｶｶｲｺﾞｼｴﾝｶ,,,,直接部門,,,,,,,,既存,,,,,,,,,001049001021001000000000000000,計上部門
株式会社やさしい手,会計系販売系サブシステム,00002,会計系販売系組織体系,2025/11/1,3 ,本　部,54,居宅支援ｻｰﾋﾞｽﾗｲﾝ,2 ,5402,2024/3/1,9999/12/31,居宅支援第2ｴﾘｱ,居宅支援第2ｴﾘｱ,ｷｮﾀｸｼｴﾝﾀﾞｲﾆｴﾘｱ,,,,その他,,,,,,,,既存,,,,,,,,,001049002000000000000000000000,部門
株式会社やさしい手,会計系販売系サブシステム,00002,会計系販売系組織体系,2025/11/1,4 ,部,5402,居宅支援第2ｴﾘｱ,3 ,206302,2024/3/1,9999/12/31,あざみ野居宅介護支援拠点,あざみ野支援,ｱｻﾞﾐﾉｶｲｺﾞｼｴﾝｶ,,,,その他,,,,,,,,既存,,,,,,,,,001049002001000000000000000000,部門
株式会社やさしい手,会計系販売系サブシステム,00002,会計系販売系組織体系,2025/11/1,5 ,課,206302,あざみ野支援,4 ,20351020,2024/3/1,9999/12/31,あざみ野居宅介護支援部門,あざみ野支援,ｱｻﾞﾐﾉｶｲｺﾞｼｴﾝｶ,,,,直接部門,,,,045-905-5492,045-905-5494,,,既存,,,,,,,,,001049002001001000000000000000,計上部門
株式会社やさしい手,会計系販売系サブシステム,00002,会計系販売系組織体系,2025/11/1,4 ,部,5402,居宅支援第2ｴﾘｱ,3 ,206303,2024/3/1,9999/12/31,日吉居宅介護支援拠点,日吉支援,ﾋﾖｼｶｲｺﾞｼｴﾝｶ,,,,その他,,,,,,,,既存,,,,,,,,,001049002002000000000000000000,部門
株式会社やさしい手,会計系販売系サブシステム,00002,会計系販売系組織体系,2025/11/1,5 ,課,206303,日吉支援,4 ,20352020,2024/3/1,9999/12/31,日吉居宅介護支援部門,日吉支援,ﾋﾖｼｶｲｺﾞｼｴﾝｶ,,,,直接部門,,,,,,,,既存,,,,,,,,,001049002002001000000000000000,計上部門
株式会社やさしい手,会計系販売系サブシステム,00002,会計系販売系組織体系,2025/11/1,4 ,部,5402,居宅支援第2ｴﾘｱ,3 ,206304,2024/3/1,9999/12/31,逗子居宅介護支援拠点,逗子支援,ｽﾞｼｶｲｺﾞｼｴﾝｶ,,,,その他,,,,,,,,既存,,,,,,,,,001049002003000000000000000000,部門
株式会社やさしい手,会計系販売系サブシステム,00002,会計系販売系組織体系,2025/11/1,5 ,課,206304,逗子支援,4 ,20353020,2024/3/1,9999/12/31,逗子居宅介護支援部門,逗子支援,ｽﾞｼｶｲｺﾞｼｴﾝｶ,,,,直接部門,,,,046-871-3008,046-870-3265,,,既存,,,,,,,,,001049002003001000000000000000,計上部門
株式会社やさしい手,会計系販売系サブシステム,00002,会計系販売系組織体系,2025/11/1,4 ,部,5402,居宅支援第2ｴﾘｱ,3 ,206305,2024/3/1,9999/12/31,金沢文庫居宅介護支援拠点,金沢文庫支援,ｶﾅｻﾞﾜﾌﾞﾝｺｶｲｺﾞｼｴﾝｶ,,,,その他,,,,,,,,既存,,,,,,,,,001049002004000000000000000000,部門
株式会社やさしい手,会計系販売系サブシステム,00002,会計系販売系組織体系,2025/11/1,5 ,課,206305,金沢文庫支援,4 ,20354020,2024/3/1,9999/12/31,金沢文庫居宅介護支援部門,金沢文庫支援,ｶﾅｻﾞﾜﾌﾞﾝｺｶｲｺﾞｼｴﾝｶ,,,,直接部門,,,,045-790-1096,045-790-1092,,,既存,,,,,,,,,001049002004001000000000000000,計上部門
株式会社やさしい手,会計系販売系サブシステム,00002,会計系販売系組織体系,2025/11/1,4 ,部,5402,居宅支援第2ｴﾘｱ,3 ,206306,2024/3/1,9999/12/31,磯子居宅介護支援拠点,磯子支援,ｲｿｺﾞｶｲｺﾞｼｴﾝｶ,,,,その他,,,,,,,,既存,,,,,,,,,001049002005000000000000000000,部門
株式会社やさしい手,会計系販売系サブシステム,00002,会計系販売系組織体系,2025/11/1,5 ,課,206306,磯子支援,4 ,20355020,2024/3/1,9999/12/31,磯子居宅介護支援部門,磯子支援,ｲｿｺﾞｶｲｺﾞｼｴﾝｶ,,,,直接部門,,,,,,,,既存,,,,,,,,,001049002005001000000000000000,計上部門
株式会社やさしい手,会計系販売系サブシステム,00002,会計系販売系組織体系,2025/11/1,4 ,部,5402,居宅支援第2ｴﾘｱ,3 ,206307,2024/3/1,9999/12/31,横須賀居宅介護支援拠点,横須賀支援,ﾖｺｽｶｶｲｺﾞｼｴﾝｶ,,,,その他,,,,,,,,既存,,,,,,,,,001049002006000000000000000000,部門
株式会社やさしい手,会計系販売系サブシステム,00002,会計系販売系組織体系,2025/11/1,5 ,課,206307,横須賀支援,4 ,20356020,2024/3/1,9999/12/31,横須賀居宅介護支援部門,横須賀支援,ﾖｺｽｶｶｲｺﾞｼｴﾝｶ,,,,直接部門,,,,,,,,既存,,,,,,,,,001049002006001000000000000000,計上部門
株式会社やさしい手,会計系販売系サブシステム,00002,会計系販売系組織体系,2025/11/1,4 ,部,5402,居宅支援第2ｴﾘｱ,3 ,208701,2024/3/1,9999/12/31,目黒区大橋在宅介護支援センター,目黒区大橋在支ｾﾝﾀｰ,ﾒｸﾞﾛｸｵｵﾊｼｻﾞｲﾀｸｶｲｺﾞｼｴﾝｾﾝﾀｰ,,,,その他,,,,,,,,既存,,,,,,,,,001049002007000000000000000000,部門
株式会社やさしい手,会計系販売系サブシステム,00002,会計系販売系組織体系,2025/11/1,5 ,課,208701,目黒区大橋在支ｾﾝﾀｰ,4 ,20101020,2024/3/1,9999/12/31,目黒区大橋在宅介護支援センター,目黒区大橋在支ｾﾝﾀｰ,ﾒｸﾞﾛｸｵｵﾊｼｻﾞｲﾀｸｶｲｺﾞｼｴﾝｾﾝﾀｰ,,,,直接部門,,,,03-5790-2516,03-5465-1822,,,既存,,,,,,,,,001049002007001000000000000000,計上部門
株式会社やさしい手,会計系販売系サブシステム,00002,会計系販売系組織体系,2025/11/1,4 ,部,5402,居宅支援第2ｴﾘｱ,3 ,208702,2024/3/1,9999/12/31,渋谷東居宅介護支援拠点,渋谷東支援,ｼﾌﾞﾔﾋｶﾞｼｶｲｺﾞｼｴﾝｶ,,,,その他,,,,,,,,既存,,,,,,,,,001049002008000000000000000000,部門
株式会社やさしい手,会計系販売系サブシステム,00002,会計系販売系組織体系,2025/11/1,5 ,課,208702,渋谷東支援,4 ,20101320,2024/3/1,9999/12/31,渋谷東居宅介護支援部門,渋谷東支援,ｼﾌﾞﾔﾋｶﾞｼｶｲｺﾞｼｴﾝｶ,,,,直接部門,,,,03-5464-1984,03-5464-1985,,,既存,,,,,,,,,001049002008001000000000000000,計上部門
株式会社やさしい手,会計系販売系サブシステム,00002,会計系販売系組織体系,2025/11/1,4 ,部,5402,居宅支援第2ｴﾘｱ,3 ,208703,2024/3/1,9999/12/31,学芸大学居宅介護支援拠点,学芸大学支援,ｶﾞｸｹﾞｲﾀﾞｲｶﾞｸｶｲｺﾞｼｴﾝｶ,,,,その他,,,,,,,,既存,,,,,,,,,001049002009000000000000000000,部門
株式会社やさしい手,会計系販売系サブシステム,00002,会計系販売系組織体系,2025/11/1,5 ,課,208703,学芸大学支援,4 ,20101620,2024/3/1,9999/12/31,学芸大学居宅介護支援部門,学芸大学支援,ｶﾞｸｹﾞｲﾀﾞｲｶﾞｸｶｲｺﾞｼｴﾝｶ,,,,直接部門,,,,03-5773-1287,03-5773-1297,,,既存,,,,,,,,,001049002009001000000000000000,計上部門
株式会社やさしい手,会計系販売系サブシステム,00002,会計系販売系組織体系,2025/11/1,4 ,部,5402,居宅支援第2ｴﾘｱ,3 ,208704,2024/3/1,9999/12/31,大田居宅介護支援拠点,大田支援,ｵｵﾀｶｲｺﾞｼｴﾝｶ,,,,その他,,,,,,,,既存,,,,,,,,,001049002010000000000000000000,部門
株式会社やさしい手,会計系販売系サブシステム,00002,会計系販売系組織体系,2025/11/1,5 ,課,208704,大田支援,4 ,20103020,2024/3/1,9999/12/31,大田居宅介護支援部門,大田支援,ｵｵﾀｶｲｺﾞｼｴﾝｶ,,,,直接部門,,,,03-5713-0923,03-5713-0922,,,既存,,,,,,,,,001049002010001000000000000000,計上部門
株式会社やさしい手,会計系販売系サブシステム,00002,会計系販売系組織体系,2025/11/1,4 ,部,5402,居宅支援第2ｴﾘｱ,3 ,208760,2024/3/1,9999/12/31,自由が丘居宅介護支援拠点,自由が丘支援,ｼﾞﾕｳｶﾞｵｶｶｲｺﾞｼｴﾝｶ,,,,直接部門,,,,,,,,既存,,,,,,,,,001049002011000000000000000000,部門
株式会社やさしい手,会計系販売系サブシステム,00002,会計系販売系組織体系,2025/11/1,5 ,課,208760,自由が丘支援,4 ,20876010,2024/3/1,9999/12/31,自由が丘居宅介護支援部門,自由が丘支援,ｼﾞﾕｳｶﾞｵｶｶｲｺﾞｼｴﾝｶ,,,,直接部門,,,,,,,,既存,,,,,,,,,001049002011001000000000000000,計上部門
株式会社やさしい手,会計系販売系サブシステム,00002,会計系販売系組織体系,2025/11/1,4 ,部,5402,居宅支援第2ｴﾘｱ,3 ,352004,2024/3/1,9999/12/31,川口居宅介護支援拠点,川口支援,ｶﾜｸﾞﾁｼｴﾝｶ,,,,その他,,,,,,,,既存,,,,,,,,,001049002012000000000000000000,部門
株式会社やさしい手,会計系販売系サブシステム,00002,会計系販売系組織体系,2025/11/1,5 ,課,352004,川口支援,4 ,20252070,2024/3/1,9999/12/31,川口居宅介護支援部門,川口支援,ｶﾜｸﾞﾁｼｴﾝｶ,,,,直接部門,,,,048-263-1540,048-263-1541,,,既存,,,,,,,,,001049002012001000000000000000,計上部門
株式会社やさしい手,会計系販売系サブシステム,00002,会計系販売系組織体系,2025/11/1,4 ,部,5402,居宅支援第2ｴﾘｱ,3 ,352005,2024/3/1,9999/12/31,東大宮居宅介護支援拠点,東大宮支援,ﾋｶﾞｼｵｵﾐﾔｶｲｺﾞｼｴﾝ,,,,その他,,,,,,,,既存,,,,,,,,,001049002013000000000000000000,部門
株式会社やさしい手,会計系販売系サブシステム,00002,会計系販売系組織体系,2025/11/1,5 ,課,352005,東大宮支援,4 ,20254020,2024/3/1,9999/12/31,東大宮居宅介護支援部門,東大宮支援,ﾋｶﾞｼｵｵﾐﾔｶｲｺﾞｼｴﾝ,,,,直接部門,,,,,,,,既存,,,,,,,,,001049002013001000000000000000,計上部門
株式会社やさしい手,会計系販売系サブシステム,00002,会計系販売系組織体系,2025/11/1,4 ,部,5402,居宅支援第2ｴﾘｱ,3 ,352006,2024/3/1,9999/12/31,与野本町居宅介護支援拠点,与野本町支援,ﾖﾉﾎﾝﾏﾁｼｴﾝ,,,,直接部門,,,,,,,,既存,,,,,,,,,001049002014000000000000000000,部門
株式会社やさしい手,会計系販売系サブシステム,00002,会計系販売系組織体系,2025/11/1,5 ,課,352006,与野本町支援,4 ,20255020,2024/3/1,9999/12/31,与野本町居宅介護支援部門,与野本町支援,ﾖﾉﾎﾝﾏﾁｼｴﾝ,,,,直接部門,,,,,,,,既存,,,,,,,,,001049002014001000000000000000,計上部門
株式会社やさしい手,会計系販売系サブシステム,00002,会計系販売系組織体系,2025/11/1,4 ,部,5402,居宅支援第2ｴﾘｱ,3 ,352008,2024/3/1,9999/12/31,川口三ツ和居宅介護支援拠点,川口三ツ和支援,ｶﾜｸﾞﾁﾐﾂﾜｼｴﾝｶ,,,,その他,,,,,,,,既存,,,,,,,,,001049002015000000000000000000,部門
株式会社やさしい手,会計系販売系サブシステム,00002,会計系販売系組織体系,2025/11/1,5 ,課,352008,川口三ツ和支援,4 ,20921030,2024/3/1,9999/12/31,川口三ツ和居宅介護支援部門,川口三ツ和支援,ｶﾜｸﾞﾁﾐﾂﾜｼｴﾝｶ,,,,直接部門,,,,,,,,既存,,,,,,,,,001049002015001000000000000000,計上部門
株式会社やさしい手,会計系販売系サブシステム,00002,会計系販売系組織体系,2025/11/1,4 ,部,5402,居宅支援第2ｴﾘｱ,3 ,352012,2024/3/1,9999/12/31,上小町居宅介護支援拠点,上小町支援,ｶﾐｺﾁｮｳｼｴﾝ,,,,その他,,,,,,,,既存,,,,,,,,,001049002016000000000000000000,部門
株式会社やさしい手,会計系販売系サブシステム,00002,会計系販売系組織体系,2025/11/1,5 ,課,352012,上小町支援,4 ,20256020,2024/3/1,9999/12/31,上小町居宅介護支援部門,上小町支援,ｶﾐｺﾁｮｳｼｴﾝ,,,,直接部門,,,,,,,,既存,,,,,,,,,001049002016001000000000000000,計上部門
株式会社やさしい手,会計系販売系サブシステム,00002,会計系販売系組織体系,2025/11/1,4 ,部,5402,居宅支援第2ｴﾘｱ,3 ,352050,2024/3/1,9999/12/31,川越居宅介護支援拠点,川越支援,ｶﾜｺﾞｴｷｮﾀｸｶｲｺﾞｼｴﾝ,,,,その他,,,,,,,,既存,,,,,,,,,001049002017000000000000000000,部門
株式会社やさしい手,会計系販売系サブシステム,00002,会計系販売系組織体系,2025/11/1,5 ,課,352050,川越支援,4 ,35205020,2024/3/1,9999/12/31,川越居宅介護支援部門,川越支援,ｶﾜｺﾞｴｷｮﾀｸｶｲｺﾞｼｴﾝ,,,,直接部門,,,,,,,,既存,,,,,,,,,001049002017001000000000000000,計上部門
株式会社やさしい手,会計系販売系サブシステム,00002,会計系販売系組織体系,2025/11/1,4 ,部,5402,居宅支援第2ｴﾘｱ,3 ,352070,2024/3/1,9999/12/31,川口芝高木居宅介護支援拠点,川口芝高木支援,ｶﾜｸﾞﾁｼﾊﾞﾀｶｷﾞｷｮﾀｸｼｴﾝ,,,,その他,,,,,,,,既存,,,,,,,,,001049002018000000000000000000,部門
株式会社やさしい手,会計系販売系サブシステム,00002,会計系販売系組織体系,2025/11/1,5 ,課,352070,川口芝高木支援,4 ,35207010,2024/3/1,9999/12/31,川口芝高木居宅介護支援部門,川口芝高木支援,ｶﾜｸﾞﾁｼﾊﾞﾀｶｷﾞｷｮﾀｸｼｴﾝ,,,,直接部門,,,,,,,,既存,,,,,,,,,001049002018001000000000000000,計上部門
株式会社やさしい手,会計系販売系サブシステム,00002,会計系販売系組織体系,2025/11/1,4 ,部,5402,居宅支援第2ｴﾘｱ,3 ,352090,2024/3/1,9999/12/31,志木居宅介護支援拠点,志木支援,ｼｷｼｴﾝ,,,,その他,,,,,,,,既存,,,,,,,,,001049002019000000000000000000,部門
株式会社やさしい手,会計系販売系サブシステム,00002,会計系販売系組織体系,2025/11/1,5 ,課,352090,志木支援,4 ,35209010,2024/3/1,9999/12/31,志木居宅介護支援部門,志木支援,ｼｷｼｴﾝ,,,,直接部門,,,,,,,,既存,,,,,,,,,001049002019001000000000000000,計上部門
株式会社やさしい手,会計系販売系サブシステム,00002,会計系販売系組織体系,2025/11/1,4 ,部,5402,居宅支援第2ｴﾘｱ,3 ,540201,2024/3/1,9999/12/31,居宅支援第2ｴﾘｱ統括課,居宅支援第2ｴﾘｱ統括課,ｷｮﾀｸｼｴﾝﾀﾞｲﾆｴﾘｱﾄｳｶﾂｶ,,,,その他,,,,,,,,既存,,,,,,,,,001049002020000000000000000000,部門
株式会社やさしい手,会計系販売系サブシステム,00002,会計系販売系組織体系,2025/11/1,5 ,課,540201,居宅支援第2ｴﾘｱ統括課,4 ,54020101,2024/3/1,9999/12/31,居宅支援第2ｴﾘｱ統括課,居宅支援第2ｴﾘｱ統括課,ｷｮﾀｸｼｴﾝﾀﾞｲﾆｴﾘｱﾄｳｶﾂｶ,,,,間接部門,,,,,,,,既存,,,,,,,,,001049002020001000000000000000,計上部門
株式会社やさしい手,会計系販売系サブシステム,00002,会計系販売系組織体系,2025/11/1,4 ,部,5402,居宅支援第2ｴﾘｱ,3 ,208510,2025/3/1,9999/12/31,辻堂居宅介護支援拠点,辻堂支援,ﾂｼﾞﾄﾞｳｷｮﾀｸｶｲｺﾞｼｴﾝ,,,,その他,,,,,,,,既存,,,,,,,,,001049002021000000000000000000,部門
株式会社やさしい手,会計系販売系サブシステム,00002,会計系販売系組織体系,2025/11/1,5 ,課,208510,辻堂支援,4 ,20851010,2025/3/1,9999/12/31,辻堂居宅介護支援部門,辻堂支援,ﾂｼﾞﾄﾞｳｷｮﾀｸｶｲｺﾞｼｴﾝ,,,,直接部門,,,,,,,,既存,,,,,,,,,001049002021001000000000000000,計上部門
株式会社やさしい手,会計系販売系サブシステム,00002,会計系販売系組織体系,2025/11/1,4 ,部,5402,居宅支援第2ｴﾘｱ,3 ,262020,2025/11/1,9999/12/31,浦和針ヶ谷居宅介護支援拠点,浦和針ヶ谷支援,ｳﾗﾜﾊﾘｶﾞﾔｼｴﾝｶ,,,,その他,,,,,,,,異動先,,,,,,,,,001049002022000000000000000000,部門
株式会社やさしい手,会計系販売系サブシステム,00002,会計系販売系組織体系,2025/11/1,5 ,課,262020,浦和針ヶ谷支援,4 ,26202010,2025/11/1,9999/12/31,浦和針ヶ谷居宅介護支援部門,浦和針ヶ谷支援,ｳﾗﾜﾊﾘｶﾞﾔｶｲｺﾞｼｴﾝｶ,,,,直接部門,,,,,,,,異動先,,,,,,,,,001049002022001000000000000000,計上部門
株式会社やさしい手,会計系販売系サブシステム,00002,会計系販売系組織体系,2025/11/1,3 ,本　部,54,居宅支援ｻｰﾋﾞｽﾗｲﾝ,2 ,5403,2024/3/1,9999/12/31,居宅支援第3ｴﾘｱ,居宅支援第3ｴﾘｱ,ｷｮﾀｸｼｴﾝﾀﾞｲｻﾝｴﾘｱ,,,,その他,,,,,,,,既存,,,,,,,,,001049003000000000000000000000,部門
株式会社やさしい手,会計系販売系サブシステム,00002,会計系販売系組織体系,2025/11/1,4 ,部,5403,居宅支援第3ｴﾘｱ,3 ,207010,2024/3/1,9999/12/31,庄内通居宅介護支援拠点,庄内通支援,ｼｮｳﾅｲﾄﾞｵﾘｶｲｺﾞｼｴﾝｶ,,,,その他,,,,,,,,既存,,,,,,,,,001049003001000000000000000000,部門
株式会社やさしい手,会計系販売系サブシステム,00002,会計系販売系組織体系,2025/11/1,5 ,課,207010,庄内通支援,4 ,20701020,2024/3/1,9999/12/31,庄内通居宅介護支援部門,庄内通支援,ｼｮｳﾅｲﾄﾞｵﾘｶｲｺﾞｼｴﾝｶ,,,,直接部門,,,,052-528-5313,052-528-5618,,,既存,,,,,,,,,001049003001001000000000000000,計上部門
株式会社やさしい手,会計系販売系サブシステム,00002,会計系販売系組織体系,2025/11/1,4 ,部,5403,居宅支援第3ｴﾘｱ,3 ,207020,2024/3/1,9999/12/31,小幡居宅介護支援拠点,小幡支援課,ｵﾊﾞﾀｶｲｺﾞｼｴﾝ,,,,直接部門,,,,,,,,既存,,,,,,,,,001049003002000000000000000000,部門
株式会社やさしい手,会計系販売系サブシステム,00002,会計系販売系組織体系,2025/11/1,5 ,課,207020,小幡支援課,4 ,20702020,2024/3/1,9999/12/31,小幡居宅介護支援部門,小幡支援,ｵﾊﾞﾀｶｲｺﾞｼｴﾝ,,,,直接部門,,,,,,,,既存,,,,,,,,,001049003002001000000000000000,計上部門
株式会社やさしい手,会計系販売系サブシステム,00002,会計系販売系組織体系,2025/11/1,4 ,部,5403,居宅支援第3ｴﾘｱ,3 ,207030,2024/3/1,9999/12/31,平安通居宅介護支援拠点,平安通支援,ﾍｲｱﾝﾄﾞｵﾘｶｲｺﾞｼｴﾝｶ,,,,その他,,,,,,,,既存,,,,,,,,,001049003003000000000000000000,部門
株式会社やさしい手,会計系販売系サブシステム,00002,会計系販売系組織体系,2025/11/1,5 ,課,207030,平安通支援,4 ,20703020,2024/3/1,9999/12/31,平安通居宅介護支援部門,平安通支援,ﾍｲｱﾝﾄﾞｵﾘｶｲｺﾞｼｴﾝｶ,,,,直接部門,,,,,,,,既存,,,,,,,,,001049003003001000000000000000,計上部門
株式会社やさしい手,会計系販売系サブシステム,00002,会計系販売系組織体系,2025/11/1,4 ,部,5403,居宅支援第3ｴﾘｱ,3 ,207040,2024/3/1,9999/12/31,楠居宅介護支援拠点,楠支援,ｸｽﾉｷｼｴﾝ,,,,直接部門,,,,,,,,既存,,,,,,,,,001049003004000000000000000000,部門
株式会社やさしい手,会計系販売系サブシステム,00002,会計系販売系組織体系,2025/11/1,5 ,課,207040,楠支援,4 ,20704020,2024/3/1,9999/12/31,楠居宅介護支援部門,楠支援,ｸｽﾉｷｼｴﾝ,,,,直接部門,,,,,,,,既存,,,,,,,,,001049003004001000000000000000,計上部門
株式会社やさしい手,会計系販売系サブシステム,00002,会計系販売系組織体系,2025/11/1,4 ,部,5403,居宅支援第3ｴﾘｱ,3 ,209820,2024/3/1,9999/12/31,東淀川居宅介護支援拠点,東淀川支援,ﾋｶﾞｼﾖﾄﾞｶﾞﾜｼｴﾝ,,,,その他,,,,,,,,既存,,,,,,,,,001049003005000000000000000000,部門
株式会社やさしい手,会計系販売系サブシステム,00002,会計系販売系組織体系,2025/11/1,5 ,課,209820,東淀川支援,4 ,20982010,2024/3/1,9999/12/31,東淀川居宅介護支援部門,東淀川支援,ﾋｶﾞｼﾖﾄﾞｶﾞﾜｼｴﾝ,,,,直接部門,,,,,,,,既存,,,,,,,,,001049003005001000000000000000,計上部門
株式会社やさしい手,会計系販売系サブシステム,00002,会計系販売系組織体系,2025/11/1,4 ,部,5403,居宅支援第3ｴﾘｱ,3 ,298765,2024/3/1,9999/12/31,江坂居宅介護支援拠点,江坂支援,ｴｻｶｶｲｺﾞｼｴﾝｶ,,,,その他,,,,,,,,既存,,,,,,,,,001049003006000000000000000000,部門
株式会社やさしい手,会計系販売系サブシステム,00002,会計系販売系組織体系,2025/11/1,5 ,課,298765,江坂支援,4 ,29876520,2024/3/1,9999/12/31,江坂居宅介護支援部門,江坂支援,ｴｻｶｶｲｺﾞｼｴﾝｶ,,,,直接部門,,,,06-6193-7079,06-6193-7882,,,既存,,,,,,,,,001049003006001000000000000000,計上部門
株式会社やさしい手,会計系販売系サブシステム,00002,会計系販売系組織体系,2025/11/1,4 ,部,5403,居宅支援第3ｴﾘｱ,3 ,298768,2024/3/1,9999/12/31,豊中岡町居宅介護支援拠点,豊中岡町支援,ﾄﾖﾅｶｵｶﾏﾁｼｴﾝｶｼﾞｭﾝﾋﾞｼﾂ,,,,その他,,,,,,,,既存,,,,,,,,,001049003007000000000000000000,部門
株式会社やさしい手,会計系販売系サブシステム,00002,会計系販売系組織体系,2025/11/1,5 ,課,298768,豊中岡町支援,4 ,29876820,2024/3/1,9999/12/31,豊中岡町居宅介護支援部門,豊中岡町支援,ﾄﾖﾅｶｵｶﾏﾁｼｴﾝｶｼﾞｭﾝﾋﾞｼﾂ,,,,直接部門,,,,,,,,既存,,,,,,,,,001049003007001000000000000000,計上部門
株式会社やさしい手,会計系販売系サブシステム,00002,会計系販売系組織体系,2025/11/1,4 ,部,5403,居宅支援第3ｴﾘｱ,3 ,298770,2024/3/1,9999/12/31,茨木居宅介護支援拠点,茨木支援,ｲﾊﾞﾗｷｼｴﾝ,,,,その他,,,,,,,,既存,,,,,,,,,001049003008000000000000000000,部門
株式会社やさしい手,会計系販売系サブシステム,00002,会計系販売系組織体系,2025/11/1,5 ,課,298770,茨木支援,4 ,29877020,2024/3/1,9999/12/31,茨木居宅介護支援部門,茨木支援,ｲﾊﾞﾗｷｼｴﾝ,,,,直接部門,,,,,,,,既存,,,,,,,,,001049003008001000000000000000,計上部門
株式会社やさしい手,会計系販売系サブシステム,00002,会計系販売系組織体系,2025/11/1,4 ,部,5403,居宅支援第3ｴﾘｱ,3 ,402005,2024/3/1,9999/12/31,結城居宅介護支援拠点,結城支援,ﾕｳｷｼｴﾝｶ,,,,その他,,,,,,,,既存,,,,,,,,,001049003009000000000000000000,部門
株式会社やさしい手,会計系販売系サブシステム,00002,会計系販売系組織体系,2025/11/1,5 ,課,402005,結城支援,4 ,20967020,2024/3/1,9999/12/31,結城居宅介護支援部門,結城支援,ﾕｳｷｼｴﾝ,,,,直接部門,,,,,,,,既存,,,,,,,,,001049003009001000000000000000,計上部門
株式会社やさしい手,会計系販売系サブシステム,00002,会計系販売系組織体系,2025/11/1,4 ,部,5403,居宅支援第3ｴﾘｱ,3 ,402020,2024/3/1,9999/12/31,小山居宅介護支援拠点,小山支援,ｵﾔﾏｼｴﾝｶ,,,,その他,,,,,,,,既存,,,,,,,,,001049003010000000000000000000,部門
株式会社やさしい手,会計系販売系サブシステム,00002,会計系販売系組織体系,2025/11/1,5 ,課,402020,小山支援,4 ,40202010,2024/3/1,9999/12/31,小山居宅介護支援部門,小山支援,ｵﾔﾏｼｴﾝｶ,,,,直接部門,,,,,,,,既存,,,,,,,,,001049003010001000000000000000,計上部門
株式会社やさしい手,会計系販売系サブシステム,00002,会計系販売系組織体系,2025/11/1,4 ,部,5403,居宅支援第3ｴﾘｱ,3 ,402030,2024/3/1,9999/12/31,駒生居宅介護支援拠点,駒生支援,ｺﾏﾆｭｳｼｴﾝｶ,,,,その他,,,,,,,,既存,,,,,,,,,001049003011000000000000000000,部門
株式会社やさしい手,会計系販売系サブシステム,00002,会計系販売系組織体系,2025/11/1,5 ,課,402030,駒生支援,4 ,40203010,2024/3/1,9999/12/31,駒生居宅介護支援部門,駒生支援,ｺﾏﾆｭｳｼｴﾝｶ,,,,直接部門,,,,,,,,既存,,,,,,,,,001049003011001000000000000000,計上部門
株式会社やさしい手,会計系販売系サブシステム,00002,会計系販売系組織体系,2025/11/1,4 ,部,5403,居宅支援第3ｴﾘｱ,3 ,454050,2024/3/1,9999/12/31,片柳居宅介護支援拠点,片柳支援,ｶﾀﾔﾅｷﾞｶｲｺﾞｼｴﾝｶ,,,,その他,,,,,,,,既存,,,,,,,,,001049003012000000000000000000,部門
株式会社やさしい手,会計系販売系サブシステム,00002,会計系販売系組織体系,2025/11/1,5 ,課,454050,片柳支援,4 ,45405010,2024/3/1,9999/12/31,片柳居宅介護支援部門,片柳支援,ｶﾀﾔﾅｷﾞｶｲｺﾞｼｴﾝｶ,,,,直接部門,,,,,,,,既存,,,,,,,,,001049003012001000000000000000,計上部門
株式会社やさしい手,会計系販売系サブシステム,00002,会計系販売系組織体系,2025/11/1,4 ,部,5403,居宅支援第3ｴﾘｱ,3 ,540301,2024/3/1,9999/12/31,居宅支援第3ｴﾘｱ統括課,居宅支援第3ｴﾘｱ統括課,ｷｮﾀｸｼｴﾝﾀﾞｲｻﾝｴﾘｱﾄｳｶﾂｶ,,,,その他,,,,,,,,既存,,,,,,,,,001049003013000000000000000000,部門
株式会社やさしい手,会計系販売系サブシステム,00002,会計系販売系組織体系,2025/11/1,5 ,課,540301,居宅支援第3ｴﾘｱ統括課,4 ,54030101,2024/3/1,9999/12/31,居宅支援第3ｴﾘｱ統括課,居宅支援第3ｴﾘｱ統括課,ｷｮﾀｸｼｴﾝﾀﾞｲｻﾝｴﾘｱﾄｳｶﾂｶ,,,,間接部門,,,,,,,,既存,,,,,,,,,001049003013001000000000000000,計上部門
株式会社やさしい手,会計系販売系サブシステム,00002,会計系販売系組織体系,2025/11/1,3 ,本　部,54,居宅支援ｻｰﾋﾞｽﾗｲﾝ,2 ,5404,2024/3/1,9999/12/31,居宅支援第4ｴﾘｱ,居宅支援第4ｴﾘｱ,ｷｮﾀｸｼｴﾝﾀﾞｲﾖﾝｴﾘｱ,,,,その他,,,,,,,,既存,,,,,,,,,001049004000000000000000000000,部門
株式会社やさしい手,会計系販売系サブシステム,00002,会計系販売系組織体系,2025/11/1,4 ,部,5404,居宅支援第4ｴﾘｱ,3 ,209801,2024/3/1,9999/12/31,神戸西居宅介護支援拠点,神戸西支援,ｺｳﾍﾞﾆｼｼｴﾝ,,,,その他,,,,,,,,既存,,,,,,,,,001049004001000000000000000000,部門
株式会社やさしい手,会計系販売系サブシステム,00002,会計系販売系組織体系,2025/11/1,5 ,課,209801,神戸西支援,4 ,20965020,2024/3/1,9999/12/31,神戸西居宅介護支援部門,神戸西支援,ｺｳﾍﾞﾆｼｼｴﾝ,,,,直接部門,,,,,,,,既存,,,,,,,,,001049004001001000000000000000,計上部門
株式会社やさしい手,会計系販売系サブシステム,00002,会計系販売系組織体系,2025/11/1,4 ,部,5404,居宅支援第4ｴﾘｱ,3 ,209802,2024/3/1,9999/12/31,東灘居宅介護支援拠点,東灘支援,ﾋｶﾞｼﾅﾀﾞｼｴﾝ,,,,その他,,,,,,,,既存,,,,,,,,,001049004002000000000000000000,部門
株式会社やさしい手,会計系販売系サブシステム,00002,会計系販売系組織体系,2025/11/1,5 ,課,209802,東灘支援,4 ,20980220,2024/3/1,9999/12/31,東灘居宅介護支援部門,東灘支援,ﾋｶﾞｼﾅﾀﾞｼｴﾝ,,,,直接部門,,,,,,,,既存,,,,,,,,,001049004002001000000000000000,計上部門
株式会社やさしい手,会計系販売系サブシステム,00002,会計系販売系組織体系,2025/11/1,4 ,部,5404,居宅支援第4ｴﾘｱ,3 ,298775,2024/3/1,9999/12/31,西明石居宅介護支援拠点,西明石支援,ﾆｼｱｶｼｶｲｺﾞｼｴﾝｶ,,,,その他,,,,,,,,既存,,,,,,,,,001049004003000000000000000000,部門
株式会社やさしい手,会計系販売系サブシステム,00002,会計系販売系組織体系,2025/11/1,5 ,課,298775,西明石支援,4 ,29877520,2024/3/1,9999/12/31,西明石居宅介護支援部門,西明石支援,ﾆｼｱｶｼｶｲｺﾞｼｴﾝｶ,,,,直接部門,,,,,,,,既存,,,,,,,,,001049004003001000000000000000,計上部門
株式会社やさしい手,会計系販売系サブシステム,00002,会計系販売系組織体系,2025/11/1,4 ,部,5404,居宅支援第4ｴﾘｱ,3 ,298780,2024/3/1,9999/12/31,伊川谷居宅介護支援拠点,伊川谷支援,ｲｶﾜﾀﾞﾆｶｲｺﾞｼｴﾝｶ,,,,その他,,,,,,,,既存,,,,,,,,,001049004004000000000000000000,部門
株式会社やさしい手,会計系販売系サブシステム,00002,会計系販売系組織体系,2025/11/1,5 ,課,298780,伊川谷支援,4 ,29878020,2024/3/1,9999/12/31,伊川谷居宅介護支援部門,伊川谷支援,ｲｶﾜﾀﾞﾆｶｲｺﾞｼｴﾝｶ,,,,直接部門,,,,,,,,既存,,,,,,,,,001049004004001000000000000000,計上部門
株式会社やさしい手,会計系販売系サブシステム,00002,会計系販売系組織体系,2025/11/1,4 ,部,5404,居宅支援第4ｴﾘｱ,3 ,540401,2024/3/1,9999/12/31,居宅支援第4ｴﾘｱ統括課,居宅支援第4ｴﾘｱ統括課,ｷｮﾀｸｼｴﾝﾀﾞｲﾖﾝｴﾘｱﾄｳｶﾂｶ,,,,その他,,,,,,,,既存,,,,,,,,,001049004005000000000000000000,部門
株式会社やさしい手,会計系販売系サブシステム,00002,会計系販売系組織体系,2025/11/1,5 ,課,540401,居宅支援第4ｴﾘｱ統括課,4 ,54040101,2024/3/1,9999/12/31,居宅支援第4ｴﾘｱ統括課,居宅支援第4ｴﾘｱ統括課,ｷｮﾀｸｼｴﾝﾀﾞｲﾖﾝｴﾘｱﾄｳｶﾂｶ,,,,間接部門,,,,,,,,既存,,,,,,,,,001049004005001000000000000000,計上部門
株式会社やさしい手,会計系販売系サブシステム,00002,会計系販売系組織体系,2025/11/1,4 ,部,5404,居宅支援第4ｴﾘｱ,3 ,594010,2024/3/1,9999/12/31,倉田居宅介護支援拠点,倉田支援,ｸﾗﾀｶｲｺﾞｼｴﾝｶ,,,,その他,,,,,,,,既存,,,,,,,,,001049004006000000000000000000,部門
株式会社やさしい手,会計系販売系サブシステム,00002,会計系販売系組織体系,2025/11/1,5 ,課,594010,倉田支援,4 ,59401010,2024/3/1,9999/12/31,倉田居宅介護支援部門,倉田支援,ｸﾗﾀｶｲｺﾞｼｴﾝｶ,,,,直接部門,,,,,,,,既存,,,,,,,,,001049004006001000000000000000,計上部門
株式会社やさしい手,会計系販売系サブシステム,00002,会計系販売系組織体系,2025/11/1,4 ,部,5404,居宅支援第4ｴﾘｱ,3 ,615010,2024/3/1,9999/12/31,姫路居宅介護支援拠点,姫路支援,ﾋﾒｼﾞｼｴﾝ,,,,その他,,,,,,,,既存,,,,,,,,,001049004007000000000000000000,部門
株式会社やさしい手,会計系販売系サブシステム,00002,会計系販売系組織体系,2025/11/1,5 ,課,615010,姫路支援,4 ,61501010,2024/3/1,9999/12/31,姫路居宅介護支援部門,姫路支援,ﾋﾒｼﾞｼｴﾝ,,,,直接部門,,,,,,,,既存,,,,,,,,,001049004007001000000000000000,計上部門
株式会社やさしい手,会計系販売系サブシステム,00002,会計系販売系組織体系,2025/11/1,4 ,部,5404,居宅支援第4ｴﾘｱ,3 ,615020,2024/3/1,9999/12/31,加古川尾上居宅介護支援拠点,加古川尾上支援,ｶｺｶﾞﾜｵﾉｴｶｲｺﾞｼｴﾝｶ,,,,その他,,,,,,,,既存,,,,,,,,,001049004008000000000000000000,部門
株式会社やさしい手,会計系販売系サブシステム,00002,会計系販売系組織体系,2025/11/1,5 ,課,615020,加古川尾上支援,4 ,61502020,2024/3/1,9999/12/31,加古川尾上居宅介護支援部門,加古川尾上支援,ｶｺｶﾞﾜｵﾉｴｶｲｺﾞｼｴﾝｶ,,,,直接部門,,,,,,,,既存,,,,,,,,,001049004008001000000000000000,計上部門
株式会社やさしい手,会計系販売系サブシステム,00002,会計系販売系組織体系,2025/11/1,4 ,部,5404,居宅支援第4ｴﾘｱ,3 ,634010,2024/3/1,9999/12/31,五日市居宅介護支援拠点,五日市居宅介護支援,ｲﾂｶｲﾁｷｮﾀｸｶｲｺﾞｼｼｴﾝｷｮﾃﾝ,,,,その他,,,,,,,,既存,,,,,,,,,001049004009000000000000000000,部門
株式会社やさしい手,会計系販売系サブシステム,00002,会計系販売系組織体系,2025/11/1,5 ,課,634010,五日市居宅介護支援,4 ,63401010,2024/3/1,9999/12/31,五日市居宅介護支援部門,五日市居宅介護支援,ｲﾂｶｲﾁｷｮﾀｸｶｲｺﾞｼｼｴﾝﾌﾞﾓﾝ,,,,直接部門,,,,,,,,既存,,,,,,,,,001049004009001000000000000000,計上部門
株式会社やさしい手,会計系販売系サブシステム,00002,会計系販売系組織体系,2025/11/1,4 ,部,5404,居宅支援第4ｴﾘｱ,3 ,646010,2024/3/1,9999/12/31,中津居宅介護支援拠点,中津支援,ﾅｶﾂｼｴﾝ,,,,その他,,,,,,,,既存,,,,,,,,,001049004010000000000000000000,部門
株式会社やさしい手,会計系販売系サブシステム,00002,会計系販売系組織体系,2025/11/1,5 ,課,646010,中津支援,4 ,64601010,2024/3/1,9999/12/31,中津居宅介護支援部門,中津支援,ﾅｶﾂｼｴﾝ,,,,直接部門,,,,,,,,既存,,,,,,,,,001049004010001000000000000000,計上部門
株式会社やさしい手,会計系販売系サブシステム,00002,会計系販売系組織体系,2025/11/1,4 ,部,5404,居宅支援第4ｴﾘｱ,3 ,646020,2024/3/1,9999/12/31,鶴崎居宅介護支援拠点,鶴崎支援,ﾂﾙｻｷｼｴﾝ,,,,その他,,,,,,,,既存,,,,,,,,,001049004011000000000000000000,部門
株式会社やさしい手,会計系販売系サブシステム,00002,会計系販売系組織体系,2025/11/1,5 ,課,646020,鶴崎支援,4 ,64602010,2024/3/1,9999/12/31,鶴崎居宅介護支援部門,鶴崎支援,ﾂﾙｻｷｼｴﾝ,,,,直接部門,,,,,,,,既存,,,,,,,,,001049004011001000000000000000,計上部門
株式会社やさしい手,会計系販売系サブシステム,00002,会計系販売系組織体系,2025/11/1,4 ,部,5404,居宅支援第4ｴﾘｱ,3 ,656020,2024/3/1,9999/12/31,宇宿居宅介護支援拠点,宇宿支援,ｳｽｷｶｲｺﾞｼｴﾝｶ,,,,その他,,,,,,,,既存,,,,,,,,,001049004012000000000000000000,部門
株式会社やさしい手,会計系販売系サブシステム,00002,会計系販売系組織体系,2025/11/1,5 ,課,656020,宇宿支援,4 ,65602020,2024/3/1,9999/12/31,宇宿居宅介護支援部門,宇宿支援,ｳｽｷｶｲｺﾞｼｴﾝ,,,,直接部門,,,,,,,,既存,,,,,,,,,001049004012001000000000000000,計上部門
株式会社やさしい手,会計系販売系サブシステム,00002,会計系販売系組織体系,2025/11/1,4 ,部,5404,居宅支援第4ｴﾘｱ,3 ,656030,2024/3/1,9999/12/31,【使用不可】山之口居宅介護支援拠点,【不】山之口支援,ﾔﾏﾉｸﾁｶｲｺﾞｼｴﾝｶ,,,,その他,,,,,,,,既存,,,,,,,,,001049004013000000000000000000,部門
株式会社やさしい手,会計系販売系サブシステム,00002,会計系販売系組織体系,2025/11/1,5 ,課,656030,【不】山之口支援,4 ,65603020,2024/3/1,9999/12/31,【使用不可】山之口居宅介護支援部門,【不】山之口支援,ﾔﾏﾉｸﾁｶｲｺﾞｼｴﾝ,,,,直接部門,,,,,,,,既存,,,,,,,,,001049004013001000000000000000,計上部門
株式会社やさしい手,会計系販売系サブシステム,00002,会計系販売系組織体系,2025/11/1,3 ,本　部,54,居宅支援ｻｰﾋﾞｽﾗｲﾝ,2 ,5405,2024/3/1,9999/12/31,居宅支援第5ｴﾘｱ,居宅支援第5ｴﾘｱ,ｷｮﾀｸｼｴﾝﾀﾞｲｺﾞｴﾘｱ,,,,その他,,,,,,,,既存,,,,,,,,,001049005000000000000000000000,部門
株式会社やさしい手,会計系販売系サブシステム,00002,会計系販売系組織体系,2025/11/1,4 ,部,5405,居宅支援第5ｴﾘｱ,3 ,207402,2024/3/1,9999/12/31,赤羽居宅介護支援拠点,赤羽支援,ｱｶﾊﾞﾈｶｲｺﾞｼｴﾝｶ,,,,その他,,,,,,,,既存,,,,,,,,,001049005001000000000000000000,部門
株式会社やさしい手,会計系販売系サブシステム,00002,会計系販売系組織体系,2025/11/1,5 ,課,207402,赤羽支援,4 ,20251020,2024/3/1,9999/12/31,赤羽居宅介護支援部門,赤羽支援,ｱｶﾊﾞﾈｶｲｺﾞｼｴﾝﾌﾞﾓﾝ,,,,直接部門,,,,03-3598-8103,03-3598-8104,,,既存,,,,,,,,,001049005001001000000000000000,計上部門
株式会社やさしい手,会計系販売系サブシステム,00002,会計系販売系組織体系,2025/11/1,4 ,部,5405,居宅支援第5ｴﾘｱ,3 ,207403,2024/3/1,9999/12/31,浅草居宅介護支援拠点,浅草支援,ｱｻｸｻｷｮﾀｸｶｲｺﾞｼｴﾝｷｮﾃﾝ,,,,その他,,,,,,,,既存,,,,,,,,,001049005002000000000000000000,部門
株式会社やさしい手,会計系販売系サブシステム,00002,会計系販売系組織体系,2025/11/1,5 ,課,207403,浅草支援,4 ,20203020,2024/3/1,9999/12/31,浅草居宅介護支援部門,浅草支援,ｱｻｸｻｶｷｮﾀｸｶｲｺﾞｼｴﾝﾌﾞﾓﾝ,,,,直接部門,,,,,,,,既存,,,,,,,,,001049005002001000000000000000,計上部門
株式会社やさしい手,会計系販売系サブシステム,00002,会計系販売系組織体系,2025/11/1,4 ,部,5405,居宅支援第5ｴﾘｱ,3 ,207404,2024/3/1,9999/12/31,【使用不可】西新井居宅介護支援拠点,【不】西新井支援,ﾆｼｱﾗｲｷｮﾀｸｶｲｺﾞｼｴﾝｷｮﾃﾝ,,,,その他,,,,,,,,既存,,,,,,,,,001049005003000000000000000000,部門
株式会社やさしい手,会計系販売系サブシステム,00002,会計系販売系組織体系,2025/11/1,5 ,課,207404,【不】西新井支援,4 ,20204520,2024/3/1,9999/12/31,【使用不可】西新井居宅介護支援部門,【不】西新井支援,ﾆｼｱﾗｲｷｮﾀｸｶｲｺﾞｼｴﾝﾌﾞﾓﾝ,,,,直接部門,,,,,,,,既存,,,,,,,,,001049005003001000000000000000,計上部門
株式会社やさしい手,会計系販売系サブシステム,00002,会計系販売系組織体系,2025/11/1,4 ,部,5405,居宅支援第5ｴﾘｱ,3 ,207406,2024/3/1,9999/12/31,葛飾居宅介護支援拠点,葛飾支援,ｶﾂｼｶｷｮﾀｸｶｲｺﾞｼｴﾝｷｮﾃﾝ,,,,その他,,,,,,,,既存,,,,,,,,,001049005004000000000000000000,部門
株式会社やさしい手,会計系販売系サブシステム,00002,会計系販売系組織体系,2025/11/1,5 ,課,207406,葛飾支援,4 ,20201020,2024/3/1,9999/12/31,葛飾居宅介護支援部門,葛飾支援,ｶﾂｼｶｷｮﾀｸｶｲｺﾞｼｴﾝﾌﾞﾓﾝ,,,,直接部門,,,,03-5648-7650,03-5648-7644,,,既存,,,,,,,,,001049005004001000000000000000,計上部門
株式会社やさしい手,会計系販売系サブシステム,00002,会計系販売系組織体系,2025/11/1,4 ,部,5405,居宅支援第5ｴﾘｱ,3 ,207408,2024/3/1,9999/12/31,竹ノ塚居宅介護支援拠点,竹ノ塚支援,ﾀｹﾉｽﾞｶｷｮﾀｸｶｲｺﾞｼｴﾝｷｮﾃﾝ,,,,その他,,,,,,,,既存,,,,,,,,,001049005005000000000000000000,部門
株式会社やさしい手,会計系販売系サブシステム,00002,会計系販売系組織体系,2025/11/1,5 ,課,207408,竹ノ塚支援,4 ,20740810,2024/3/1,9999/12/31,竹ノ塚居宅介護支援部門,竹ノ塚支援,ﾀｹﾉｽﾞｶｷｮﾀｸｶｲｺﾞｼｴﾝﾌﾞﾓﾝ,,,,直接部門,,,,,,,,既存,,,,,,,,,001049005005001000000000000000,計上部門
株式会社やさしい手,会計系販売系サブシステム,00002,会計系販売系組織体系,2025/11/1,4 ,部,5405,居宅支援第5ｴﾘｱ,3 ,207409,2024/3/1,9999/12/31,新小岩居宅介護支援拠点,新小岩支援,ｼﾝｺｲﾜｷｮﾀｸｶｲｺﾞｼｴﾝｷｮﾃﾝ,,,,その他,,,,,,,,既存,,,,,,,,,001049005006000000000000000000,部門
株式会社やさしい手,会計系販売系サブシステム,00002,会計系販売系組織体系,2025/11/1,5 ,課,207409,新小岩支援,4 ,20740910,2024/3/1,9999/12/31,新小岩居宅介護支援部門,新小岩支援,ｼﾝｺｲﾜｷｮﾀｸｶｲｺﾞｼｴﾝﾌﾞﾓﾝ,,,,直接部門,,,,,,,,既存,,,,,,,,,001049005006001000000000000000,計上部門
株式会社やさしい手,会計系販売系サブシステム,00002,会計系販売系組織体系,2025/11/1,4 ,部,5405,居宅支援第5ｴﾘｱ,3 ,207902,2024/3/1,9999/12/31,千葉居宅介護支援拠点,千葉支援,ﾁﾊﾞｶｲｺﾞｼｴﾝｶ,,,,その他,,,,,,,,既存,,,,,,,,,001049005007000000000000000000,部門
株式会社やさしい手,会計系販売系サブシステム,00002,会計系販売系組織体系,2025/11/1,5 ,課,207902,千葉支援,4 ,20202020,2024/3/1,9999/12/31,千葉居宅介護支援部門,千葉支援,ﾁﾊﾞｶｲｺﾞｼｴﾝｶ,,,,直接部門,,,,043-203-0971,043-203-0983,,,既存,,,,,,,,,001049005007001000000000000000,計上部門
株式会社やさしい手,会計系販売系サブシステム,00002,会計系販売系組織体系,2025/11/1,4 ,部,5405,居宅支援第5ｴﾘｱ,3 ,207903,2024/3/1,9999/12/31,青葉町居宅介護支援拠点,青葉町支援,ｱｵﾊﾞﾁｮｳｼｴﾝｶ,,,,その他,,,,,,,,既存,,,,,,,,,001049005008000000000000000000,部門
株式会社やさしい手,会計系販売系サブシステム,00002,会計系販売系組織体系,2025/11/1,5 ,課,207903,青葉町支援,4 ,20983010,2024/3/1,9999/12/31,青葉町居宅居宅介護支援部門,青葉町支援,ｱｵﾊﾞﾁｮｳｼｴﾝｶ,,,,直接部門,,,,,,,,既存,,,,,,,,,001049005008001000000000000000,計上部門
株式会社やさしい手,会計系販売系サブシステム,00002,会計系販売系組織体系,2025/11/1,4 ,部,5405,居宅支援第5ｴﾘｱ,3 ,207904,2024/3/1,9999/12/31,新高根居宅介護支援拠点,新高根支援,ｼﾝﾀｶﾈｶｲｺﾞｼｴﾝｶ,,,,その他,,,,,,,,既存,,,,,,,,,001049005009000000000000000000,部門
株式会社やさしい手,会計系販売系サブシステム,00002,会計系販売系組織体系,2025/11/1,5 ,課,207904,新高根支援,4 ,20204020,2024/3/1,9999/12/31,新高根居宅介護支援部門,新高根支援,ｼﾝﾀｶﾈｶｲｺﾞｼｴﾝｶ,,,,直接部門,,,,,,,,既存,,,,,,,,,001049005009001000000000000000,計上部門
株式会社やさしい手,会計系販売系サブシステム,00002,会計系販売系組織体系,2025/11/1,4 ,部,5405,居宅支援第5ｴﾘｱ,3 ,207905,2024/3/1,9999/12/31,浜野居宅介護支援拠点,浜野支援,ﾊﾏﾉｶｲｺﾞｼｴﾝｶ,,,,その他,,,,,,,,既存,,,,,,,,,001049005010000000000000000000,部門
株式会社やさしい手,会計系販売系サブシステム,00002,会計系販売系組織体系,2025/11/1,5 ,課,207905,浜野支援,4 ,20206520,2024/3/1,9999/12/31,浜野居宅介護支援部門,浜野支援,ﾊﾏﾉｶｲｺﾞｼｴﾝｶ,,,,直接部門,,,,,,,,既存,,,,,,,,,001049005010001000000000000000,計上部門
株式会社やさしい手,会計系販売系サブシステム,00002,会計系販売系組織体系,2025/11/1,4 ,部,5405,居宅支援第5ｴﾘｱ,3 ,207906,2024/3/1,9999/12/31,新柏居宅介護支援拠点,新柏支援,ｼﾝｶｼﾜｼｴﾝｼﾞｷﾞｮｳｼｮ,,,,その他,,,,,,,,既存,,,,,,,,,001049005011000000000000000000,部門
株式会社やさしい手,会計系販売系サブシステム,00002,会計系販売系組織体系,2025/11/1,5 ,課,207906,新柏支援,4 ,20205520,2024/3/1,9999/12/31,新柏居宅介護支援部門,新柏支援,ｼﾝｶｼﾜｼｴﾝｼﾞｷﾞｮｳｼｮ,,,,直接部門,,,,,,,,既存,,,,,,,,,001049005011001000000000000000,計上部門
株式会社やさしい手,会計系販売系サブシステム,00002,会計系販売系組織体系,2025/11/1,4 ,部,5405,居宅支援第5ｴﾘｱ,3 ,207907,2024/3/1,9999/12/31,都賀居宅介護支援拠点,都賀支援,ﾂｶﾞｼｴﾝｼﾞｷﾞｮｳｼｮ,,,,その他,,,,,,,,既存,,,,,,,,,001049005012000000000000000000,部門
株式会社やさしい手,会計系販売系サブシステム,00002,会計系販売系組織体系,2025/11/1,5 ,課,207907,都賀支援,4 ,20207520,2024/3/1,9999/12/31,都賀居宅介護支援部門,都賀支援,ﾂｶﾞｼｴﾝｼﾞｷﾞｮｳｼｮ,,,,直接部門,,,,,,,,既存,,,,,,,,,001049005012001000000000000000,計上部門
株式会社やさしい手,会計系販売系サブシステム,00002,会計系販売系組織体系,2025/11/1,4 ,部,5405,居宅支援第5ｴﾘｱ,3 ,207908,2024/3/1,9999/12/31,松戸八柱居宅介護支援拠点,松戸八柱支援,ﾏﾂﾄﾞﾔﾊﾞｼﾗｼｴﾝｶ,,,,その他,,,,,,,,既存,,,,,,,,,001049005013000000000000000000,部門
株式会社やさしい手,会計系販売系サブシステム,00002,会計系販売系組織体系,2025/11/1,5 ,課,207908,松戸八柱支援,4 ,20832010,2024/3/1,9999/12/31,松戸八柱居宅介護支援部門,松戸八柱支援,ﾏﾂﾄﾞﾔﾊﾞｼﾗｶｲｺﾞｼｴﾝｶ,,,,直接部門,,,,,,,,既存,,,,,,,,,001049005013001000000000000000,計上部門
株式会社やさしい手,会計系販売系サブシステム,00002,会計系販売系組織体系,2025/11/1,4 ,部,5405,居宅支援第5ｴﾘｱ,3 ,265010,2024/3/1,9999/12/31,柏たなか居宅介護支援拠点,柏たなか支援,ｶｼﾜﾀﾅｶｼｴﾝｶ,,,,その他,,,,,,,,既存,,,,,,,,,001049005014000000000000000000,部門
株式会社やさしい手,会計系販売系サブシステム,00002,会計系販売系組織体系,2025/11/1,5 ,課,265010,柏たなか支援,4 ,26501010,2024/3/1,9999/12/31,柏たなか居宅介護支援部門,柏たなか支援,ｶｼﾜﾀﾅｶｶｲｺﾞｼｴﾝｶ,,,,直接部門,,,,,,,,既存,,,,,,,,,001049005014001000000000000000,計上部門
株式会社やさしい手,会計系販売系サブシステム,00002,会計系販売系組織体系,2025/11/1,4 ,部,5405,居宅支援第5ｴﾘｱ,3 ,540501,2024/3/1,9999/12/31,居宅支援第5ｴﾘｱ統括課,居宅支援第5ｴﾘｱ統括課,ｷｮﾀｸｼｴﾝﾀﾞｲｺﾞｴﾘｱﾄｳｶﾂｶ,,,,その他,,,,,,,,既存,,,,,,,,,001049005015000000000000000000,部門
株式会社やさしい手,会計系販売系サブシステム,00002,会計系販売系組織体系,2025/11/1,5 ,課,540501,居宅支援第5ｴﾘｱ統括課,4 ,54050101,2024/3/1,9999/12/31,居宅支援第5ｴﾘｱ統括課,居宅支援第5ｴﾘｱ統括課,ｷｮﾀｸｼｴﾝﾀﾞｲｺﾞｴﾘｱﾄｳｶﾂｶ,,,,間接部門,,,,,,,,既存,,,,,,,,,001049005015001000000000000000,計上部門
株式会社やさしい手,会計系販売系サブシステム,00002,会計系販売系組織体系,2025/11/1,4 ,部,5405,居宅支援第5ｴﾘｱ,3 ,262010,2025/4/1,9999/12/31,市川居宅介護支援拠点,市川支援,ｲﾁｶﾜｼｴﾝｶ,,,,その他,,,,,,,,既存,,,,,,,,,001049005016000000000000000000,部門
株式会社やさしい手,会計系販売系サブシステム,00002,会計系販売系組織体系,2025/11/1,5 ,課,262010,市川支援,4 ,26201010,2025/4/1,9999/12/31,市川居宅介護支援部門,市川支援,ｲﾁｶﾜｶｲｺﾞｼｴﾝｶ,,,,直接部門,,,,,,,,既存,,,,,,,,,001049005016001000000000000000,計上部門
株式会社やさしい手,会計系販売系サブシステム,00002,会計系販売系組織体系,2025/11/1,4 ,部,5405,居宅支援第5ｴﾘｱ,3 ,262020,2025/4/1,2025/10/31,浦和針ヶ谷居宅介護支援拠点,浦和針ヶ谷支援,ｳﾗﾜﾊﾘｶﾞﾔｼｴﾝｶ,,,,その他,,,,,,,,異動元,262020,浦和針ヶ谷支援,,,,,,,001049005017000000000000000000,部門
株式会社やさしい手,会計系販売系サブシステム,00002,会計系販売系組織体系,2025/11/1,5 ,課,262020,浦和針ヶ谷支援,4 ,26202010,2025/4/1,2025/10/31,浦和針ヶ谷居宅介護支援部門,浦和針ヶ谷支援,ｳﾗﾜﾊﾘｶﾞﾔｶｲｺﾞｼｴﾝｶ,,,,直接部門,,,,,,,,異動元,26202010,浦和針ヶ谷支援,,,,,,,001049005017001000000000000000,計上部門
株式会社やさしい手,会計系販売系サブシステム,00002,会計系販売系組織体系,2025/11/1,3 ,本　部,54,居宅支援ｻｰﾋﾞｽﾗｲﾝ,2 ,5406,2024/3/1,9999/12/31,居宅支援第6ｴﾘｱ,居宅支援第6ｴﾘｱ,ｷｮﾀｸｼｴﾝﾀﾞｲﾛｸｴﾘｱ,,,,その他,,,,,,,,既存,,,,,,,,,001049006000000000000000000000,部門
株式会社やさしい手,会計系販売系サブシステム,00002,会計系販売系組織体系,2025/11/1,4 ,部,5406,居宅支援第6ｴﾘｱ,3 ,208302,2024/3/1,9999/12/31,中野北口居宅介護支援拠点,中野北口支援,ﾅｶﾉｷﾀｸﾞﾁｶｲｺﾞｼｴﾝｶ,,,,その他,,,,,,,,既存,,,,,,,,,001049006001000000000000000000,部門
株式会社やさしい手,会計系販売系サブシステム,00002,会計系販売系組織体系,2025/11/1,5 ,課,208302,中野北口支援,4 ,20301020,2024/3/1,9999/12/31,中野北口居宅介護支援部門,中野北口支援,ﾅｶﾉｷﾀｸﾞﾁｶｲｺﾞｼｴﾝｶ,,,,直接部門,,,,03-5318-3877,03-5318-6933,,,既存,,,,,,,,,001049006001001000000000000000,計上部門
株式会社やさしい手,会計系販売系サブシステム,00002,会計系販売系組織体系,2025/11/1,4 ,部,5406,居宅支援第6ｴﾘｱ,3 ,208303,2024/3/1,9999/12/31,荻窪居宅介護支援拠点,荻窪支援,ｵｷﾞｸﾎﾞｶｲｺﾞｼｴﾝｶ,,,,その他,,,,,,,,既存,,,,,,,,,001049006002000000000000000000,部門
株式会社やさしい手,会計系販売系サブシステム,00002,会計系販売系組織体系,2025/11/1,5 ,課,208303,荻窪支援,4 ,20302020,2024/3/1,9999/12/31,荻窪居宅介護支援部門,荻窪支援,ｵｷﾞｸﾎﾞｶｲｺﾞｼｴﾝｶ,,,,直接部門,,,,03-5335-5881,03-5335-5883,,,既存,,,,,,,,,001049006002001000000000000000,計上部門
株式会社やさしい手,会計系販売系サブシステム,00002,会計系販売系組織体系,2025/11/1,4 ,部,5406,居宅支援第6ｴﾘｱ,3 ,208304,2024/3/1,9999/12/31,新宿居宅介護支援拠点,新宿支援,ｼﾝｼﾞｭｸｶｲｺﾞｼｴﾝｷｮﾃﾝ,,,,その他,,,,,,,,既存,,,,,,,,,001049006003000000000000000000,部門
株式会社やさしい手,会計系販売系サブシステム,00002,会計系販売系組織体系,2025/11/1,5 ,課,208304,新宿支援,4 ,20303020,2024/3/1,9999/12/31,新宿居宅介護支援部門,新宿支援,ｼﾝｼﾞｭｸｶｲｺﾞｼｴﾝﾌﾞﾓﾝ,,,,直接部門,,,,03-5337-2370,03-5337-3260,,,既存,,,,,,,,,001049006003001000000000000000,計上部門
株式会社やさしい手,会計系販売系サブシステム,00002,会計系販売系組織体系,2025/11/1,4 ,部,5406,居宅支援第6ｴﾘｱ,3 ,208308,2024/3/1,9999/12/31,杉並区地域包括支援ｾﾝﾀｰ　ｹｱ24上荻,杉並区包括支援,ｽｷﾞﾅﾐｸﾁｲｷﾎｳｶﾂｼｴﾝｾﾝﾀｰ,,,,その他,,,,,,,,既存,,,,,,,,,001049006004000000000000000000,部門
株式会社やさしい手,会計系販売系サブシステム,00002,会計系販売系組織体系,2025/11/1,5 ,課,208308,杉並区包括支援,4 ,20302025,2024/3/1,9999/12/31,杉並区地域包括支援ｾﾝﾀｰ　ｹｱ24上荻,杉並区包括支援,ｽｷﾞﾅﾐｸﾁｲｷﾎｳｶﾂｼｴﾝｾﾝﾀｰ,,,,直接部門,,,,03-5303-6851,03-5303-6853,,,既存,,,,,,,,,001049006004001000000000000000,計上部門
株式会社やさしい手,会計系販売系サブシステム,00002,会計系販売系組織体系,2025/11/1,4 ,部,5406,居宅支援第6ｴﾘｱ,3 ,208309,2024/3/1,9999/12/31,新宿区落合第二高齢者総合相談ｾﾝﾀｰ,新宿区包括支援,ｼﾝｼﾞｭｸｸｵﾁｱｲﾀﾞｲﾆｺｳﾚｲｼ,,,,その他,,,,,,,,既存,,,,,,,,,001049006005000000000000000000,部門
株式会社やさしい手,会計系販売系サブシステム,00002,会計系販売系組織体系,2025/11/1,5 ,課,208309,新宿区包括支援,4 ,20304025,2024/3/1,9999/12/31,新宿区落合第二高齢者総合相談ｾﾝﾀｰ,新宿区包括支援,ｼﾝｼﾞｭｸｸｵﾁｱｲﾀﾞｲﾆｺｳﾚｲｼ,,,,直接部門,,,,03-5348-5566,03-5348-5567,,,既存,,,,,,,,,001049006005001000000000000000,計上部門
株式会社やさしい手,会計系販売系サブシステム,00002,会計系販売系組織体系,2025/11/1,4 ,部,5406,居宅支援第6ｴﾘｱ,3 ,208312,2024/3/1,9999/12/31,三鷹居宅介護支援拠点,三鷹支援,ﾐﾀｶｶｲｺﾞｼｴﾝｷｮﾃﾝ,,,,その他,,,,,,,,既存,,,,,,,,,001049006006000000000000000000,部門
株式会社やさしい手,会計系販売系サブシステム,00002,会計系販売系組織体系,2025/11/1,5 ,課,208312,三鷹支援,4 ,20401020,2024/3/1,9999/12/31,三鷹居宅介護支援部門,三鷹支援,ﾐﾀｶｶｲｺﾞｼｴﾝﾌﾞﾓﾝ,,,,直接部門,,,,0422-41-1832,0422-41-1430,,,既存,,,,,,,,,001049006006001000000000000000,計上部門
株式会社やさしい手,会計系販売系サブシステム,00002,会計系販売系組織体系,2025/11/1,4 ,部,5406,居宅支援第6ｴﾘｱ,3 ,208313,2024/3/1,9999/12/31,三鷹北野居宅介護支援拠点,三鷹北野支援,ﾐﾀｶｷﾀﾉｶｲｺﾞｼｴﾝｶ,,,,その他,,,,,,,,既存,,,,,,,,,001049006007000000000000000000,部門
株式会社やさしい手,会計系販売系サブシステム,00002,会計系販売系組織体系,2025/11/1,5 ,課,208313,三鷹北野支援,4 ,20401520,2024/3/1,9999/12/31,三鷹北野居宅介護支援部門,三鷹北野支援,ﾐﾀｶｷﾀﾉｶｲｺﾞｼｴﾝｶ,,,,直接部門,,,,,,,,既存,,,,,,,,,001049006007001000000000000000,計上部門
株式会社やさしい手,会計系販売系サブシステム,00002,会計系販売系組織体系,2025/11/1,4 ,部,5406,居宅支援第6ｴﾘｱ,3 ,208316,2024/3/1,9999/12/31,日野南平居宅介護支援拠点,日野南平支援,ﾋﾉﾐﾅﾐﾀﾞｲﾗｼｴﾝ,,,,その他,,,,,,,,既存,,,,,,,,,001049006008000000000000000000,部門
株式会社やさしい手,会計系販売系サブシステム,00002,会計系販売系組織体系,2025/11/1,5 ,課,208316,日野南平支援,4 ,20981010,2024/3/1,9999/12/31,日野南平居宅介護支援部門,日野南平支援,ﾋﾉﾐﾅﾐﾀﾞｲﾗｼｴﾝ,,,,直接部門,,,,,,,,既存,,,,,,,,,001049006008001000000000000000,計上部門
株式会社やさしい手,会計系販売系サブシステム,00002,会計系販売系組織体系,2025/11/1,4 ,部,5406,居宅支援第6ｴﾘｱ,3 ,208320,2024/3/1,9999/12/31,武蔵境居宅介護支援拠点,武蔵境支援,ﾑｻｼｻｶｲｷｮﾀｸｶｲｺﾞｼｴﾝ,,,,その他,,,,,,,,既存,,,,,,,,,001049006009000000000000000000,部門
株式会社やさしい手,会計系販売系サブシステム,00002,会計系販売系組織体系,2025/11/1,5 ,課,208320,武蔵境支援,4 ,20832020,2024/3/1,9999/12/31,武蔵境居宅介護支援部門,武蔵境支援,ﾑｻｼｻｶｲｼｴﾝ,,,,直接部門,,,,,,,,既存,,,,,,,,,001049006009001000000000000000,計上部門
株式会社やさしい手,会計系販売系サブシステム,00002,会計系販売系組織体系,2025/11/1,4 ,部,5406,居宅支援第6ｴﾘｱ,3 ,208705,2024/3/1,9999/12/31,目黒区北部包括支援ｾﾝﾀｰ,目黒区包括支援,ﾒｸﾞﾛｸﾎｸﾌﾞﾎｳｶﾂｼｴﾝｾﾝﾀｰ,,,,その他,,,,,,,,既存,,,,,,,,,001049006010000000000000000000,部門
株式会社やさしい手,会計系販売系サブシステム,00002,会計系販売系組織体系,2025/11/1,5 ,課,208705,目黒区包括支援,4 ,20101025,2024/3/1,9999/12/31,目黒区北部包括支援ｾﾝﾀｰ,目黒区包括支援,ﾒｸﾞﾛｸﾎｸﾌﾞﾎｳｶﾂｼｴﾝｾﾝﾀｰ,,,,直接部門,,,,03-5428-6891,03-3496-5215,,,既存,,,,,,,,,001049006010001000000000000000,計上部門
株式会社やさしい手,会計系販売系サブシステム,00002,会計系販売系組織体系,2025/11/1,4 ,部,5406,居宅支援第6ｴﾘｱ,3 ,352002,2024/3/1,9999/12/31,川口横曽根地域包括支援ｾﾝﾀｰ,川口横包括支援,ｶﾜｸﾞﾁﾖｺｿﾈﾁｲｷﾎｳｶﾂｼｴﾝ,,,,その他,,,,,,,,既存,,,,,,,,,001049006011000000000000000000,部門
株式会社やさしい手,会計系販売系サブシステム,00002,会計系販売系組織体系,2025/11/1,5 ,課,352002,川口横包括支援,4 ,20252025,2024/3/1,9999/12/31,川口横曽根地域包括支援ｾﾝﾀｰ,川口横包括支援,ｶﾜｸﾞﾁﾖｺｿﾈﾁｲｷﾎｳｶﾂｼｴﾝ,,,,直接部門,,,,048-250-4311,048-250-4312,,,既存,,,,,,,,,001049006011001000000000000000,計上部門
株式会社やさしい手,会計系販売系サブシステム,00002,会計系販売系組織体系,2025/11/1,4 ,部,5406,居宅支援第6ｴﾘｱ,3 ,352003,2024/3/1,9999/12/31,川口市戸塚地域包括支援ｾﾝﾀｰ,川口戸塚包括支援,ｶﾜｸﾞﾁｼﾄﾂｶﾁｲｷﾎｳｶﾂｼｴﾝ,,,,その他,,,,,,,,既存,,,,,,,,,001049006012000000000000000000,部門
株式会社やさしい手,会計系販売系サブシステム,00002,会計系販売系組織体系,2025/11/1,5 ,課,352003,川口戸塚包括支援,4 ,20253025,2024/3/1,9999/12/31,川口市戸塚地域包括支援ｾﾝﾀｰ,川口戸塚包括支援,ｶﾜｸﾞﾁｼﾄﾂｶﾁｲｷﾎｳｶﾂｼｴﾝ,,,,直接部門,,,,048-291-0037,048-291-0038,,,既存,,,,,,,,,001049006012001000000000000000,計上部門
株式会社やさしい手,会計系販売系サブシステム,00002,会計系販売系組織体系,2025/11/1,4 ,部,5406,居宅支援第6ｴﾘｱ,3 ,352011,2024/3/1,9999/12/31,川口戸塚西包括支援センター,川口戸塚西包括支援,ｶﾜｸﾞﾁﾄﾂｶﾆｼﾎｳｶﾂｼｴﾝ,,,,その他,,,,,,,,既存,,,,,,,,,001049006013000000000000000000,部門
株式会社やさしい手,会計系販売系サブシステム,00002,会計系販売系組織体系,2025/11/1,5 ,課,352011,川口戸塚西包括支援,4 ,20923020,2024/3/1,9999/12/31,川口戸塚西包括支援センター,川口戸塚西包括支援,ｶﾜｸﾞﾁﾄﾂｶﾆｼﾎｳｶﾂｼｴﾝ,,,,直接部門,,,,,,,,既存,,,,,,,,,001049006013001000000000000000,計上部門
株式会社やさしい手,会計系販売系サブシステム,00002,会計系販売系組織体系,2025/11/1,4 ,部,5406,居宅支援第6ｴﾘｱ,3 ,352080,2024/3/1,9999/12/31,蕨市第三地域包括支援センター,蕨市第三包括支援,ﾜﾗﾋﾞｼﾀﾞｲｻﾝﾎｳｶﾂｼｴﾝ,,,,その他,,,,,,,,既存,,,,,,,,,001049006014000000000000000000,部門
株式会社やさしい手,会計系販売系サブシステム,00002,会計系販売系組織体系,2025/11/1,5 ,課,352080,蕨市第三包括支援,4 ,35208010,2024/3/1,9999/12/31,蕨市第三地域包括支援センター,蕨市第三包括支援,ﾜﾗﾋﾞｼﾀﾞｲｻﾝﾎｳｶﾂｼｴﾝ,,,,直接部門,,,,,,,,既存,,,,,,,,,001049006014001000000000000000,計上部門
株式会社やさしい手,会計系販売系サブシステム,00002,会計系販売系組織体系,2025/11/1,4 ,部,5406,居宅支援第6ｴﾘｱ,3 ,540601,2024/3/1,9999/12/31,居宅支援第6ｴﾘｱ統括課,居宅支援第6ｴﾘｱ統括課,ｷｮﾀｸｼｴﾝﾀﾞｲﾛｸｴﾘｱﾄｳｶﾂｶ,,,,その他,,,,,,,,既存,,,,,,,,,001049006015000000000000000000,部門
株式会社やさしい手,会計系販売系サブシステム,00002,会計系販売系組織体系,2025/11/1,5 ,課,540601,居宅支援第6ｴﾘｱ統括課,4 ,54060101,2024/3/1,9999/12/31,居宅支援第6ｴﾘｱ統括課,居宅支援第6ｴﾘｱ統括課,ｷｮﾀｸｼｴﾝﾀﾞｲﾛｸｴﾘｱﾄｳｶﾂｶ,,,,間接部門,,,,,,,,既存,,,,,,,,,001049006015001000000000000000,計上部門
株式会社やさしい手,会計系販売系サブシステム,00002,会計系販売系組織体系,2025/11/1,3 ,本　部,54,居宅支援ｻｰﾋﾞｽﾗｲﾝ,2 ,5410,2024/3/1,9999/12/31,居宅支援ｻｰﾋﾞｽﾗｲﾝ統括部,居支ｻｰﾋﾞｽﾗｲﾝ統括部,ｷｮﾀｸｼｴﾝｻｰﾋﾞｽﾗｲﾝﾄｳｶﾂﾌﾞ,,,,その他,,,,,,,,既存,,,,,,,,,001049007000000000000000000000,部門
株式会社やさしい手,会計系販売系サブシステム,00002,会計系販売系組織体系,2025/11/1,4 ,部,5410,居支ｻｰﾋﾞｽﾗｲﾝ統括部,3 ,541001,2024/3/1,9999/12/31,居宅支援ｻｰﾋﾞｽﾗｲﾝ統括課,居支ｻｰﾋﾞｽﾗｲﾝ統括課,ｷｮﾀｸｼｴﾝｻｰﾋﾞｽﾗｲﾝﾄｳｶﾂｶ,,,,その他,,,,,,,,既存,,,,,,,,,001049007001000000000000000000,部門
株式会社やさしい手,会計系販売系サブシステム,00002,会計系販売系組織体系,2025/11/1,5 ,課,541001,居支ｻｰﾋﾞｽﾗｲﾝ統括課,4 ,54100101,2024/3/1,9999/12/31,居宅支援ｻｰﾋﾞｽﾗｲﾝ統括課,居支ｻｰﾋﾞｽﾗｲﾝ統括課,ｷｮﾀｸｼｴﾝｻｰﾋﾞｽﾗｲﾝﾄｳｶﾂｶ,,,,間接部門,,,,,,,,既存,,,,,,,,,001049007001001000000000000000,計上部門
株式会社やさしい手,会計系販売系サブシステム,00002,会計系販売系組織体系,2025/11/1,2 ,本社／支社,0000000000,全社,1 ,55,2024/3/1,9999/12/31,通所介護ｻｰﾋﾞｽﾗｲﾝ,通所介護ｻｰﾋﾞｽﾗｲﾝ,ﾂｳｼｮｶｲｺﾞｻｰﾋﾞｽﾗｲﾝ,,,,その他,,,,,,,,既存,,,,,,,,,001050000000000000000000000000,部門
株式会社やさしい手,会計系販売系サブシステム,00002,会計系販売系組織体系,2025/11/1,3 ,本　部,55,通所介護ｻｰﾋﾞｽﾗｲﾝ,2 ,5501,2024/3/1,9999/12/31,通所介護第1ｴﾘｱ,通所介護第1ｴﾘｱ,ﾂｳｼｮｶｲｺﾞﾀﾞｲｲﾁｴﾘｱ,,,,その他,,,,,,,,既存,,,,,,,,,001050001000000000000000000000,部門
株式会社やさしい手,会計系販売系サブシステム,00002,会計系販売系組織体系,2025/11/1,4 ,部,5501,通所介護第1ｴﾘｱ,3 ,201070,2024/3/1,9999/12/31,八雲ゆめふる,ﾃﾞｲ八雲,ﾃﾞｲﾔｸﾞﾓ,,,,その他,,,,,,,,既存,,,,,,,,,001050001001000000000000000000,部門
株式会社やさしい手,会計系販売系サブシステム,00002,会計系販売系組織体系,2025/11/1,5 ,課,201070,ﾃﾞｲ八雲,4 ,20107060,2024/3/1,9999/12/31,八雲ゆめふる,ﾃﾞｲ八雲,ﾃﾞｲﾔｸﾞﾓ,,,,直接部門,,,,,,,,既存,,,,,,,,,001050001001001000000000000000,計上部門
株式会社やさしい手,会計系販売系サブシステム,00002,会計系販売系組織体系,2025/11/1,4 ,部,5501,通所介護第1ｴﾘｱ,3 ,201370,2024/3/1,9999/12/31,荏原ゆめふる,ﾃﾞｲ荏原,ﾃﾞｲｴﾊﾞﾗ,,,,その他,,,,,,,,既存,,,,,,,,,001050001002000000000000000000,部門
株式会社やさしい手,会計系販売系サブシステム,00002,会計系販売系組織体系,2025/11/1,5 ,課,201370,ﾃﾞｲ荏原,4 ,20137060,2024/3/1,9999/12/31,荏原ゆめふる,ﾃﾞｲ荏原,ﾃﾞｲｴﾊﾞﾗ,,,,直接部門,,,,,,,,既存,,,,,,,,,001050001002001000000000000000,計上部門
株式会社やさしい手,会計系販売系サブシステム,00002,会計系販売系組織体系,2025/11/1,4 ,部,5501,通所介護第1ｴﾘｱ,3 ,201470,2024/3/1,9999/12/31,【使用不可】原宿の丘ﾃﾞｲ,【不】ﾃﾞｲ原宿の丘,ﾃﾞｲﾊﾗｼﾞｭｸﾉｵｶ,,,,その他,,,,,,,,既存,,,,,,,,,001050001003000000000000000000,部門
株式会社やさしい手,会計系販売系サブシステム,00002,会計系販売系組織体系,2025/11/1,5 ,課,201470,【不】ﾃﾞｲ原宿の丘,4 ,20147060,2024/3/1,9999/12/31,【使用不可】原宿の丘ﾃﾞｲ,【不】ﾃﾞｲ原宿の丘,ﾃﾞｲﾊﾗｼﾞｭｸﾉｵｶ,,,,直接部門,,,,,,,,既存,,,,,,,,,001050001003001000000000000000,計上部門
株式会社やさしい手,会計系販売系サブシステム,00002,会計系販売系組織体系,2025/11/1,5 ,課,201470,【不】ﾃﾞｲ原宿の丘,4 ,20147560,2024/3/1,9999/12/31,【使用不可】原宿の丘認知症ﾃﾞｲ,【不】認知症ﾃﾞｲ原宿,ﾆﾝﾁｼｮｳﾃﾞｲﾊﾗｼﾞｭｸﾉｵｶ,,,,直接部門,,,,,,,,既存,,,,,,,,,001050001003002000000000000000,計上部門
株式会社やさしい手,会計系販売系サブシステム,00002,会計系販売系組織体系,2025/11/1,4 ,部,5501,通所介護第1ｴﾘｱ,3 ,202070,2024/3/1,9999/12/31,小岩ゆめふる,ﾃﾞｲ小岩,ﾃﾞｲｺｲﾜ,,,,その他,,,,,,,,既存,,,,,,,,,001050001006000000000000000000,部門
株式会社やさしい手,会計系販売系サブシステム,00002,会計系販売系組織体系,2025/11/1,5 ,課,202070,ﾃﾞｲ小岩,4 ,20207060,2024/3/1,9999/12/31,小岩ゆめふる,ﾃﾞｲ小岩,ﾃﾞｲｺｲﾜ,,,,直接部門,,,,,,,,既存,,,,,,,,,001050001006001000000000000000,計上部門
株式会社やさしい手,会計系販売系サブシステム,00002,会計系販売系組織体系,2025/11/1,4 ,部,5501,通所介護第1ｴﾘｱ,3 ,550101,2024/3/1,9999/12/31,通所介護第1ｴﾘｱ統括課,通所介護第1ｴﾘｱ統括課,ﾂｳｼｮｶｲｺﾞﾀﾞｲｲﾁｴﾘｱﾄｳｶﾂｶ,,,,その他,,,,,,,,既存,,,,,,,,,001050001010000000000000000000,部門
株式会社やさしい手,会計系販売系サブシステム,00002,会計系販売系組織体系,2025/11/1,5 ,課,550101,通所介護第1ｴﾘｱ統括課,4 ,55010101,2024/3/1,9999/12/31,通所介護第1ｴﾘｱ統括課,通所介護第1ｴﾘｱ統括課,ﾂｳｼｮｶｲｺﾞﾀﾞｲｲﾁｴﾘｱﾄｳｶﾂｶ,,,,間接部門,,,,,,,,既存,,,,,,,,,001050001010001000000000000000,計上部門
株式会社やさしい手,会計系販売系サブシステム,00002,会計系販売系組織体系,2025/11/1,4 ,部,5501,通所介護第1ｴﾘｱ,3 ,902030,2024/4/1,9999/12/31,南佐津間ゆめふる,ﾃﾞｲ南佐津間,ﾃﾞｲﾐﾅﾐｻﾂﾏ,,,,その他,,,,,,,,既存,,,,,,,,,001050001013000000000000000000,部門
株式会社やさしい手,会計系販売系サブシステム,00002,会計系販売系組織体系,2025/11/1,5 ,課,902030,ﾃﾞｲ南佐津間,4 ,90203010,2024/4/1,9999/12/31,南佐津間ゆめふる,ﾃﾞｲ南佐津間,ﾃﾞｲﾐﾅﾐｻﾂﾏ,,,,直接部門,,,,,,,,既存,,,,,,,,,001050001013001000000000000000,計上部門
株式会社やさしい手,会計系販売系サブシステム,00002,会計系販売系組織体系,2025/11/1,4 ,部,5501,通所介護第1ｴﾘｱ,3 ,201870,2024/10/1,9999/12/31,駒場ゆめふる,ﾃﾞｲ駒場,ﾃﾞｲｺﾏﾊﾞ,,,,その他,,,,,,,,既存,,,,,,,,,001050001014000000000000000000,部門
株式会社やさしい手,会計系販売系サブシステム,00002,会計系販売系組織体系,2025/11/1,5 ,課,201870,ﾃﾞｲ駒場,4 ,20187060,2024/10/1,9999/12/31,駒場ゆめふる,ﾃﾞｲ駒場,ﾃﾞｲｺﾏﾊﾞ,,,,直接部門,,,,,,,,既存,,,,,,,,,001050001014001000000000000000,計上部門
株式会社やさしい手,会計系販売系サブシステム,00002,会計系販売系組織体系,2025/11/1,4 ,部,5501,通所介護第1ｴﾘｱ,3 ,201570,2025/7/1,9999/12/31,代沢ゆめふる,ﾃﾞｲ代沢,ﾃﾞｲﾀﾞｲｻﾞﾜ,,,,その他,,,,,,,,既存,,,,,,,,,001050001015000000000000000000,部門
株式会社やさしい手,会計系販売系サブシステム,00002,会計系販売系組織体系,2025/11/1,5 ,課,201570,ﾃﾞｲ代沢,4 ,20157060,2025/7/1,9999/12/31,代沢ゆめふる,ﾃﾞｲ代沢,ﾃﾞｲﾀﾞｲｻﾞﾜ,,,,直接部門,,,,,,,,既存,,,,,,,,,001050001015001000000000000000,計上部門
株式会社やさしい手,会計系販売系サブシステム,00002,会計系販売系組織体系,2025/11/1,4 ,部,5501,通所介護第1ｴﾘｱ,3 ,203570,2025/7/1,9999/12/31,白鷺ゆめふる,ﾃﾞｲ白鷺,ﾃﾞｲｼﾗｻｷﾞ,,,,その他,,,,,,,,既存,,,,,,,,,001050001016000000000000000000,部門
株式会社やさしい手,会計系販売系サブシステム,00002,会計系販売系組織体系,2025/11/1,5 ,課,203570,ﾃﾞｲ白鷺,4 ,20357060,2025/7/1,9999/12/31,白鷺ゆめふる,ﾃﾞｲ白鷺,ﾃﾞｲｼﾗｻｷﾞ,,,,直接部門,,,,,,,,既存,,,,,,,,,001050001016001000000000000000,計上部門
株式会社やさしい手,会計系販売系サブシステム,00002,会計系販売系組織体系,2025/11/1,4 ,部,5501,通所介護第1ｴﾘｱ,3 ,209301,2025/7/1,9999/12/31,天沼ゆめふる,ﾃﾞｲ天沼,ﾃﾞｲｱﾏﾇﾏ,,,,その他,,,,,,,,既存,,,,,,,,,001050001017000000000000000000,部門
株式会社やさしい手,会計系販売系サブシステム,00002,会計系販売系組織体系,2025/11/1,5 ,課,209301,ﾃﾞｲ天沼,4 ,20307060,2025/7/1,9999/12/31,天沼ゆめふる,ﾃﾞｲ天沼,ﾃﾞｲｱﾏﾇﾏ,,,,直接部門,,,,,,,,既存,,,,,,,,,001050001017001000000000000000,計上部門
株式会社やさしい手,会計系販売系サブシステム,00002,会計系販売系組織体系,2025/11/1,4 ,部,5501,通所介護第1ｴﾘｱ,3 ,455060,2025/7/1,9999/12/31,長岡ゆめふる,ﾃﾞｲ長岡,ﾃﾞｲﾅｶﾞｵｶ,,,,その他,,,,,,,,既存,,,,,,,,,001050001018000000000000000000,部門
株式会社やさしい手,会計系販売系サブシステム,00002,会計系販売系組織体系,2025/11/1,5 ,課,455060,ﾃﾞｲ長岡,4 ,45506010,2025/7/1,9999/12/31,長岡ゆめふる,ﾃﾞｲ長岡,ﾃﾞｲﾅｶﾞｵｶ,,,,直接部門,,,,,,,,既存,,,,,,,,,001050001018001000000000000000,計上部門
株式会社やさしい手,会計系販売系サブシステム,00002,会計系販売系組織体系,2025/11/1,4 ,部,5501,通所介護第1ｴﾘｱ,3 ,455080,2025/7/1,9999/12/31,盛岡ゆめふる,ﾃﾞｲ盛岡,ﾃﾞｲﾓﾘｵｶ,,,,その他,,,,,,,,既存,,,,,,,,,001050001019000000000000000000,部門
株式会社やさしい手,会計系販売系サブシステム,00002,会計系販売系組織体系,2025/11/1,5 ,課,455080,ﾃﾞｲ盛岡,4 ,45508010,2025/7/1,9999/12/31,盛岡ゆめふる,ﾃﾞｲ盛岡,ﾃﾞｲﾓﾘｵｶ,,,,直接部門,,,,,,,,既存,,,,,,,,,001050001019001000000000000000,計上部門
株式会社やさしい手,会計系販売系サブシステム,00002,会計系販売系組織体系,2025/11/1,3 ,本　部,55,通所介護ｻｰﾋﾞｽﾗｲﾝ,2 ,5502,2024/3/1,9999/12/31,通所介護第2ｴﾘｱ,通所介護第2ｴﾘｱ,ﾂｳｼｮｶｲｺﾞﾀﾞｲﾆｴﾘｱ,,,,その他,,,,,,,,既存,,,,,,,,,001050002000000000000000000000,部門
株式会社やさしい手,会計系販売系サブシステム,00002,会計系販売系組織体系,2025/11/1,4 ,部,5502,通所介護第2ｴﾘｱ,3 ,203670,2024/3/1,9999/12/31,調布ゆめふる,ﾃﾞｲ調布,ﾃﾞｲﾁｮｳﾌ,,,,その他,,,,,,,,既存,,,,,,,,,001050002002000000000000000000,部門
株式会社やさしい手,会計系販売系サブシステム,00002,会計系販売系組織体系,2025/11/1,5 ,課,203670,ﾃﾞｲ調布,4 ,20367060,2024/3/1,9999/12/31,調布ゆめふる,ﾃﾞｲ調布,ﾃﾞｲﾁｮｳﾌ,,,,直接部門,,,,,,,,既存,,,,,,,,,001050002002001000000000000000,計上部門
株式会社やさしい手,会計系販売系サブシステム,00002,会計系販売系組織体系,2025/11/1,4 ,部,5502,通所介護第2ｴﾘｱ,3 ,204070,2024/3/1,9999/12/31,小平ゆめふる,ﾃﾞｲ小平,ﾃﾞｲｺﾀﾞｲﾗ,,,,その他,,,,,,,,既存,,,,,,,,,001050002003000000000000000000,部門
株式会社やさしい手,会計系販売系サブシステム,00002,会計系販売系組織体系,2025/11/1,5 ,課,204070,ﾃﾞｲ小平,4 ,20407060,2024/3/1,9999/12/31,小平ゆめふる,ﾃﾞｲ小平,ﾃﾞｲｺﾀﾞｲﾗ,,,,直接部門,,,,,,,,既存,,,,,,,,,001050002003001000000000000000,計上部門
株式会社やさしい手,会計系販売系サブシステム,00002,会計系販売系組織体系,2025/11/1,4 ,部,5502,通所介護第2ｴﾘｱ,3 ,205570,2024/3/1,9999/12/31,多摩ﾆｭｰﾀｳﾝゆめふる,ﾃﾞｲ多摩ﾆｭｰﾀｳﾝ,ﾃﾞｲﾀﾏﾆｭｰﾀｳﾝ,,,,その他,,,,,,,,既存,,,,,,,,,001050002004000000000000000000,部門
株式会社やさしい手,会計系販売系サブシステム,00002,会計系販売系組織体系,2025/11/1,5 ,課,205570,ﾃﾞｲ多摩ﾆｭｰﾀｳﾝ,4 ,20557060,2024/3/1,9999/12/31,多摩ﾆｭｰﾀｳﾝゆめふる,ﾃﾞｲ多摩ﾆｭｰﾀｳﾝ,ﾃﾞｲﾀﾏﾆｭｰﾀｳﾝ,,,,直接部門,,,,,,,,既存,,,,,,,,,001050002004001000000000000000,計上部門
株式会社やさしい手,会計系販売系サブシステム,00002,会計系販売系組織体系,2025/11/1,4 ,部,5502,通所介護第2ｴﾘｱ,3 ,208070,2024/3/1,9999/12/31,烏山ゆめふる,ﾃﾞｲ烏山,ﾃﾞｲｶﾗｽﾔﾏ,,,,その他,,,,,,,,既存,,,,,,,,,001050002005000000000000000000,部門
株式会社やさしい手,会計系販売系サブシステム,00002,会計系販売系組織体系,2025/11/1,5 ,課,208070,ﾃﾞｲ烏山,4 ,20807060,2024/3/1,9999/12/31,烏山ゆめふる,ﾃﾞｲ烏山,ﾃﾞｲｶﾗｽﾔﾏ,,,,直接部門,,,,,,,,既存,,,,,,,,,001050002005001000000000000000,計上部門
株式会社やさしい手,会計系販売系サブシステム,00002,会計系販売系組織体系,2025/11/1,4 ,部,5502,通所介護第2ｴﾘｱ,3 ,208570,2024/3/1,9999/12/31,東松原ゆめふる,ﾃﾞｲ東松原,ﾃﾞｲﾋｶﾞｼﾏﾂﾊﾞﾗ,,,,直接部門,,,,,,,,既存,,,,,,,,,001050002006000000000000000000,部門
株式会社やさしい手,会計系販売系サブシステム,00002,会計系販売系組織体系,2025/11/1,5 ,課,208570,ﾃﾞｲ東松原,4 ,20857060,2024/3/1,9999/12/31,東松原ゆめふる,ﾃﾞｲ東松原,ﾃﾞｲﾋｶﾞｼﾏﾂﾊﾞﾗ,,,,直接部門,,,,,,,,既存,,,,,,,,,001050002006001000000000000000,計上部門
株式会社やさしい手,会計系販売系サブシステム,00002,会計系販売系組織体系,2025/11/1,4 ,部,5502,通所介護第2ｴﾘｱ,3 ,209070,2024/3/1,9999/12/31,上板橋ゆめふる,ﾃﾞｲ上板橋,ﾃﾞｲｶﾐｲﾀﾊﾞｼ,,,,その他,,,,,,,,既存,,,,,,,,,001050002007000000000000000000,部門
株式会社やさしい手,会計系販売系サブシステム,00002,会計系販売系組織体系,2025/11/1,5 ,課,209070,ﾃﾞｲ上板橋,4 ,20907060,2024/3/1,9999/12/31,上板橋ゆめふる,ﾃﾞｲ上板橋,ﾃﾞｲｶﾐｲﾀﾊﾞｼ,,,,直接部門,,,,,,,,既存,,,,,,,,,001050002007001000000000000000,計上部門
株式会社やさしい手,会計系販売系サブシステム,00002,会計系販売系組織体系,2025/11/1,4 ,部,5502,通所介護第2ｴﾘｱ,3 ,550201,2024/3/1,9999/12/31,通所介護第2ｴﾘｱ統括課,通所介護第2ｴﾘｱ統括課,ﾂｳｼｮｶｲｺﾞﾀﾞｲﾆｴﾘｱﾄｳｶﾂｶ,,,,その他,,,,,,,,既存,,,,,,,,,001050002009000000000000000000,部門
株式会社やさしい手,会計系販売系サブシステム,00002,会計系販売系組織体系,2025/11/1,5 ,課,550201,通所介護第2ｴﾘｱ統括課,4 ,55020101,2024/3/1,9999/12/31,通所介護第2ｴﾘｱ統括課,通所介護第2ｴﾘｱ統括課,ﾂｳｼｮｶｲｺﾞﾀﾞｲﾆｴﾘｱﾄｳｶﾂｶ,,,,間接部門,,,,,,,,既存,,,,,,,,,001050002009001000000000000000,計上部門
株式会社やさしい手,会計系販売系サブシステム,00002,会計系販売系組織体系,2025/11/1,4 ,部,5502,通所介護第2ｴﾘｱ,3 ,353030,2024/4/1,9999/12/31,川口ゆめふる,ﾃﾞｲ川口,ﾃﾞｲｶﾜｸﾞﾁ,,,,その他,,,,,,,,既存,,,,,,,,,001050002012000000000000000000,部門
株式会社やさしい手,会計系販売系サブシステム,00002,会計系販売系組織体系,2025/11/1,5 ,課,353030,ﾃﾞｲ川口,4 ,20252060,2024/4/1,9999/12/31,川口ゆめふる,ﾃﾞｲ川口,ﾃﾞｲｶﾜｸﾞﾁ,,,,直接部門,,,,,,,,既存,,,,,,,,,001050002012001000000000000000,計上部門
株式会社やさしい手,会計系販売系サブシステム,00002,会計系販売系組織体系,2025/11/1,4 ,部,5502,通所介護第2ｴﾘｱ,3 ,205070,2025/7/1,9999/12/31,横浜ｾﾝﾀｰ南ゆめふる,ﾃﾞｲ横浜ｾﾝﾀｰ南,ﾃﾞｲﾖｺﾊﾏｾﾝﾀｰﾐﾅﾐ,,,,その他,,,,,,,,既存,,,,,,,,,001050002013000000000000000000,部門
株式会社やさしい手,会計系販売系サブシステム,00002,会計系販売系組織体系,2025/11/1,5 ,課,205070,ﾃﾞｲ横浜ｾﾝﾀｰ南,4 ,20507060,2025/7/1,9999/12/31,横浜ｾﾝﾀｰ南ゆめふる,ﾃﾞｲ横浜ｾﾝﾀｰ南,ﾃﾞｲﾖｺﾊﾏｾﾝﾀｰﾐﾅﾐ,,,,直接部門,,,,,,,,既存,,,,,,,,,001050002013001000000000000000,計上部門
株式会社やさしい手,会計系販売系サブシステム,00002,会計系販売系組織体系,2025/11/1,4 ,部,5502,通所介護第2ｴﾘｱ,3 ,206070,2025/7/1,9999/12/31,五月が丘ゆめふる,ﾃﾞｲ五月が丘,ﾃﾞｲｻﾂｷｶﾞｵｶ,,,,その他,,,,,,,,既存,,,,,,,,,001050002014000000000000000000,部門
株式会社やさしい手,会計系販売系サブシステム,00002,会計系販売系組織体系,2025/11/1,5 ,課,206070,ﾃﾞｲ五月が丘,4 ,20607060,2025/7/1,9999/12/31,五月が丘ゆめふる,ﾃﾞｲ五月が丘,ﾃﾞｲｻﾂｷｶﾞｵｶ,,,,直接部門,,,,,,,,既存,,,,,,,,,001050002014001000000000000000,計上部門
株式会社やさしい手,会計系販売系サブシステム,00002,会計系販売系組織体系,2025/11/1,4 ,部,5502,通所介護第2ｴﾘｱ,3 ,209270,2025/7/1,9999/12/31,美しが丘ゆめふる,ﾃﾞｲ美しが丘,ﾃﾞｲｳﾂｸｼｶﾞｵｶ,,,,その他,,,,,,,,既存,,,,,,,,,001050002015000000000000000000,部門
株式会社やさしい手,会計系販売系サブシステム,00002,会計系販売系組織体系,2025/11/1,5 ,課,209270,ﾃﾞｲ美しが丘,4 ,20927060,2025/7/1,9999/12/31,美しが丘ゆめふる,ﾃﾞｲ美しが丘,ﾃﾞｲｳﾂｸｼｶﾞｵｶ,,,,直接部門,,,,,,,,既存,,,,,,,,,001050002015001000000000000000,計上部門
株式会社やさしい手,会計系販売系サブシステム,00002,会計系販売系組織体系,2025/11/1,4 ,部,5502,通所介護第2ｴﾘｱ,3 ,902010,2025/7/1,9999/12/31,東辻井ゆめふる,ﾃﾞｲ東辻井,ﾃﾞｲﾋｶﾞｼﾂｼﾞｲ,,,,その他,,,,,,,,既存,,,,,,,,,001050002016000000000000000000,部門
株式会社やさしい手,会計系販売系サブシステム,00002,会計系販売系組織体系,2025/11/1,5 ,課,902010,ﾃﾞｲ東辻井,4 ,90201010,2025/7/1,9999/12/31,東辻井ゆめふる,ﾃﾞｲ東辻井,ﾃﾞｲﾋｶﾞｼﾂｼﾞｲ,,,,直接部門,,,,,,,,既存,,,,,,,,,001050002016001000000000000000,計上部門
株式会社やさしい手,会計系販売系サブシステム,00002,会計系販売系組織体系,2025/11/1,4 ,部,5502,通所介護第2ｴﾘｱ,3 ,902020,2025/7/1,9999/12/31,飾磨恵美酒ゆめふる,ﾃﾞｲ飾磨恵美酒,ﾃﾞｲｼｶﾏ,,,,その他,,,,,,,,既存,,,,,,,,,001050002017000000000000000000,部門
株式会社やさしい手,会計系販売系サブシステム,00002,会計系販売系組織体系,2025/11/1,5 ,課,902020,ﾃﾞｲ飾磨恵美酒,4 ,90202010,2025/7/1,9999/12/31,飾磨恵美酒ゆめふる,ﾃﾞｲ飾磨恵美酒,ﾃﾞｲｼｶﾏ,,,,直接部門,,,,,,,,既存,,,,,,,,,001050002017001000000000000000,計上部門
株式会社やさしい手,会計系販売系サブシステム,00002,会計系販売系組織体系,2025/11/1,4 ,部,5502,通所介護第2ｴﾘｱ,3 ,902060,2025/7/1,9999/12/31,荏田西ゆめふる,ﾃﾞｲ荏田西,ﾃﾞｲｴﾀﾞﾆｼ,,,,その他,,,,,,,,既存,,,,,,,,,001050002018000000000000000000,部門
株式会社やさしい手,会計系販売系サブシステム,00002,会計系販売系組織体系,2025/11/1,5 ,課,902060,ﾃﾞｲ荏田西,4 ,90206010,2025/7/1,9999/12/31,荏田西ゆめふる,ﾃﾞｲ荏田西,ﾃﾞｲｴﾀﾞﾆｼ,,,,直接部門,,,,,,,,既存,,,,,,,,,001050002018001000000000000000,計上部門
株式会社やさしい手,会計系販売系サブシステム,00002,会計系販売系組織体系,2025/11/1,3 ,本　部,55,通所介護ｻｰﾋﾞｽﾗｲﾝ,2 ,5503,2024/3/1,9999/12/31,通所介護第3ｴﾘｱ,通所介護第3ｴﾘｱ,ﾂｳｼｮｶｲｺﾞﾀﾞｲｻﾝｴﾘｱ,,,,その他,,,,,,,,既存,,,,,,,,,001050003000000000000000000000,部門
株式会社やさしい手,会計系販売系サブシステム,00002,会計系販売系組織体系,2025/11/1,4 ,部,5503,通所介護第3ｴﾘｱ,3 ,550301,2024/3/1,9999/12/31,通所介護第3ｴﾘｱ統括課,通所介護第3ｴﾘｱ統括課,ﾂｳｼｮｶｲｺﾞﾀﾞｲｻﾝｴﾘｱﾄｳｶﾂｶ,,,,その他,,,,,,,,既存,,,,,,,,,001050003004000000000000000000,部門
株式会社やさしい手,会計系販売系サブシステム,00002,会計系販売系組織体系,2025/11/1,5 ,課,550301,通所介護第3ｴﾘｱ統括課,4 ,55030101,2024/3/1,9999/12/31,通所介護第3ｴﾘｱ統括課,通所介護第3ｴﾘｱ統括課,ﾂｳｼｮｶｲｺﾞﾀﾞｲｻﾝｴﾘｱﾄｳｶﾂｶ,,,,間接部門,,,,,,,,既存,,,,,,,,,001050003004001000000000000000,計上部門
株式会社やさしい手,会計系販売系サブシステム,00002,会計系販売系組織体系,2025/11/1,4 ,部,5503,通所介護第3ｴﾘｱ,3 ,654020,2024/3/1,9999/12/31,鹿児島中央ゆめふる,ﾃﾞｲ鹿児島中央,ﾃﾞｲｶｺﾞｼﾏﾁｭｳｵｳ,,,,その他,,,,,,,,既存,,,,,,,,,001050003005000000000000000000,部門
株式会社やさしい手,会計系販売系サブシステム,00002,会計系販売系組織体系,2025/11/1,5 ,課,654020,ﾃﾞｲ鹿児島中央,4 ,65402010,2024/3/1,9999/12/31,鹿児島中央ゆめふる,ﾃﾞｲ鹿児島中央,ﾃﾞｲｶｺﾞｼﾏﾁｭｳｵｳ,,,,直接部門,,,,,,,,既存,,,,,,,,,001050003005001000000000000000,計上部門
株式会社やさしい手,会計系販売系サブシステム,00002,会計系販売系組織体系,2025/11/1,4 ,部,5503,通所介護第3ｴﾘｱ,3 ,902040,2024/3/1,9999/12/31,片柳ゆめふる,ﾃﾞｲ片柳,ﾃﾞｲｶﾀﾔﾅｷﾞ,,,,その他,,,,,,,,既存,,,,,,,,,001050003009000000000000000000,部門
株式会社やさしい手,会計系販売系サブシステム,00002,会計系販売系組織体系,2025/11/1,5 ,課,902040,ﾃﾞｲ片柳,4 ,90204010,2024/3/1,9999/12/31,片柳ゆめふる,ﾃﾞｲ片柳,ﾃﾞｲｶﾀﾔﾅｷﾞ,,,,直接部門,,,,,,,,既存,,,,,,,,,001050003009001000000000000000,計上部門
株式会社やさしい手,会計系販売系サブシステム,00002,会計系販売系組織体系,2025/11/1,4 ,部,5503,通所介護第3ｴﾘｱ,3 ,455090,2025/4/1,9999/12/31,五日市ゆめふる,ﾃﾞｲ五日市,ﾃﾞｲｲﾂｶｲﾁ,,,,その他,,,,,,,,既存,,,,,,,,,001050003012000000000000000000,部門
株式会社やさしい手,会計系販売系サブシステム,00002,会計系販売系組織体系,2025/11/1,5 ,課,455090,ﾃﾞｲ五日市,4 ,45509010,2025/4/1,9999/12/31,五日市ゆめふる,ﾃﾞｲ五日市,ﾃﾞｲｲﾂｶｲﾁ,,,,直接部門,,,,,,,,既存,,,,,,,,,001050003012001000000000000000,計上部門
株式会社やさしい手,会計系販売系サブシステム,00002,会計系販売系組織体系,2025/11/1,4 ,部,5503,通所介護第3ｴﾘｱ,3 ,902070,2025/4/1,9999/12/31,長野北条ゆめふる,ﾃﾞｲ長野北条,ﾃﾞｲﾅｶﾞﾉｷﾀｼﾞｮｳ,,,,その他,,,,,,,,既存,,,,,,,,,001050003013000000000000000000,部門
株式会社やさしい手,会計系販売系サブシステム,00002,会計系販売系組織体系,2025/11/1,5 ,課,902070,ﾃﾞｲ長野北条,4 ,90207010,2025/4/1,9999/12/31,長野北条ゆめふる,ﾃﾞｲ長野北条,ﾃﾞｲﾅｶﾞﾉｷﾀｼﾞｮｳ,,,,直接部門,,,,,,,,既存,,,,,,,,,001050003013001000000000000000,計上部門
株式会社やさしい手,会計系販売系サブシステム,00002,会計系販売系組織体系,2025/11/1,4 ,部,5503,通所介護第3ｴﾘｱ,3 ,202370,2025/7/1,9999/12/31,浅草ゆめふる,ﾃﾞｲ浅草,ﾃﾞｲｱｻｸｻ,,,,その他,,,,,,,,既存,,,,,,,,,001050003014000000000000000000,部門
株式会社やさしい手,会計系販売系サブシステム,00002,会計系販売系組織体系,2025/11/1,5 ,課,202370,ﾃﾞｲ浅草,4 ,20237060,2025/7/1,9999/12/31,浅草ゆめふる,ﾃﾞｲ浅草,ﾃﾞｲｱｻｸｻ,,,,直接部門,,,,,,,,既存,,,,,,,,,001050003014001000000000000000,計上部門
株式会社やさしい手,会計系販売系サブシステム,00002,会計系販売系組織体系,2025/11/1,4 ,部,5503,通所介護第3ｴﾘｱ,3 ,202470,2025/7/1,9999/12/31,錦糸町ゆめふる,ﾃﾞｲ錦糸町,ﾃﾞｲｷﾝｼﾁｮｳ,,,,その他,,,,,,,,既存,,,,,,,,,001050003015000000000000000000,部門
株式会社やさしい手,会計系販売系サブシステム,00002,会計系販売系組織体系,2025/11/1,5 ,課,202470,ﾃﾞｲ錦糸町,4 ,20247060,2025/7/1,9999/12/31,錦糸町ゆめふる,ﾃﾞｲ錦糸町,ﾃﾞｲｷﾝｼﾁｮｳ,,,,直接部門,,,,,,,,既存,,,,,,,,,001050003015001000000000000000,計上部門
株式会社やさしい手,会計系販売系サブシステム,00002,会計系販売系組織体系,2025/11/1,3 ,本　部,55,通所介護ｻｰﾋﾞｽﾗｲﾝ,2 ,5510,2024/3/1,9999/12/31,通所介護ｻｰﾋﾞｽﾗｲﾝ統括部,通介ｻｰﾋﾞｽﾗｲﾝ統括部,ﾂｳｼｮｶｲｺﾞｻｰﾋﾞｽﾗｲﾝﾄｳｶﾂﾌﾞ,,,,その他,,,,,,,,既存,,,,,,,,,001050004000000000000000000000,部門
株式会社やさしい手,会計系販売系サブシステム,00002,会計系販売系組織体系,2025/11/1,4 ,部,5510,通介ｻｰﾋﾞｽﾗｲﾝ統括部,3 ,551001,2024/3/1,9999/12/31,通所介護ｻｰﾋﾞｽﾗｲﾝ統括課,通介ｻｰﾋﾞｽﾗｲﾝ統括課,ﾂｳｼｮｶｲｺﾞｻｰﾋﾞｽﾗｲﾝﾄｳｶﾂｶ,,,,その他,,,,,,,,既存,,,,,,,,,001050004001000000000000000000,部門
株式会社やさしい手,会計系販売系サブシステム,00002,会計系販売系組織体系,2025/11/1,5 ,課,551001,通介ｻｰﾋﾞｽﾗｲﾝ統括課,4 ,55100101,2024/3/1,9999/12/31,通所介護ｻｰﾋﾞｽﾗｲﾝ統括課,通介ｻｰﾋﾞｽﾗｲﾝ統括課,ﾂｳｼｮｶｲｺﾞｻｰﾋﾞｽﾗｲﾝﾄｳｶﾂｶ,,,,間接部門,,,,,,,,既存,,,,,,,,,001050004001001000000000000000,計上部門
株式会社やさしい手,会計系販売系サブシステム,00002,会計系販売系組織体系,2025/11/1,2 ,本社／支社,0000000000,全社,1 ,XX,2024/3/1,9999/12/31,【使用不可】E2会計廃止組織,【不】E2会計廃止組織,ｲｰﾂｰｶｲｹｲﾊｲｼｿｼｷ,,,,その他,,,,,,,,既存,,,,,,,,,001051000000000000000000000000,部門
株式会社やさしい手,会計系販売系サブシステム,00002,会計系販売系組織体系,2025/11/1,3 ,本　部,XX,【不】E2会計廃止組織,2 ,0420,2024/3/1,9999/12/31,【使用不可】人材育成機構,【不】人材育成機構,ｼﾞﾝｻﾞｲｲｸｾｲｷｺｳ,,,,その他,,,,,,,,既存,,,,,,,,,001051001000000000000000000000,計上部門
株式会社やさしい手,会計系販売系サブシステム,00002,会計系販売系組織体系,2025/11/1,3 ,本　部,XX,【不】E2会計廃止組織,2 ,0735,2024/3/1,9999/12/31,【使用不可】ｼｮｰﾄｽﾃｲ事業部,【不】SS事業部,ｼｮｰﾄｽﾃｲｼﾞｷﾞｮｳﾌﾞ,,,,その他,,,,,,,,既存,,,,,,,,,001051002000000000000000000000,計上部門
株式会社やさしい手,会計系販売系サブシステム,00002,会計系販売系組織体系,2025/11/1,3 ,本　部,XX,【不】E2会計廃止組織,2 ,2956,2024/3/1,9999/12/31,東京東支社訪問高住集計部門,東京東訪問高住集計,ﾄｳｷｮｳﾋｶﾞｼｼｼｬﾎｳﾓﾝｺｳｼﾞｭｳｼｭｳｹｲﾌﾞﾓﾝ,,,,その他,,,,,,,,既存,,,,,,,,,001051003000000000000000000000,計上部門
株式会社やさしい手,会計系販売系サブシステム,00002,会計系販売系組織体系,2025/11/1,3 ,本　部,XX,【不】E2会計廃止組織,2 ,5025,2024/3/1,9999/12/31,【使用不可】住環境事業部,【不】住環境事業部,ｼﾞｭｳｶﾝｷｮｳｼﾞｷﾞｮｳﾌﾞ,,,,その他,,,,03-5725-9633,03-5725-9631,,,既存,,,,,,,,,001051004000000000000000000000,計上部門
株式会社やさしい手,会計系販売系サブシステム,00002,会計系販売系組織体系,2025/11/1,3 ,本　部,XX,【不】E2会計廃止組織,2 ,5910,2024/3/1,9999/12/31,【使用不可】（仮称）中国支部統括部,【不】(仮称)中国支部,ﾁｭｳｺﾞｸｼﾌﾞﾄｳｶﾂﾌﾞ,,,,その他,,,,,,,,既存,,,,,,,,,001051005000000000000000000000,計上部門
株式会社やさしい手,会計系販売系サブシステム,00002,会計系販売系組織体系,2025/11/1,3 ,本　部,XX,【不】E2会計廃止組織,2 ,5920,2024/3/1,9999/12/31,【使用不可】（仮称）中国支部看護事業部,【不】(仮称)中国看護,ﾁｭｳｺﾞｸｼﾌﾞｶﾝｺﾞｼﾞｷﾞｭｳﾌﾞ,,,,その他,,,,,,,,既存,,,,,,,,,001051006000000000000000000000,計上部門
株式会社やさしい手,会計系販売系サブシステム,00002,会計系販売系組織体系,2025/11/1,3 ,本　部,XX,【不】E2会計廃止組織,2 ,5930,2024/3/1,9999/12/31,【使用不可】（仮称）中国支部訪問高住事業,【不】(仮称)中国高住,ﾁｭｳｺﾞｸｼﾌﾞﾎｳﾓﾝｺｳｼﾞｭｳ,,,,その他,,,,,,,,既存,,,,,,,,,001051007000000000000000000000,計上部門
株式会社やさしい手,会計系販売系サブシステム,00002,会計系販売系組織体系,2025/11/1,3 ,本　部,XX,【不】E2会計廃止組織,2 ,5940,2024/3/1,9999/12/31,【使用不可】（仮称）中国支部居宅支援,【不】(仮称)中国支援,ﾁｭｳｺﾞｸｼﾌﾞｷｮﾀｸｼｴﾝｼﾞｷﾞｮｳﾌﾞ,,,,その他,,,,,,,,既存,,,,,,,,,001051008000000000000000000000,計上部門
株式会社やさしい手,会計系販売系サブシステム,00002,会計系販売系組織体系,2025/11/1,3 ,本　部,XX,【不】E2会計廃止組織,2 ,XXXX,2024/3/1,9999/12/31,【使用不可】E2会計廃止組織,【不】E2会計廃止組織,ｲｰﾂｰｶｲｹｲﾊｲｼｿｼｷ,,,,その他,,,,,,,,既存,,,,,,,,,001051009000000000000000000000,部門
株式会社やさしい手,会計系販売系サブシステム,00002,会計系販売系組織体系,2025/11/1,4 ,部,XXXX,【不】E2会計廃止組織,3 ,041010,2024/3/1,9999/12/31,【使用不可】人事部,【不】人事部,ｼﾞﾝｼﾞﾌﾞ,,,,その他,,,,03-5433-5519,03-5433-5527,,,既存,,,,,,,,,001051009001000000000000000000,計上部門
株式会社やさしい手,会計系販売系サブシステム,00002,会計系販売系組織体系,2025/11/1,4 ,部,XXXX,【不】E2会計廃止組織,3 ,077010,2024/3/1,9999/12/31,広報室,広報室,ｺｳﾎｳｼﾂ,,,,その他,,,,03-5433-5519,03-5433-5527,,,既存,,,,,,,,,001051009002000000000000000000,計上部門
株式会社やさしい手,会計系販売系サブシステム,00002,会計系販売系組織体系,2025/11/1,4 ,部,XXXX,【不】E2会計廃止組織,3 ,201505,2024/3/1,9999/12/31,【使用不可】世田谷統括部,【不】世田谷統括部,ｾﾀｶﾞﾔﾄｳｶﾂﾌﾞ,,,,その他,,,,,,,,既存,,,,,,,,,001051009003000000000000000000,計上部門
株式会社やさしい手,会計系販売系サブシステム,00002,会計系販売系組織体系,2025/11/1,4 ,部,XXXX,【不】E2会計廃止組織,3 ,204060,2024/3/1,9999/12/31,【使用不可】小平分割事業所準備室,【不】小平分割準,ｺﾀﾞｲﾗﾌﾞﾝｶﾂｼﾞｷﾞｮｳｼｮｼﾞｭﾝﾋﾞｼﾂ,,,,その他,,,,,,,,既存,,,,,,,,,001051009004000000000000000000,計上部門
株式会社やさしい手,会計系販売系サブシステム,00002,会計系販売系組織体系,2025/11/1,4 ,部,XXXX,【不】E2会計廃止組織,3 ,208307,2024/3/1,9999/12/31,【使用不可】上板橋居宅介護支援拠点,【不】上板橋居宅介支,ｶﾐｲﾀﾊﾞｼｷｮﾀｸｶｲｺﾞｼｴﾝｷｮﾃﾝ,,,,その他,,,,,,,,既存,,,,,,,,,001051009005000000000000000000,計上部門
株式会社やさしい手,会計系販売系サブシステム,00002,会計系販売系組織体系,2025/11/1,4 ,部,XXXX,【不】E2会計廃止組織,3 ,209160,2024/3/1,9999/12/31,明石入浴課,明石入浴課,ｱｶｼﾆｭｳﾖｸｶ,,,,その他,,,,,,,,既存,,,,,,,,,001051009006000000000000000000,計上部門
株式会社やさしい手,会計系販売系サブシステム,00002,会計系販売系組織体系,2025/11/1,4 ,部,XXXX,【不】E2会計廃止組織,3 ,209521,2024/3/1,9999/12/31,【使用不可】伊川谷訪問看護拠点かえりえ,【不】伊川谷訪問看護,ｲｶﾜﾀﾞﾆﾎｳﾓﾝｶﾝｺﾞｷｮﾃﾝ,,,,その他,,,,,,,,既存,,,,,,,,,001051009007000000000000000000,計上部門
株式会社やさしい手,会計系販売系サブシステム,00002,会計系販売系組織体系,2025/11/1,4 ,部,XXXX,【不】E2会計廃止組織,3 ,209552,2024/3/1,9999/12/31,【使用不可】長野栗田訪問高住拠点,【不】長野栗田訪高,ﾅｶﾞﾉｸﾘﾀｼﾞｷﾞｮｳｼｮ,,,,その他,,,,,,,,既存,,,,,,,,,001051009008000000000000000000,計上部門
株式会社やさしい手,会計系販売系サブシステム,00002,会計系販売系組織体系,2025/11/1,4 ,部,XXXX,【不】E2会計廃止組織,3 ,404020,2024/3/1,9999/12/31,【使用不可】結城訪問看護拠点かえりえ,【不】結城訪問看護,ﾕｳｷﾎｳﾓﾝｶﾝｺﾞｷｮﾃﾝ,,,,その他,,,,,,,,既存,,,,,,,,,001051009009000000000000000000,計上部門
株式会社やさしい手,会計系販売系サブシステム,00002,会計系販売系組織体系,2025/11/1,4 ,部,XXXX,【不】E2会計廃止組織,3 ,591010,2024/3/1,9999/12/31,【使用不可】（仮称）中国支部統括課,【不】(仮称)中国支部,ﾁｭｳｺﾞｸｼﾌﾞﾄｳｶﾂｶ,,,,その他,,,,,,,,既存,,,,,,,,,001051009010000000000000000000,計上部門
株式会社やさしい手,会計系販売系サブシステム,00002,会計系販売系組織体系,2025/11/1,4 ,部,XXXX,【不】E2会計廃止組織,3 ,614020,2024/3/1,9999/12/31,【使用不可】明石大久保訪問高住拠点,【不】明石大久保訪高,ｱｶｼｵｵｸﾎﾞｺｳｼﾞｭｳｷｮﾃﾝ,,,,その他,,,,,,,,既存,,,,,,,,,001051009011000000000000000000,計上部門
株式会社やさしい手,会計系販売系サブシステム,00002,会計系販売系組織体系,2025/11/1,4 ,部,XXXX,【不】E2会計廃止組織,3 ,655030,2024/3/1,9999/12/31,【使用不可】山之口居宅介護支援拠点,【不】山之口支援,ﾔﾏﾉｸﾁｶｲｺﾞｼｴﾝｶ,,,,その他,,,,,,,,既存,,,,,,,,,001051009012000000000000000000,計上部門
株式会社やさしい手,会計系販売系サブシステム,00002,会計系販売系組織体系,2025/11/1,4 ,部,XXXX,【不】E2会計廃止組織,3 ,XXXXXX,2024/3/1,9999/12/31,【使用不可】E2会計廃止組織,【不】E2会計廃止組織,ｲｰﾂｰｶｲｹｲﾊｲｼｿｼｷ,,,,その他,,,,,,,,既存,,,,,,,,,001051009013000000000000000000,部門
株式会社やさしい手,会計系販売系サブシステム,00002,会計系販売系組織体系,2025/11/1,5 ,課,XXXXXX,【不】E2会計廃止組織,4 ,01101050,2024/3/1,9999/12/31,【使用不可】広報室,【不】広報室,ｺｳﾎｳｼﾂ,,,,間接部門,,,,03-5433-5519,03-5433-5527,,,既存,,,,,,,,,001051009013001000000000000000,計上部門
株式会社やさしい手,会計系販売系サブシステム,00002,会計系販売系組織体系,2025/11/1,5 ,課,XXXXXX,【不】E2会計廃止組織,4 ,01501030,2024/3/1,9999/12/31,【使用不可】地域連携室,【不】地域連携室,ﾁｲｷﾚﾝｹｲｼﾂ,,,,間接部門,,,,,,,,既存,,,,,,,,,001051009013002000000000000000,計上部門
株式会社やさしい手,会計系販売系サブシステム,00002,会計系販売系組織体系,2025/11/1,5 ,課,XXXXXX,【不】E2会計廃止組織,4 ,03101030,2024/3/1,9999/12/31,【使用不可】法務課,【不】法務課,ﾎｳﾑｶ,,,,間接部門,,,,03-5433-5519,03-5433-5527,,,既存,,,,,,,,,001051009013003000000000000000,計上部門
株式会社やさしい手,会計系販売系サブシステム,00002,会計系販売系組織体系,2025/11/1,5 ,課,XXXXXX,【不】E2会計廃止組織,4 ,10201037,2024/3/1,9999/12/31,【使用不可】家事紹介準備室,【不】家事紹介準備室,ｶｼﾞｼｮｳｶｲｼﾞｭﾝﾋﾞｼﾂ,,,,間接部門,,,,03-5433-5086,03-5433-5087,,,既存,,,,,,,,,001051009013004000000000000000,計上部門
株式会社やさしい手,会計系販売系サブシステム,00002,会計系販売系組織体系,2025/11/1,5 ,課,XXXXXX,【不】E2会計廃止組織,4 ,15102050,2024/3/1,9999/12/31,【使用不可】東淀川定期巡回ｸﾞﾙｰﾌﾟ,【不】東淀川定巡,ﾋｶﾞｼﾖﾄﾞｶﾞﾜﾃｲｷｼﾞｭﾝｶｲ,,,,間接部門,,,,,,,,既存,,,,,,,,,001051009013005000000000000000,計上部門
株式会社やさしい手,会計系販売系サブシステム,00002,会計系販売系組織体系,2025/11/1,5 ,課,XXXXXX,【不】E2会計廃止組織,4 ,15104050,2024/3/1,9999/12/31,【使用不可】明石入浴事業所,【不】明石入浴事業所,ｱｶｼﾆｭｳﾖｸｼﾞｷﾞｮｳｼｮ,,,,直接部門,,,,,,,,既存,,,,,,,,,001051009013006000000000000000,計上部門
株式会社やさしい手,会計系販売系サブシステム,00002,会計系販売系組織体系,2025/11/1,5 ,課,XXXXXX,【不】E2会計廃止組織,4 ,20051180,2024/3/1,9999/12/31,【使用不可】YOC統括チーム,【不】YOC統括ﾁｰﾑ,ﾜｲｵｰｼｰﾄｳｶﾂﾁｰﾑ,,,,間接部門,,,,,,,,既存,,,,,,,,,001051009013007000000000000000,計上部門
株式会社やさしい手,会計系販売系サブシステム,00002,会計系販売系組織体系,2025/11/1,5 ,課,XXXXXX,【不】E2会計廃止組織,4 ,20150503,2024/3/1,9999/12/31,【使用不可】世田谷統括（訪問介護）,【不】世田谷統括(介),ｾﾀｶﾞﾔﾄｳｶﾂ(ﾎｳﾓﾝｶｲｺﾞ),,,,間接部門,,,,,,,,既存,,,,,,,,,001051009013008000000000000000,計上部門
株式会社やさしい手,会計系販売系サブシステム,00002,会計系販売系組織体系,2025/11/1,5 ,課,XXXXXX,【不】E2会計廃止組織,4 ,20152340,2024/3/1,9999/12/31,【使用不可】用賀訪問介護部門,【不】用賀訪問介護,ﾖｳｶﾞﾎｳﾓﾝｶｲｺﾞﾌﾞﾓﾝ,,,,直接部門,,,,03-5491-6168,03-5491-6170,,,既存,,,,,,,,,001051009013009000000000000000,計上部門
株式会社やさしい手,会計系販売系サブシステム,00002,会計系販売系組織体系,2025/11/1,5 ,課,XXXXXX,【不】E2会計廃止組織,4 ,20305520,2024/3/1,9999/12/31,【使用不可】上板橋居宅介護支援部門,【不】上板橋居宅介支,ｶﾐｲﾀﾊﾞｼｷｮﾀｸｶｲｺﾞｼｴﾝﾌﾞﾓﾝ,,,,直接部門,,,,,,,,既存,,,,,,,,,001051009013010000000000000000,計上部門
株式会社やさしい手,会計系販売系サブシステム,00002,会計系販売系組織体系,2025/11/1,5 ,課,XXXXXX,【不】E2会計廃止組織,4 ,20892010,2024/3/1,9999/12/31,【使用不可】河原塚看多機かえりえ,【不】河原塚看多機,ｶﾜﾗﾂﾞｶｶﾝﾀｷ,,,,直接部門,,,,,,,,既存,,,,,,,,,001051009013011000000000000000,計上部門
株式会社やさしい手,会計系販売系サブシステム,00002,会計系販売系組織体系,2025/11/1,5 ,課,XXXXXX,【不】E2会計廃止組織,4 ,20892020,2024/3/1,9999/12/31,【使用不可】河原塚訪問看護かえりえ,【不】河原塚訪問看護,ｶﾜﾗﾂﾞｶﾎｳｶﾝｶｲｺﾞ,,,,直接部門,,,,,,,,既存,,,,,,,,,001051009013012000000000000000,計上部門
株式会社やさしい手,会計系販売系サブシステム,00002,会計系販売系組織体系,2025/11/1,5 ,課,XXXXXX,【不】E2会計廃止組織,4 ,20895010,2024/3/1,9999/12/31,【使用不可】東大宮看多機かえりえ,【不】東大宮看多機,ﾋｶﾞｼｵｵﾐﾔｶﾝﾀｷ,,,,直接部門,,,,,,,,既存,,,,,,,,,001051009013013000000000000000,計上部門
株式会社やさしい手,会計系販売系サブシステム,00002,会計系販売系組織体系,2025/11/1,5 ,課,XXXXXX,【不】E2会計廃止組織,4 ,20895020,2024/3/1,9999/12/31,【使用不可】東大宮訪問看護かえりえ,【不】東大宮訪問看護,ﾋｶﾞｼｵｵﾐﾔﾎｳｶﾝｶｲｺﾞ,,,,直接部門,,,,,,,,既存,,,,,,,,,001051009013014000000000000000,計上部門
株式会社やさしい手,会計系販売系サブシステム,00002,会計系販売系組織体系,2025/11/1,5 ,課,XXXXXX,【不】E2会計廃止組織,4 ,20896010,2024/3/1,9999/12/31,【使用不可】松戸八柱看多機かえりえ,【不】松戸八柱看多機,ﾏﾂﾄﾞﾔﾊﾞｼﾗｶﾝﾀｷｶｴﾘｴ,,,,直接部門,,,,,,,,既存,,,,,,,,,001051009013015000000000000000,計上部門
株式会社やさしい手,会計系販売系サブシステム,00002,会計系販売系組織体系,2025/11/1,5 ,課,XXXXXX,【不】E2会計廃止組織,4 ,20896020,2024/3/1,9999/12/31,【使用不可】松戸八柱訪問看護かえりえ,【不】松戸八柱訪看,ﾏﾂﾄﾞﾔﾊﾞｼﾗﾎｳｶﾝｶｲｺﾞ,,,,直接部門,,,,,,,,既存,,,,,,,,,001051009013016000000000000000,計上部門
株式会社やさしい手,会計系販売系サブシステム,00002,会計系販売系組織体系,2025/11/1,5 ,課,XXXXXX,【不】E2会計廃止組織,4 ,20898010,2024/3/1,9999/12/31,【使用不可】上小町小多機かえりえ,【不】上小町小多機,ｶﾐｺﾁｮｳｼｮｳﾀｷｶｴﾘｴ,,,,直接部門,,,,,,,,既存,,,,,,,,,001051009013017000000000000000,計上部門
株式会社やさしい手,会計系販売系サブシステム,00002,会計系販売系組織体系,2025/11/1,5 ,課,XXXXXX,【不】E2会計廃止組織,4 ,20898510,2024/3/1,9999/12/31,【使用不可】大和田小多機かえりえ,【不】大和田小多機,ｵｵﾜﾀﾞｼｮｳﾀｷｶｴﾘｴ,,,,直接部門,,,,,,,,既存,,,,,,,,,001051009013018000000000000000,計上部門
株式会社やさしい手,会計系販売系サブシステム,00002,会計系販売系組織体系,2025/11/1,5 ,課,XXXXXX,【不】E2会計廃止組織,4 ,20952005,2024/3/1,9999/12/31,【使用不可】西明石看多機かえりえ,【不】西明石看多機,ﾆｼｱｶｼｶﾝﾀｷ,,,,直接部門,,,,,,,,既存,,,,,,,,,001051009013019000000000000000,計上部門
株式会社やさしい手,会計系販売系サブシステム,00002,会計系販売系組織体系,2025/11/1,5 ,課,XXXXXX,【不】E2会計廃止組織,4 ,20952010,2024/3/1,9999/12/31,【使用不可】西明石訪問看護かえりえ,【不】西明石訪問看護,ﾆｼｱｶｼﾎｳｶﾝｶｲｺﾞ,,,,直接部門,,,,,,,,既存,,,,,,,,,001051009013020000000000000000,計上部門
株式会社やさしい手,会計系販売系サブシステム,00002,会計系販売系組織体系,2025/11/1,5 ,課,XXXXXX,【不】E2会計廃止組織,4 ,20952210,2024/3/1,9999/12/31,【使用不可】東灘看多機かえりえ,【不】東灘看多機,ﾋｶﾞｼﾅﾀﾞｶﾝﾀｷ,,,,直接部門,,,,,,,,既存,,,,,,,,,001051009013021000000000000000,計上部門
株式会社やさしい手,会計系販売系サブシステム,00002,会計系販売系組織体系,2025/11/1,5 ,課,XXXXXX,【不】E2会計廃止組織,4 ,20955240,2024/3/1,9999/12/31,【使用不可】長野栗田訪問介護部門,【不】長野栗田訪介,ﾅｶﾞﾉｸﾘﾀﾎｳﾓﾝｶｲｺﾞﾌﾞﾓﾝ,,,,直接部門,,,,,,,,既存,,,,,,,,,001051009013022000000000000000,計上部門
株式会社やさしい手,会計系販売系サブシステム,00002,会計系販売系組織体系,2025/11/1,5 ,課,XXXXXX,【不】E2会計廃止組織,4 ,20955260,2024/3/1,9999/12/31,【使用不可】長野栗田住宅役務部門,【不】長野栗田住役,ﾅｶﾞﾉｸﾘﾀｼﾞｭｳﾀｸｴｷﾑﾌﾞﾓﾝ,,,,直接部門,,,,,,,,既存,,,,,,,,,001051009013023000000000000000,計上部門
株式会社やさしい手,会計系販売系サブシステム,00002,会計系販売系組織体系,2025/11/1,5 ,課,XXXXXX,【不】E2会計廃止組織,4 ,20960240,2024/3/1,9999/12/31,【使用不可】東城訪問介護部門,【不】東城訪介,ﾋｶﾞｼｼﾛﾎｳﾓﾝｶｲｺﾞﾌﾞﾓﾝ,,,,直接部門,,,,,,,,既存,,,,,,,,,001051009013024000000000000000,計上部門
株式会社やさしい手,会計系販売系サブシステム,00002,会計系販売系組織体系,2025/11/1,5 ,課,XXXXXX,【不】E2会計廃止組織,4 ,20969710,2024/3/1,9999/12/31,【使用不可】上石神井看多機かえりえ,【不】上石神井看多機,ｶﾐｼｬｸｼﾞｲｶﾝﾀｷｶｴﾘｴ,,,,直接部門,,,,,,,,既存,,,,,,,,,001051009013025000000000000000,計上部門
株式会社やさしい手,会計系販売系サブシステム,00002,会計系販売系組織体系,2025/11/1,5 ,課,XXXXXX,【不】E2会計廃止組織,4 ,20973010,2024/3/1,9999/12/31,【使用不可】大橋看多機かえりえ,【不】大橋看多機,ｵｵﾊｼｶﾝﾀｷ,,,,直接部門,,,,,,,,既存,,,,,,,,,001051009013026000000000000000,計上部門
株式会社やさしい手,会計系販売系サブシステム,00002,会計系販売系組織体系,2025/11/1,5 ,課,XXXXXX,【不】E2会計廃止組織,4 ,20973020,2024/3/1,9999/12/31,【使用不可】大橋訪問看護かえりえ,【不】大橋訪問看護,ｵｵﾊｼﾎｳﾓﾝｶｲｺﾞ,,,,直接部門,,,,,,,,既存,,,,,,,,,001051009013027000000000000000,計上部門
株式会社やさしい手,会計系販売系サブシステム,00002,会計系販売系組織体系,2025/11/1,5 ,課,XXXXXX,【不】E2会計廃止組織,4 ,20975010,2024/3/1,9999/12/31,【使用不可】平尾看多機かえりえ,【不】平尾看多機,ﾋﾗｵｶﾝﾀｷ,,,,直接部門,,,,,,,,既存,,,,,,,,,001051009013028000000000000000,計上部門
株式会社やさしい手,会計系販売系サブシステム,00002,会計系販売系組織体系,2025/11/1,5 ,課,XXXXXX,【不】E2会計廃止組織,4 ,20975020,2024/3/1,9999/12/31,【使用不可】平尾訪問看護かえりえ,【不】平尾訪問看護,ﾋﾗｵﾎｳｶﾝｶｲｺﾞ,,,,直接部門,,,,,,,,既存,,,,,,,,,001051009013029000000000000000,計上部門
株式会社やさしい手,会計系販売系サブシステム,00002,会計系販売系組織体系,2025/11/1,5 ,課,XXXXXX,【不】E2会計廃止組織,4 ,20976010,2024/3/1,9999/12/31,【使用不可】用賀看多機かえりえ,【不】用賀看多機,ﾖｳｶﾞｶﾝﾀｷ,,,,直接部門,,,,,,,,既存,,,,,,,,,001051009013030000000000000000,計上部門
株式会社やさしい手,会計系販売系サブシステム,00002,会計系販売系組織体系,2025/11/1,5 ,課,XXXXXX,【不】E2会計廃止組織,4 ,20976020,2024/3/1,9999/12/31,【使用不可】用賀訪問看護かえりえ,【不】用賀訪問看護,ﾖｳｶﾞﾎｳｶﾝｶｲｺﾞ,,,,直接部門,,,,,,,,既存,,,,,,,,,001051009013031000000000000000,計上部門
株式会社やさしい手,会計系販売系サブシステム,00002,会計系販売系組織体系,2025/11/1,5 ,課,XXXXXX,【不】E2会計廃止組織,4 ,50203010,2024/3/1,9999/12/31,【使用不可】楠看多機かえりえ,【不】楠看多機,ｸｽﾉｷｶﾝﾀｷ,,,,直接部門,,,,,,,,既存,,,,,,,,,001051009013032000000000000000,計上部門
株式会社やさしい手,会計系販売系サブシステム,00002,会計系販売系組織体系,2025/11/1,5 ,課,XXXXXX,【不】E2会計廃止組織,4 ,59101010,2024/3/1,9999/12/31,【使用不可】（仮称）中国支部統括課,【不】(仮称)中国支部,ﾁｭｳｺﾞｸｼﾌﾞﾄｳｶﾂｶ,,,,間接部門,,,,,,,,既存,,,,,,,,,001051009013033000000000000000,計上部門
株式会社やさしい手,会計系販売系サブシステム,00002,会計系販売系組織体系,2025/11/1,5 ,課,XXXXXX,【不】E2会計廃止組織,4 ,61402010,2024/3/1,9999/12/31,【使用不可】明石大久保訪問介護部門,【不】明石大久保訪介,ｱｶｼｵｵｸﾎﾞﾎｳﾓﾝｶｲｺﾞﾌﾞﾓﾝ,,,,直接部門,,,,,,,,既存,,,,,,,,,001051009013034000000000000000,計上部門
株式会社やさしい手,会計系販売系サブシステム,00002,会計系販売系組織体系,2025/11/1,5 ,課,XXXXXX,【不】E2会計廃止組織,4 ,61601010,2024/3/1,9999/12/31,【使用不可】伊川谷有瀬訪問看護,【不】伊川谷有瀬訪看,ｲｶﾜﾀﾞﾆｱﾘｾﾎｳﾓﾝｶﾝｺﾞ,,,,直接部門,,,,,,,,既存,,,,,,,,,001051009013035000000000000000,計上部門
株式会社やさしい手,会計系販売系サブシステム,00002,会計系販売系組織体系,2025/11/1,5 ,課,XXXXXX,【不】E2会計廃止組織,4 ,61601030,2024/3/1,9999/12/31,【使用不可】伊川谷有瀬訪看医療,【不】伊川谷有瀬看医,ｲｶﾜﾀﾞﾆｱﾘｾﾎｳｶﾝｲﾘｮｳ,,,,直接部門,,,,,,,,既存,,,,,,,,,001051009013036000000000000000,計上部門
株式会社やさしい手,会計系販売系サブシステム,00002,会計系販売系組織体系,2025/11/1,5 ,課,XXXXXX,【不】E2会計廃止組織,4 ,XXXXXXXX,2024/3/1,9999/12/31,【使用不可】E2会計廃止組織,【不】E2会計廃止組織,ｲｰﾂｰｶｲｹｲﾊｲｼｿｼｷ,,,,その他,,,,,,,,既存,,,,,,,,,001051009013037000000000000000,計上部門
株式会社やさしい手,会計系販売系サブシステム,00002,会計系販売系組織体系,2025/11/1,5 ,課,XXXXXX,【不】E2会計廃止組織,4 ,YYYYYYYY,2024/3/1,9999/12/31,【使用不可】Gv廃止組織,【不】Gv廃止組織,ｼﾞｰﾌｧｲﾌﾞﾊｲｼｿｼｷ,,,,その他,,,,,,,,既存,,,,,,,,,001051009013038000000000000000,計上部門
株式会社やさしい手,会計系販売系サブシステム,00002,会計系販売系組織体系,2025/11/1,4 ,部,XXXX,【不】E2会計廃止組織,3 ,YYYYYY,2024/3/1,9999/12/31,【使用不可】Gv廃止組織,【不】Gv廃止組織,ｼﾞｰﾌｧｲﾌﾞﾊｲｼｿｼｷ,,,,その他,,,,,,,,既存,,,,,,,,,001051009014000000000000000000,計上部門
株式会社やさしい手,会計系販売系サブシステム,00002,会計系販売系組織体系,2025/11/1,3 ,本　部,XX,【不】E2会計廃止組織,2 ,YYYY,2024/3/1,9999/12/31,【使用不可】Gv廃止組織,【不】Gv廃止組織,ｼﾞｰﾌｧｲﾌﾞﾊｲｼｿｼｷ,,,,その他,,,,,,,,既存,,,,,,,,,001051010000000000000000000000,計上部門
株式会社やさしい手,会計系販売系サブシステム,00002,会計系販売系組織体系,2025/11/1,2 ,本社／支社,0000000000,全社,1 ,ZZ,2024/3/1,9999/12/31,【使用不可】E2廃止組織,【不】E2廃止組織,ｲｰﾂｰﾊｲｼｿｼｷ,,,,その他,,,,,,,,既存,,,,,,,,,001052000000000000000000000000,部門
株式会社やさしい手,会計系販売系サブシステム,00002,会計系販売系組織体系,2025/11/1,3 ,本　部,ZZ,【不】E2廃止組織,2 ,1320,2024/3/1,9999/12/31,【使用不可】YOC部,【不】YOC部,ﾜｲｵｰｼｰﾌﾞ,,,,その他,,,,,,,,既存,,,,,,,,,001052001000000000000000000000,計上部門
株式会社やさしい手,会計系販売系サブシステム,00002,会計系販売系組織体系,2025/11/1,3 ,本　部,ZZ,【不】E2廃止組織,2 ,1330,2024/3/1,9999/12/31,【使用不可】ウェブマーケティング部,【不】ｳｪﾌﾞﾏｰｹﾃｨﾝｸﾞ部,ｳｪﾌﾞﾏｰｹﾃｨﾝｸﾞﾌﾞ,,,,その他,,,,,,,,既存,,,,,,,,,001052002000000000000000000000,計上部門
株式会社やさしい手,会計系販売系サブシステム,00002,会計系販売系組織体系,2025/11/1,3 ,本　部,ZZ,【不】E2廃止組織,2 ,1350,2024/3/1,9999/12/31,【使用不可】看護部,【不】看護部,ｶﾝｺﾞﾌﾞ,,,,その他,,,,,,,,既存,,,,,,,,,001052003000000000000000000000,計上部門
株式会社やさしい手,会計系販売系サブシステム,00002,会計系販売系組織体系,2025/11/1,3 ,本　部,ZZ,【不】E2廃止組織,2 ,2053,2024/3/1,9999/12/31,【使用不可】東京南支部訪問高住事業部,【不】東京南訪問高住,ﾄｳｷｮｳﾐﾅﾐｼﾌﾞﾎｳﾓﾝｺｳｼﾞｭｳｼﾞｷﾞｮｳﾌﾞ,,,,その他,,,,,,,,既存,,,,,,,,,001052004000000000000000000000,計上部門
株式会社やさしい手,会計系販売系サブシステム,00002,会計系販売系組織体系,2025/11/1,3 ,本　部,ZZ,【不】E2廃止組織,2 ,2055,2024/3/1,9999/12/31,【使用不可】東京東支部訪問定巡事業部,【不】東京東訪問定巡,ﾄｳｷｮｳﾋｶﾞｼｼﾌﾞﾎｳﾓﾝﾃｲｼﾞｭﾝｼﾞｷﾞｮｳ,,,,その他,,,,,,,,既存,,,,,,,,,001052005000000000000000000000,計上部門
株式会社やさしい手,会計系販売系サブシステム,00002,会計系販売系組織体系,2025/11/1,3 ,本　部,ZZ,【不】E2廃止組織,2 ,2056,2024/3/1,9999/12/31,【使用不可】東京東支部訪問高住事業部,【不】東京東訪問高住,ﾄｳｷｮｳﾋｶﾞｼｼｼﾌﾞﾎｳﾓﾝｺｳｼﾞｭｳｼﾞｷﾞｮｳﾌﾞ,,,,その他,,,,,,,,既存,,,,,,,,,001052006000000000000000000000,計上部門
株式会社やさしい手,会計系販売系サブシステム,00002,会計系販売系組織体系,2025/11/1,3 ,本　部,ZZ,【不】E2廃止組織,2 ,2058,2024/3/1,9999/12/31,【使用不可】埼玉支部訪問定巡事業部,【不】埼玉訪問定巡,ｻｲﾀﾏｼﾌﾞﾎｳﾓﾝﾃｲｼﾞｭﾝｼﾞｷﾞｮｳﾌﾞ,,,,その他,,,,,,,,既存,,,,,,,,,001052007000000000000000000000,計上部門
株式会社やさしい手,会計系販売系サブシステム,00002,会計系販売系組織体系,2025/11/1,3 ,本　部,ZZ,【不】E2廃止組織,2 ,2064,2024/3/1,9999/12/31,【使用不可】神奈川支部訪問高住事業部,【不】神奈川訪問高住,ｶﾅｶﾞﾜｼﾌﾞﾎｳﾓﾝｺｳｼﾞｭｳｼﾞｷﾞｮｳﾌﾞ,,,,その他,,,,,,,,既存,,,,,,,,,001052008000000000000000000000,計上部門
株式会社やさしい手,会計系販売系サブシステム,00002,会計系販売系組織体系,2025/11/1,3 ,本　部,ZZ,【不】E2廃止組織,2 ,2078,2024/3/1,9999/12/31,【使用不可】北関東支部訪問高住事業部,【不】北関東訪問高住,ｷﾀｶﾝﾄｳｼﾌﾞﾎｳﾓﾝｺｳｼﾞｭｳｼﾞｷﾞｮｳﾌﾞ,,,,その他,,,,,,,,既存,,,,,,,,,001052009000000000000000000000,計上部門
株式会社やさしい手,会計系販売系サブシステム,00002,会計系販売系組織体系,2025/11/1,3 ,本　部,ZZ,【不】E2廃止組織,2 ,2080,2024/3/1,9999/12/31,【使用不可】千葉支部訪問定巡事業部,【不】千葉訪問定巡,ﾁﾊﾞｼﾌﾞﾎｳﾓﾝﾃｲｼﾞｭﾝｼﾞｷﾞｮｳﾌﾞ,,,,その他,,,,,,,,既存,,,,,,,,,001052010000000000000000000000,部門
株式会社やさしい手,会計系販売系サブシステム,00002,会計系販売系組織体系,2025/11/1,4 ,部,2080,【不】千葉訪問定巡,3 ,202320,2024/3/1,9999/12/31,【使用不可】八柱定巡拠点合計,【不】八柱定巡拠点合,ﾔﾊﾞｼﾗｼﾞｷﾞｮｳｼｮ,,,,その他,,,,047-365-3051,047-365-3052,,,既存,,,,,,,,,001052010001000000000000000000,計上部門
株式会社やさしい手,会計系販売系サブシステム,00002,会計系販売系組織体系,2025/11/1,3 ,本　部,ZZ,【不】E2廃止組織,2 ,2092,2024/3/1,9999/12/31,【使用不可】東京西支部訪問高住事業部,【不】東京西訪問高住,ﾄｳｷｮｳﾆｼｼﾌﾞﾎｳﾓﾝｺｳｼﾞｭｳｼﾞｷﾞｮｳﾌﾞ,,,,その他,,,,,,,,既存,,,,,,,,,001052011000000000000000000000,計上部門
株式会社やさしい手,会計系販売系サブシステム,00002,会計系販売系組織体系,2025/11/1,3 ,本　部,ZZ,【不】E2廃止組織,2 ,2188,2024/3/1,9999/12/31,【使用不可】大阪支部訪問高住事業部,【不】大阪訪問高住,ｵｵｻｶｼﾌﾞﾎｳﾓﾝｺｳｼﾞｭｳｼﾞｷﾞｮｳﾌﾞ,,,,その他,,,,,,,,既存,,,,,,,,,001052012000000000000000000000,計上部門
株式会社やさしい手,会計系販売系サブシステム,00002,会計系販売系組織体系,2025/11/1,3 ,本　部,ZZ,【不】E2廃止組織,2 ,2640,2024/3/1,9999/12/31,【使用不可】東葛支部訪問高住事業部,【不】東葛訪問高住,ﾄｳｶﾂｼﾌﾞﾎｳﾓﾝｺｳｼﾞｭｳｼﾞｷﾞｮｳﾌﾞ,,,,その他,,,,,,,,既存,,,,,,,,,001052013000000000000000000000,計上部門
株式会社やさしい手,会計系販売系サブシステム,00002,会計系販売系組織体系,2025/11/1,3 ,本　部,ZZ,【不】E2廃止組織,2 ,2650,2024/3/1,9999/12/31,【使用不可】東葛支部居宅支援事業部,【不】東葛居宅支援,ﾄｳｶﾂｷｮﾀｸｼｴﾝｼﾞｷﾞｮｳﾌﾞ,,,,その他,,,,,,,,既存,,,,,,,,,001052014000000000000000000000,計上部門
株式会社やさしい手,会計系販売系サブシステム,00002,会計系販売系組織体系,2025/11/1,3 ,本　部,ZZ,【不】E2廃止組織,2 ,2670,2024/3/1,9999/12/31,【使用不可】東葛支部看護事業部,【不】東葛看護事業部,ﾄｳｶﾂｼﾌﾞｶﾝｺﾞｼﾞｷﾞｮｳﾌﾞ,,,,その他,,,,,,,,既存,,,,,,,,,001052015000000000000000000000,計上部門
株式会社やさしい手,会計系販売系サブシステム,00002,会計系販売系組織体系,2025/11/1,3 ,本　部,ZZ,【不】E2廃止組織,2 ,3120,2024/3/1,9999/12/31,【使用不可】港北支部訪問介護事業部,【不】港北訪問介護,ｺｳﾎｸｼﾌﾞﾎｳﾓﾝｶｲｺﾞｼﾞｷﾞｮｳﾌﾞ,,,,その他,,,,,,,,既存,,,,,,,,,001052016000000000000000000000,計上部門
株式会社やさしい手,会計系販売系サブシステム,00002,会計系販売系組織体系,2025/11/1,3 ,本　部,ZZ,【不】E2廃止組織,2 ,3130,2024/3/1,9999/12/31,【使用不可】港北支部訪問高住事業部,【不】港北訪問高住,ｺｳﾎｸｼﾌﾞﾎｳﾓﾝｺｳｼﾞｭｳｼﾞｷﾞｮｳﾌﾞ,,,,その他,,,,,,,,既存,,,,,,,,,001052017000000000000000000000,計上部門
株式会社やさしい手,会計系販売系サブシステム,00002,会計系販売系組織体系,2025/11/1,3 ,本　部,ZZ,【不】E2廃止組織,2 ,3150,2024/3/1,9999/12/31,【使用不可】港北支部居宅支援事業部,【不】港北居宅支援,ｺｳﾎｸｼﾌﾞｷｮﾀｸｼｴﾝｼﾞｷﾞｮｳﾌﾞ,,,,その他,,,,,,,,既存,,,,,,,,,001052018000000000000000000000,計上部門
株式会社やさしい手,会計系販売系サブシステム,00002,会計系販売系組織体系,2025/11/1,3 ,本　部,ZZ,【不】E2廃止組織,2 ,3160,2024/3/1,9999/12/31,【使用不可】港北支部通所介護事業部,【不】港北通所介護,ｺｳﾎｸﾂｳｼｮｶｲｺﾞｼﾞｷﾞｮｳﾌﾞ,,,,その他,,,,,,,,既存,,,,,,,,,001052019000000000000000000000,計上部門
株式会社やさしい手,会計系販売系サブシステム,00002,会計系販売系組織体系,2025/11/1,3 ,本　部,ZZ,【不】E2廃止組織,2 ,4340,2024/3/1,9999/12/31,【使用不可】南東北居宅支援事業部,【不】南東北居宅支援,ﾐﾅﾐﾄｳﾎｸｷｮﾀｸｼｴﾝｼﾞｷﾞｮｳﾌﾞ,,,,その他,,,,,,,,既存,,,,,,,,,001052020000000000000000000000,計上部門
株式会社やさしい手,会計系販売系サブシステム,00002,会計系販売系組織体系,2025/11/1,3 ,本　部,ZZ,【不】E2廃止組織,2 ,4350,2024/3/1,9999/12/31,【使用不可】南東北看護事業部,【不】南東北看護事業,ﾐﾅﾐﾄｳﾎｸｶﾝｺﾞｼﾞｷﾞｭｳﾌﾞ,,,,その他,,,,,,,,既存,,,,,,,,,001052021000000000000000000000,計上部門
株式会社やさしい手,会計系販売系サブシステム,00002,会計系販売系組織体系,2025/11/1,3 ,本　部,ZZ,【不】E2廃止組織,2 ,4530,2024/3/1,9999/12/31,【使用不可】信越支部訪問高住事業部,【不】信越訪問高住,ｼﾝｴﾂｼﾌﾞﾎｳﾓﾝｺｳｼﾞｭｳｼﾞｷﾞｮｳﾌﾞ,,,,その他,,,,,,,,既存,,,,,,,,,001052022000000000000000000000,計上部門
株式会社やさしい手,会計系販売系サブシステム,00002,会計系販売系組織体系,2025/11/1,3 ,本　部,ZZ,【不】E2廃止組織,2 ,5030,2024/3/1,9999/12/31,【使用不可】名古屋支部訪問高住事業部,【不】名古屋訪問高住,ﾅｺﾞﾔｼﾌﾞﾎｳﾓﾝｺｳｼﾞｭｳｼｼﾞｷﾞｮｳﾌﾞ,,,,その他,,,,,,,,既存,,,,,,,,,001052023000000000000000000000,計上部門
株式会社やさしい手,会計系販売系サブシステム,00002,会計系販売系組織体系,2025/11/1,3 ,本　部,ZZ,【不】E2廃止組織,2 ,6120,2024/3/1,9999/12/31,【使用不可】神戸支部訪問介護事業部,【不】神戸訪問介護,ｺｳﾍﾞｼﾌﾞﾎｳﾓﾝｶｲｺﾞｼﾞｷﾞｮｳﾌﾞ,,,,その他,,,,,,,,既存,,,,,,,,,001052024000000000000000000000,計上部門
株式会社やさしい手,会計系販売系サブシステム,00002,会計系販売系組織体系,2025/11/1,3 ,本　部,ZZ,【不】E2廃止組織,2 ,6130,2024/3/1,9999/12/31,【使用不可】神戸支部訪問定巡事業部,【不】神戸訪問定巡,ｺｳﾍﾞｼﾌﾞﾎｳﾓﾝﾃｲｼﾞｭﾝｼﾞｷﾞｮｳﾌﾞ,,,,その他,,,,,,,,既存,,,,,,,,,001052025000000000000000000000,計上部門
株式会社やさしい手,会計系販売系サブシステム,00002,会計系販売系組織体系,2025/11/1,3 ,本　部,ZZ,【不】E2廃止組織,2 ,6140,2024/3/1,9999/12/31,【使用不可】神戸支部訪問高住事業部,【不】神戸訪問高住,ｺｳﾍﾞｼﾌﾞﾎｳﾓﾝｺｳｼﾞｭｳｼﾞｷﾞｮｳﾌﾞ,,,,その他,,,,,,,,既存,,,,,,,,,001052026000000000000000000000,計上部門
株式会社やさしい手,会計系販売系サブシステム,00002,会計系販売系組織体系,2025/11/1,3 ,本　部,ZZ,【不】E2廃止組織,2 ,6150,2024/3/1,9999/12/31,【使用不可】神戸居宅支援事業部,【不】神戸居宅支援,ｺｳﾍﾞｷｮﾀｸｼｴﾝｼﾞｷﾞｮｳﾌﾞ,,,,その他,,,,,,,,既存,,,,,,,,,001052027000000000000000000000,計上部門
株式会社やさしい手,会計系販売系サブシステム,00002,会計系販売系組織体系,2025/11/1,3 ,本　部,ZZ,【不】E2廃止組織,2 ,6240,2024/3/1,9999/12/31,【使用不可】姫路支部訪問高住事業部,【不】姫路訪問高住,ﾋﾒｼﾞｼﾌﾞﾎｳﾓﾝｺｳｼﾞｭｳｼﾞｷﾞｮｳﾌﾞ,,,,その他,,,,,,,,既存,,,,,,,,,001052028000000000000000000000,計上部門
株式会社やさしい手,会計系販売系サブシステム,00002,会計系販売系組織体系,2025/11/1,3 ,本　部,ZZ,【不】E2廃止組織,2 ,6250,2024/3/1,9999/12/31,【使用不可】姫路居宅支援事業部,【不】姫路居宅支援,ﾋﾒｼﾞｷｮﾀｸｼｴﾝｼﾞｷﾞｮｳﾌﾞ,,,,その他,,,,,,,,既存,,,,,,,,,001052029000000000000000000000,計上部門
株式会社やさしい手,会計系販売系サブシステム,00002,会計系販売系組織体系,2025/11/1,3 ,本　部,ZZ,【不】E2廃止組織,2 ,6330,2024/3/1,9999/12/31,【使用不可】中国支部訪問高住事業部,【不】中国訪問高住,ﾁｭｳｺﾞｸｼﾌﾞﾎｳﾓﾝｺｳｼﾞｭｳｼﾞｷﾞｮｳﾌﾞ,,,,その他,,,,,,,,既存,,,,,,,,,001052030000000000000000000000,計上部門
株式会社やさしい手,会計系販売系サブシステム,00002,会計系販売系組織体系,2025/11/1,3 ,本　部,ZZ,【不】E2廃止組織,2 ,6340,2024/3/1,9999/12/31,【使用不可】中国居宅支援事業部,【不】中国居宅支援,ﾁｭｳｺﾞｸｷｮﾀｸｼｴﾝｼﾞｷﾞｮｳﾌﾞ,,,,その他,,,,,,,,既存,,,,,,,,,001052031000000000000000000000,計上部門
株式会社やさしい手,会計系販売系サブシステム,00002,会計系販売系組織体系,2025/11/1,3 ,本　部,ZZ,【不】E2廃止組織,2 ,6350,2024/3/1,9999/12/31,【使用不可】中国看護事業部,【不】中国看護事業部,ﾁｭｳｺﾞｸｶﾝｺﾞｼﾞｷﾞｮｳﾌﾞ,,,,その他,,,,,,,,既存,,,,,,,,,001052032000000000000000000000,計上部門
株式会社やさしい手,会計系販売系サブシステム,00002,会計系販売系組織体系,2025/11/1,3 ,本　部,ZZ,【不】E2廃止組織,2 ,6430,2024/3/1,9999/12/31,【使用不可】大分支部訪問高住事業部,【不】大分訪問高住,ｵｵｲﾀｼﾌﾞﾎｳﾓﾝｺｳｼﾞｭｳｼﾞｷﾞｮｳﾌﾞ,,,,その他,,,,,,,,既存,,,,,,,,,001052033000000000000000000000,計上部門
株式会社やさしい手,会計系販売系サブシステム,00002,会計系販売系組織体系,2025/11/1,3 ,本　部,ZZ,【不】E2廃止組織,2 ,6450,2024/3/1,9999/12/31,【使用不可】大分看護事業部,【不】大分看護事業部,ｵｵｲﾀｶﾝｺﾞｼﾞｷﾞｮｳﾌﾞ,,,,その他,,,,,,,,既存,,,,,,,,,001052034000000000000000000000,計上部門
株式会社やさしい手,会計系販売系サブシステム,00002,会計系販売系組織体系,2025/11/1,3 ,本　部,ZZ,【不】E2廃止組織,2 ,6460,2024/3/1,9999/12/31,【使用不可】大分居宅支援事業部,【不】大分居宅支援,ｵｵｲﾀｷｮﾀｸｼｴﾝｼﾞｷﾞｮｳﾌﾞ,,,,その他,,,,,,,,既存,,,,,,,,,001052035000000000000000000000,計上部門
株式会社やさしい手,会計系販売系サブシステム,00002,会計系販売系組織体系,2025/11/1,3 ,本　部,ZZ,【不】E2廃止組織,2 ,7020,2024/3/1,9999/12/31,【使用不可】世田谷東支部訪問介護事業部,【不】世田谷東訪介,ｾﾀｶﾞﾔｼﾌﾞﾎｳﾓﾝｶｲｺﾞｼﾞｷﾞｮｳ,,,,その他,,,,,,,,既存,,,,,,,,,001052036000000000000000000000,計上部門
株式会社やさしい手,会計系販売系サブシステム,00002,会計系販売系組織体系,2025/11/1,3 ,本　部,ZZ,【不】E2廃止組織,2 ,7030,2024/3/1,9999/12/31,【使用不可】世田谷東支部訪問定巡事業部,【不】世田谷東訪定,ｾﾀｶﾞﾔﾋｶﾞｼｼﾌﾞﾎｳﾓﾝﾃｲｼﾞｭﾝ,,,,その他,,,,,,,,既存,,,,,,,,,001052037000000000000000000000,計上部門
株式会社やさしい手,会計系販売系サブシステム,00002,会計系販売系組織体系,2025/11/1,3 ,本　部,ZZ,【不】E2廃止組織,2 ,7040,2024/3/1,9999/12/31,【使用不可】世田谷東支部訪問高住事業部,【不】世田谷東訪高,ｾﾀｶﾞﾔﾋｶﾞｼｼﾌﾞﾎｳﾓﾝｺｳｼﾞｭｳ,,,,その他,,,,,,,,既存,,,,,,,,,001052038000000000000000000000,計上部門
株式会社やさしい手,会計系販売系サブシステム,00002,会計系販売系組織体系,2025/11/1,3 ,本　部,ZZ,【不】E2廃止組織,2 ,7120,2024/4/1,9999/12/31,【使用不可】世田谷西支部訪問介護事業部,【不】世田谷西訪介,ｾﾀｶﾞﾔﾆｼﾎｳﾓﾝｶｲｺﾞｼﾞｷﾞｮｳ,,,,その他,,,,,,,,既存,,,,,,,,,001052039000000000000000000000,計上部門
株式会社やさしい手,会計系販売系サブシステム,00002,会計系販売系組織体系,2025/11/1,3 ,本　部,ZZ,【不】E2廃止組織,2 ,7140,2024/3/1,9999/12/31,【使用不可】世田谷西支部居宅支援事業部,【不】世田谷西居支,ｾﾀｶﾞﾔﾆｼｷｮﾀｸｼｴﾝｼﾞｷﾞｮｳ,,,,その他,,,,,,,,既存,,,,,,,,,001052040000000000000000000000,計上部門
株式会社やさしい手,会計系販売系サブシステム,00002,会計系販売系組織体系,2025/11/1,3 ,本　部,ZZ,【不】E2廃止組織,2 ,7530,2024/3/1,9999/12/31,【使用不可】武蔵野支部訪問定巡事業部,【不】武蔵野訪問定巡,ﾑｻｼﾉﾎｳﾓﾝﾃｲｼﾞｭﾝｼﾞｷﾞｮｳﾌﾞ,,,,その他,,,,,,,,既存,,,,,,,,,001052041000000000000000000000,計上部門
株式会社やさしい手,会計系販売系サブシステム,00002,会計系販売系組織体系,2025/11/1,3 ,本　部,ZZ,【不】E2廃止組織,2 ,7540,2024/3/1,9999/12/31,【使用不可】武蔵野支部訪問高住事業部,【不】武蔵野訪問高住,ﾑｻｼﾉｼﾌﾞﾎｳﾓﾝｺｳｼﾞｭｼﾞｷﾞｮｳﾌﾞ,,,,その他,,,,,,,,既存,,,,,,,,,001052042000000000000000000000,計上部門
株式会社やさしい手,会計系販売系サブシステム,00002,会計系販売系組織体系,2025/11/1,3 ,本　部,ZZ,【不】E2廃止組織,2 ,8520,2024/3/1,9999/12/31,【使用不可】埼玉南支部訪問介護事業部,【不】埼玉南訪問介護,ｻｲﾀﾏﾐﾅﾐｼﾌﾞﾎｳﾓﾝｶｲｺﾞｼﾞｷﾞｮｳﾌﾞ,,,,その他,,,,,,,,既存,,,,,,,,,001052043000000000000000000000,計上部門
株式会社やさしい手,会計系販売系サブシステム,00002,会計系販売系組織体系,2025/11/1,3 ,本　部,ZZ,【不】E2廃止組織,2 ,8530,2024/3/1,9999/12/31,【使用不可】埼玉南支部訪問定巡事業部,【不】埼玉南訪問定巡,ｻｲﾀﾏﾐﾅﾐｼﾌﾞﾎｳﾓﾝﾃｲｼﾞｭﾝｼﾞｷﾞｮｳﾌﾞ,,,,その他,,,,,,,,既存,,,,,,,,,001052044000000000000000000000,計上部門
株式会社やさしい手,会計系販売系サブシステム,00002,会計系販売系組織体系,2025/11/1,3 ,本　部,ZZ,【不】E2廃止組織,2 ,ZZZZ,2024/3/1,9999/12/31,【使用不可】E2廃止組織,【不】E2廃止組織,ｲｰﾂｰﾊｲｼｿｼｷ,,,,その他,,,,,,,,既存,,,,,,,,,001052045000000000000000000000,部門
株式会社やさしい手,会計系販売系サブシステム,00002,会計系販売系組織体系,2025/11/1,4 ,部,ZZZZ,【不】E2廃止組織,3 ,021030,2024/3/1,9999/12/31,【使用不可】財務コスト,【不】財務コスト,ｻﾞｲﾑｺｽﾄ,,,,その他,,,,,,,,既存,,,,,,,,,001052045001000000000000000000,計上部門
株式会社やさしい手,会計系販売系サブシステム,00002,会計系販売系組織体系,2025/11/1,4 ,部,ZZZZ,【不】E2廃止組織,3 ,075110,2024/3/1,9999/12/31,【使用不可】全社営業推進課3,【不】全社営業推進課,ｾﾞﾝｼｬｴｲｷﾞｮｳｽｲｼﾝｶｻﾝ,,,,間接部門,,,,,,,,既存,,,,,,,,,001052045002000000000000000000,計上部門
株式会社やさしい手,会計系販売系サブシステム,00002,会計系販売系組織体系,2025/11/1,4 ,部,ZZZZ,【不】E2廃止組織,3 ,200510,2024/3/1,9999/12/31,【使用不可】教育研修課,【不】教育研修課,ｷｮｳｲｸｹﾝｼｭｳｶ,,,,その他,,,,,,,,既存,,,,,,,,,001052045003000000000000000000,計上部門
株式会社やさしい手,会計系販売系サブシステム,00002,会計系販売系組織体系,2025/11/1,4 ,部,ZZZZ,【不】E2廃止組織,3 ,405020,2024/3/1,9999/12/31,【使用不可】ﾃﾞｲ長野,【不】ﾃﾞｲ長野,ﾃﾞｲﾅｶﾞﾉ,,,,その他,,,,,,,,既存,,,,,,,,,001052045004000000000000000000,計上部門
株式会社やさしい手,会計系販売系サブシステム,00002,会計系販売系組織体系,2025/11/1,4 ,部,ZZZZ,【不】E2廃止組織,3 ,ZZZZZZ,2024/3/1,9999/12/31,【使用不可】E2廃止組織,【不】E2廃止組織,ｲｰﾂｰﾊｲｼｿｼｷ,,,,その他,,,,,,,,既存,,,,,,,,,001052045005000000000000000000,部門
株式会社やさしい手,会計系販売系サブシステム,00002,会計系販売系組織体系,2025/11/1,5 ,課,ZZZZZZ,【不】E2廃止組織,4 ,ZZZZZZZZ,2024/3/1,9999/12/31,【使用不可】E2廃止組織,【不】E2廃止組織,ｲｰﾂｰﾊｲｼｿｼｷ,,,,その他,,,,,,,,既存,,,,,,,,,001052045005001000000000000000,計上部門
